t,001_TEMPERATURE( 0.0000_ 0.0000_ 0.0000),002_YI( 0.0000_ 0.0000_ 0.0000),003_YI( 0.0000_ 0.0000_ 0.0000),004_REACTION_RATE_K( 0.0000_ 0.0000_ 0.0000),005_THERMAL_CONDUCTIVITY_Z( 0.0000_ 0.0000_ 0.0000),006_SPECIFIC_HEAT_CAPACITY( 0.0000_ 0.0000_ 0.0000),007_SOLID_DENSITY( 0.0000_ 0.0000_ 0.0000),008_BULK_DENSITY( 0.0000_ 0.0000_ 0.0000),009_SOLID_DENSITY( 0.0000_ 0.0000_ 0.0000),010_XI( 0.0000_ 0.0000_ 0.0000),011_XI( 0.0000_ 0.0000_ 0.0000),
         0.0000,     9726.8500000,        1.0000000,        0.0000000,        0.0000000,        1.0000000,     1200.0000000,     2000.0000000,     1000.0000000,     2000.0000000,        1.0000000,        0.0000000,
        10.0500,     9726.8499970,        0.9899500,        0.0100500,        0.9933446,        0.9916807,     1207.0350003,     1970.2977608,      993.3445910,     1970.2977608,        0.9833615,        0.0166385,
        20.1000,     9726.8499939,        0.9799000,        0.0201000,        0.9867772,        0.9834715,     1214.0700006,     1941.4648343,      986.7771853,     1941.4648343,        0.9669430,        0.0330570,
        30.1500,     9726.8499908,        0.9698500,        0.0301500,        0.9802960,        0.9753701,     1221.1050008,     1913.4636070,      980.2960487,     1913.4636070,        0.9507401,        0.0492599,
        40.2000,     9726.8499877,        0.9598000,        0.0402000,        0.9738995,        0.9673744,     1228.1400011,     1886.2586044,      973.8994927,     1886.2586044,        0.9347487,        0.0652513,
        50.2500,     9726.8499845,        0.9497500,        0.0502500,        0.9675858,        0.9594823,     1235.1750014,     1859.8163411,      967.5858721,     1859.8163411,        0.9189647,        0.0810353,
        60.3000,     9726.8499813,        0.9397000,        0.0603000,        0.9613536,        0.9516920,     1242.2100017,     1834.1051835,      961.3535845,     1834.1051835,        0.9033840,        0.0966160,
        70.3500,     9726.8499780,        0.9296500,        0.0703500,        0.9552010,        0.9440013,     1249.2450020,     1809.0952235,      955.2010683,     1809.0952235,        0.8880027,        0.1119973,
        80.4000,     9726.8499747,        0.9196000,        0.0804000,        0.9491268,        0.9364085,     1256.2800024,     1784.7581621,      949.1268016,     1784.7581621,        0.8728170,        0.1271830,
        90.4500,     9726.8499713,        0.9095500,        0.0904500,        0.9431293,        0.9289116,     1263.3150027,     1761.0672033,      943.1293010,     1761.0672033,        0.8578233,        0.1421767,
       100.5000,     9726.8499679,        0.8995000,        0.1005000,        0.9372071,        0.9215089,     1270.3500030,     1737.9969547,      937.2071206,     1737.9969547,        0.8430178,        0.1569822,
       110.5500,     9726.8499644,        0.8894500,        0.1105500,        0.9313588,        0.9141986,     1277.3850034,     1715.5233377,      931.3588501,     1715.5233377,        0.8283971,        0.1716029,
       120.6000,     9726.8499609,        0.8794000,        0.1206000,        0.9255831,        0.9069789,     1284.4200037,     1693.6235031,      925.5831147,     1693.6235031,        0.8139578,        0.1860422,
       130.6500,     9726.8499573,        0.8693500,        0.1306500,        0.9198786,        0.8998482,     1291.4550041,     1672.2757535,      919.8785732,     1672.2757535,        0.7996964,        0.2003036,
       140.7000,     9726.8499537,        0.8593000,        0.1407000,        0.9142439,        0.8928049,     1298.4900044,     1651.4594723,      914.2439172,     1651.4594723,        0.7856098,        0.2143902,
       150.7500,     9726.8499500,        0.8492500,        0.1507500,        0.9086778,        0.8858473,     1305.5250048,     1631.1550564,      908.6778704,     1631.1550564,        0.7716947,        0.2283053,
       160.8000,     9726.8499463,        0.8392000,        0.1608000,        0.9031792,        0.8789740,     1312.5600052,     1611.3438552,      903.1791872,     1611.3438552,        0.7579480,        0.2420520,
       170.8500,     9726.8499425,        0.8291500,        0.1708500,        0.8977466,        0.8721833,     1319.5950056,     1592.0081134,      897.7466522,     1592.0081134,        0.7443666,        0.2556334,
       180.9000,     9726.8499386,        0.8191000,        0.1809000,        0.8923791,        0.8654739,     1326.6300060,     1573.1309177,      892.3790787,     1573.1309177,        0.7309477,        0.2690523,
       190.9500,     9726.8499347,        0.8090500,        0.1909500,        0.8870753,        0.8588441,     1333.6650064,     1554.6961477,      887.0753085,     1554.6961477,        0.7176883,        0.2823117,
       201.0000,     9726.8499307,        0.7990000,        0.2010000,        0.8818342,        0.8522928,     1340.7000068,     1536.6884297,      881.8342108,     1536.6884297,        0.7045855,        0.2954145,
       211.0500,     9726.8499267,        0.7889500,        0.2110500,        0.8766547,        0.8458184,     1347.7350072,     1519.0930945,      876.6546811,     1519.0930945,        0.6916367,        0.3083633,
       221.1000,     9726.8499225,        0.7789000,        0.2211000,        0.8715356,        0.8394196,     1354.7700077,     1501.8961367,      871.5356410,     1501.8961367,        0.6788391,        0.3211609,
       231.1500,     9726.8499183,        0.7688500,        0.2311500,        0.8664760,        0.8330951,     1361.8050081,     1485.0841783,      866.4760369,     1485.0841783,        0.6661901,        0.3338099,
       241.2000,     9726.8499140,        0.7588000,        0.2412000,        0.8614748,        0.8268436,     1368.8400086,     1468.6444335,      861.4748396,     1468.6444335,        0.6536871,        0.3463129,
       251.2500,     9726.8499097,        0.7487500,        0.2512500,        0.8565310,        0.8206638,     1375.8750091,     1452.5646766,      856.5310437,     1452.5646766,        0.6413276,        0.3586724,
       261.3000,     9726.8499052,        0.7387000,        0.2613000,        0.8516436,        0.8145546,     1382.9100095,     1436.8332114,      851.6436665,     1436.8332114,        0.6291092,        0.3708908,
       271.3500,     9726.8499007,        0.7286500,        0.2713500,        0.8468117,        0.8085147,     1389.9450101,     1421.4388430,      846.8117477,     1421.4388430,        0.6170294,        0.3829706,
       281.4000,     9726.8498960,        0.7186000,        0.2814000,        0.8420343,        0.8025429,     1396.9800106,     1406.3708513,      842.0343488,     1406.3708513,        0.6050859,        0.3949141,
       291.4500,     9726.8498913,        0.7085500,        0.2914500,        0.8373105,        0.7966382,     1404.0150111,     1391.6189658,      837.3105520,     1391.6189658,        0.5932764,        0.4067236,
       301.5000,     9726.8498865,        0.6985000,        0.3015000,        0.8326394,        0.7907993,     1411.0500117,     1377.1733425,      832.6394604,     1377.1733425,        0.5815987,        0.4184013,
       311.5500,     9726.8498816,        0.6884500,        0.3115500,        0.8280202,        0.7850253,     1418.0850122,     1363.0245420,      828.0201967,     1363.0245420,        0.5700505,        0.4299495,
       321.6000,     9726.8498766,        0.6784000,        0.3216000,        0.8234519,        0.7793149,     1425.1200128,     1349.1635089,      823.4519032,     1349.1635089,        0.5586298,        0.4413702,
       331.6500,     9726.8498714,        0.6683500,        0.3316500,        0.8189337,        0.7736672,     1432.1550134,     1335.5815523,      818.9337408,     1335.5815523,        0.5473344,        0.4526656,
       341.7000,     9726.8498662,        0.6583000,        0.3417000,        0.8144649,        0.7680811,     1439.1900140,     1322.2703280,      814.4648888,     1322.2703280,        0.5361622,        0.4638378,
       351.7500,     9726.8498608,        0.6482500,        0.3517500,        0.8100445,        0.7625557,     1446.2250146,     1309.2218208,      810.0445444,     1309.2218208,        0.5251114,        0.4748886,
       361.8000,     9726.8498553,        0.6382000,        0.3618000,        0.8056719,        0.7570899,     1453.2600153,     1296.4283292,      805.6719221,     1296.4283292,        0.5141798,        0.4858202,
       371.8500,     9726.8498497,        0.6281500,        0.3718500,        0.8013462,        0.7516828,     1460.2950160,     1283.8824496,      801.3462532,     1283.8824496,        0.5033657,        0.4966343,
       381.9000,     9726.8498439,        0.6181000,        0.3819000,        0.7970668,        0.7463335,     1467.3300167,     1271.5770622,      797.0667854,     1271.5770622,        0.4926670,        0.5073330,
       391.9500,     9726.8498380,        0.6080500,        0.3919500,        0.7928328,        0.7410410,     1474.3650174,     1259.5053178,      792.8327825,     1259.5053178,        0.4820820,        0.5179180,
       402.0000,     9726.8498319,        0.5980000,        0.4020000,        0.7886435,        0.7358044,     1481.4000181,     1247.6606245,      788.6435237,     1247.6606245,        0.4716088,        0.5283912,
       412.0500,     9726.8498257,        0.5879500,        0.4120500,        0.7844983,        0.7306229,     1488.4350189,     1236.0366364,      784.4983036,     1236.0366364,        0.4612458,        0.5387542,
       422.1000,     9726.8498193,        0.5779000,        0.4221000,        0.7803964,        0.7254956,     1495.4700197,     1224.6272418,      780.3964314,     1224.6272418,        0.4509911,        0.5490089,
       432.1500,     9726.8498128,        0.5678500,        0.4321500,        0.7763372,        0.7204216,     1502.5050205,     1213.4265523,      776.3372306,     1213.4265523,        0.4408431,        0.5591569,
       442.2000,     9726.8498061,        0.5578000,        0.4422000,        0.7723200,        0.7154001,     1509.5400214,     1202.4288935,      772.3200388,     1202.4288935,        0.4308001,        0.5691999,
       452.2500,     9726.8497991,        0.5477500,        0.4522500,        0.7683442,        0.7104303,     1516.5750223,     1191.6287944,      768.3442072,     1191.6287944,        0.4208606,        0.5791394,
       462.3000,     9726.8497920,        0.5377000,        0.4623000,        0.7644091,        0.7055114,     1523.6100232,     1181.0209792,      764.4091005,     1181.0209792,        0.4110228,        0.5889772,
       472.3500,     9726.8497846,        0.5276500,        0.4723500,        0.7605141,        0.7006426,     1530.6450242,     1170.6003579,      760.5140959,     1170.6003579,        0.4012853,        0.5987147,
       482.4000,     9726.8497771,        0.5176000,        0.4824000,        0.7566586,        0.6958232,     1537.6800252,     1160.3620188,      756.6585836,     1160.3620188,        0.3916465,        0.6083535,
       492.4500,     9726.8497692,        0.5075500,        0.4924500,        0.7528419,        0.6910525,     1544.7150262,     1150.3012207,      752.8419661,     1150.3012207,        0.3821050,        0.6178950,
       502.5000,     9726.8497612,        0.4975000,        0.5025000,        0.7490636,        0.6863296,     1551.7500273,     1140.4133851,      749.0636577,     1140.4133851,        0.3726592,        0.6273408,
       512.5500,     9726.8497528,        0.4874500,        0.5125500,        0.7453231,        0.6816539,     1558.7850284,     1130.6940897,      745.3230844,     1130.6940897,        0.3633078,        0.6366922,
       522.6000,     9726.8497442,        0.4774000,        0.5226000,        0.7416197,        0.6770246,     1565.8200295,     1121.1390618,      741.6196839,     1121.1390618,        0.3540493,        0.6459507,
       532.6500,     9726.8497353,        0.4673500,        0.5326500,        0.7379529,        0.6724412,     1572.8550308,     1111.7441718,      737.9529046,     1111.7441718,        0.3448823,        0.6551177,
       542.7000,     9726.8497261,        0.4573000,        0.5427000,        0.7343222,        0.6679028,     1579.8900320,     1102.5054274,      734.3222062,     1102.5054274,        0.3358056,        0.6641944,
       552.7500,     9726.8497165,        0.4472500,        0.5527500,        0.7307270,        0.6634088,     1586.9250334,     1093.4189679,      730.7270586,     1093.4189679,        0.3268177,        0.6731823,
       562.8000,     9726.8497065,        0.4372000,        0.5628000,        0.7271669,        0.6589587,     1593.9600347,     1084.4810588,      727.1669422,     1084.4810588,        0.3179174,        0.6820826,
       572.8500,     9726.8496962,        0.4271500,        0.5728500,        0.7236413,        0.6545517,     1600.9950362,     1075.6880868,      723.6413475,     1075.6880868,        0.3091034,        0.6908966,
       582.9000,     9726.8496855,        0.4171000,        0.5829000,        0.7201497,        0.6501872,     1608.0300377,     1067.0365548,      720.1497749,     1067.0365548,        0.3003745,        0.6996255,
       592.9500,     9726.8496743,        0.4070500,        0.5929500,        0.7166917,        0.6458647,     1615.0650393,     1058.5230773,      716.6917341,     1058.5230773,        0.2917294,        0.7082706,
       603.0000,     9726.8496626,        0.3970000,        0.6030000,        0.7132667,        0.6415835,     1622.1000410,     1050.1443760,      713.2667444,     1050.1443760,        0.2831669,        0.7168331,
       613.0500,     9726.8496504,        0.3869500,        0.6130500,        0.7098743,        0.6373429,     1629.1350428,     1041.8972756,      709.8743343,     1041.8972756,        0.2746859,        0.7253141,
       623.1000,     9726.8496377,        0.3769000,        0.6231000,        0.7065140,        0.6331426,     1636.1700446,     1033.7786998,      706.5140411,     1033.7786998,        0.2662852,        0.7337148,
       633.1500,     9726.8496244,        0.3668500,        0.6331500,        0.7031854,        0.6289818,     1643.2050466,     1025.7856673,      703.1854108,     1025.7856673,        0.2579636,        0.7420364,
       643.2000,     9726.8496104,        0.3568000,        0.6432000,        0.6998880,        0.6248600,     1650.2400486,     1017.9152884,      699.8879981,     1017.9152884,        0.2497201,        0.7502799,
       653.2500,     9726.8495958,        0.3467500,        0.6532500,        0.6966213,        0.6207767,     1657.2750508,     1010.1647615,      696.6213657,     1010.1647615,        0.2415535,        0.7584465,
       663.3000,     9726.8495803,        0.3367000,        0.6633000,        0.6933851,        0.6167314,     1664.3100532,     1002.5313695,      693.3850848,     1002.5313695,        0.2334628,        0.7665372,
       673.3500,     9726.8495641,        0.3266500,        0.6733500,        0.6901787,        0.6127235,     1671.3450556,      995.0124769,      690.1787342,      995.0124769,        0.2254469,        0.7745531,
       683.4000,     9726.8495470,        0.3166000,        0.6834000,        0.6870019,        0.6087524,     1678.3800582,      987.6055267,      687.0019007,      987.6055267,        0.2175048,        0.7824952,
       693.4500,     9726.8495288,        0.3065501,        0.6934500,        0.6838541,        0.6048178,     1685.4150610,      980.3080374,      683.8541785,      980.3080374,        0.2096355,        0.7903645,
       703.5000,     9726.8495096,        0.2965001,        0.7035000,        0.6807351,        0.6009190,     1692.4500640,      973.1176003,      680.7351693,      973.1176003,        0.2018380,        0.7981620,
       713.5500,     9726.8494892,        0.2864501,        0.7135500,        0.6776444,        0.5970556,     1699.4850672,      966.0318771,      677.6444820,      966.0318771,        0.1941113,        0.8058887,
       723.6000,     9726.8494675,        0.2764001,        0.7236000,        0.6745817,        0.5932272,     1706.5200706,      959.0485967,      674.5817325,      959.0485967,        0.1864544,        0.8135456,
       733.6500,     9726.8494443,        0.2663501,        0.7336500,        0.6715465,        0.5894332,     1713.5550743,      952.1655535,      671.5465438,      952.1655535,        0.1788665,        0.8211335,
       743.7000,     9726.8494195,        0.2563001,        0.7437000,        0.6685385,        0.5856732,     1720.5900783,      945.3806047,      668.5385455,      945.3806047,        0.1713465,        0.8286535,
       753.7500,     9726.8493929,        0.2462501,        0.7537500,        0.6655573,        0.5819468,     1727.6250826,      938.6916681,      665.5573738,      938.6916681,        0.1638935,        0.8361065,
       763.8000,     9726.8493642,        0.2362001,        0.7638000,        0.6626026,        0.5782534,     1734.6600872,      932.0967201,      662.6026715,      932.0967201,        0.1565068,        0.8434932,
       773.8500,     9726.8493332,        0.2261501,        0.7738500,        0.6596740,        0.5745927,     1741.6950923,      925.5937933,      659.6740875,      925.5937933,        0.1491853,        0.8508147,
       783.9000,     9726.8492996,        0.2161001,        0.7839000,        0.6567712,        0.5709642,     1748.7300979,      919.1809753,      656.7712771,      919.1809753,        0.1419283,        0.8580717,
       793.9500,     9726.8492630,        0.2060501,        0.7939500,        0.6538939,        0.5673674,     1755.7651039,      912.8564058,      653.8939014,      912.8564058,        0.1347349,        0.8652651,
       804.0000,     9726.8492229,        0.1960001,        0.8040000,        0.6510416,        0.5638021,     1762.8001107,      906.6182758,      651.0416276,      906.6182758,        0.1276042,        0.8723958,
       814.0500,     9726.8491788,        0.1859501,        0.8140500,        0.6482141,        0.5602677,     1769.8351181,      900.4648251,      648.2141286,      900.4648251,        0.1205355,        0.8794645,
       824.1000,     9726.8491301,        0.1759001,        0.8241000,        0.6454110,        0.5567639,     1776.8701264,      894.3943411,      645.4110830,      894.3943411,        0.1135279,        0.8864721,
       834.1500,     9726.8490758,        0.1658501,        0.8341500,        0.6426321,        0.5532903,     1783.9051357,      888.4051570,      642.6321749,      888.4051570,        0.1065806,        0.8934194,
       844.2000,     9726.8490151,        0.1558001,        0.8442000,        0.6398770,        0.5498465,     1790.9401461,      882.4956504,      639.8770937,      882.4956504,        0.0996929,        0.9003071,
       854.2500,     9726.8489464,        0.1457501,        0.8542500,        0.6371455,        0.5464320,     1797.9751581,      876.6642418,      637.1455343,      876.6642418,        0.0928640,        0.9071360,
       864.3000,     9726.8488682,        0.1357001,        0.8643000,        0.6344371,        0.5430466,     1805.0101718,      870.9093929,      634.4371965,      870.9093929,        0.0860932,        0.9139068,
       874.3500,     9726.8487782,        0.1256502,        0.8743500,        0.6317517,        0.5396899,     1812.0451876,      865.2296059,      631.7517855,      865.2296059,        0.0793797,        0.9206203,
       884.4000,     9726.8486733,        0.1156002,        0.8844000,        0.6290889,        0.5363614,     1819.0802063,      859.6234214,      629.0890110,      859.6234214,        0.0727228,        0.9272772,
       894.4500,     9726.8485493,        0.1055502,        0.8944500,        0.6264485,        0.5330609,     1826.1152284,      854.0894178,      626.4485878,      854.0894178,        0.0661218,        0.9338782,
       904.5000,     9726.8484005,        0.0955002,        0.9045000,        0.6238301,        0.5297880,     1833.1502553,      848.6262096,      623.8302354,      848.6262096,        0.0595759,        0.9404241,
       914.5500,     9726.8482180,        0.0854502,        0.9145500,        0.6212336,        0.5265423,     1840.1852884,      843.2324465,      621.2336775,      843.2324465,        0.0530846,        0.9469154,
       924.6000,     9726.8479886,        0.0754003,        0.9246000,        0.6186585,        0.5233235,     1847.2203304,      837.9068119,      618.6586425,      837.9068119,        0.0466470,        0.9533530,
       934.6500,     9726.8476911,        0.0653503,        0.9346500,        0.6161047,        0.5201313,     1854.2553852,      832.6480220,      616.1048624,      832.6480220,        0.0402627,        0.9597373,
       944.7000,     9726.8472887,        0.0553004,        0.9447000,        0.6135719,        0.5169654,     1861.2904599,      827.4548242,      613.5720732,      827.4548242,        0.0339308,        0.9660692,
       954.7500,     9726.8467123,        0.0452505,        0.9547500,        0.6110598,        0.5138254,     1868.3255677,      822.3259952,      611.0600128,      822.3259952,        0.0276508,        0.9723492,
       964.8000,     9726.8458149,        0.0352006,        0.9648000,        0.6085682,        0.5107110,     1875.3607368,      817.2603376,      608.5684192,      817.2603376,        0.0214220,        0.9785780,
       974.8500,     9726.8442164,        0.0251509,        0.9748500,        0.6060967,        0.5076219,     1882.3960402,      812.2566715,      606.0970208,      812.2566715,        0.0152439,        0.9847561,
       984.9000,     9726.8405388,        0.0151015,        0.9849000,        0.6036450,        0.5045580,     1889.4317433,      807.3137938,      603.6454926,      807.3137938,        0.0091159,        0.9908841,
       994.9500,     9726.8400005,        0.0050515,        0.9949500,        0.6012139,        0.5015185,     1896.4668453,      802.4308720,      601.2138974,      802.4308720,        0.0030371,        0.9969629,
      1005.0000,     9696.0296360,        0.0000000,        1.0050000,        0.5970149,        0.5000000,     1909.5000000,      796.0199005,      597.0149254,      796.0199005,        0.0000000,        1.0000000,
      1015.0500,     9634.8321381,        0.0000000,        1.0150500,        0.5911039,        0.5000000,     1928.5950000,      788.1385153,      591.1038865,      788.1385153,        0.0000000,        1.0000000,
      1025.1000,     9574.6152690,        0.0000000,        1.0251000,        0.5853088,        0.5000000,     1947.6900000,      780.4116672,      585.3087504,      780.4116672,        0.0000000,        1.0000000,
      1035.1500,     9515.3539305,        0.0000000,        1.0351500,        0.5796261,        0.5000000,     1966.7850000,      772.8348549,      579.6261411,      772.8348549,        0.0000000,        1.0000000,
      1045.2000,     9457.0239025,        0.0000000,        1.0452000,        0.5740528,        0.5000000,     1985.8800000,      765.4037505,      574.0528129,      765.4037505,        0.0000000,        1.0000000,
      1055.2500,     9399.6018039,        0.0000000,        1.0552500,        0.5685856,        0.5000000,     2004.9750000,      758.1141910,      568.5856432,      758.1141910,        0.0000000,        1.0000000,
      1065.3000,     9343.0650561,        0.0000000,        1.0653000,        0.5632216,        0.5000000,     2024.0700000,      750.9621703,      563.2216277,      750.9621703,        0.0000000,        1.0000000,
      1075.3500,     9287.3918481,        0.0000000,        1.0753500,        0.5579579,        0.5000000,     2043.1650000,      743.9438322,      557.9578742,      743.9438322,        0.0000000,        1.0000000,
      1085.4000,     9232.5611034,        0.0000000,        1.0854000,        0.5527916,        0.5000000,     2062.2600000,      737.0554634,      552.7915976,      737.0554634,        0.0000000,        1.0000000,
      1095.4500,     9178.5524490,        0.0000000,        1.0954500,        0.5477201,        0.5000000,     2081.3550000,      730.2934867,      547.7201150,      730.2934867,        0.0000000,        1.0000000,
      1105.5000,     9125.3461856,        0.0000000,        1.1055000,        0.5427408,        0.5000000,     2100.4500000,      723.6544550,      542.7408412,      723.6544550,        0.0000000,        1.0000000,
      1115.5500,     9072.9232594,        0.0000000,        1.1155500,        0.5378513,        0.5000000,     2119.5450000,      717.1350455,      537.8512841,      717.1350455,        0.0000000,        1.0000000,
      1125.6000,     9021.2652353,        0.0000000,        1.1256000,        0.5330490,        0.5000000,     2138.6400000,      710.7320540,      533.0490405,      710.7320540,        0.0000000,        1.0000000,
      1135.6500,     8970.3542718,        0.0000000,        1.1356500,        0.5283318,        0.5000000,     2157.7350000,      704.4423898,      528.3317924,      704.4423898,        0.0000000,        1.0000000,
      1145.7000,     8920.1730966,        0.0000000,        1.1457000,        0.5236973,        0.5000000,     2176.8300000,      698.2630706,      523.6973030,      698.2630706,        0.0000000,        1.0000000,
      1155.7500,     8870.7049837,        0.0000000,        1.1557500,        0.5191434,        0.5000000,     2195.9250000,      692.1912178,      519.1434134,      692.1912178,        0.0000000,        1.0000000,
      1165.8000,     8821.9337314,        0.0000000,        1.1658000,        0.5146680,        0.5000000,     2215.0200000,      686.2240522,      514.6680391,      686.2240522,        0.0000000,        1.0000000,
      1175.8500,     8773.8436419,        0.0000000,        1.1758500,        0.5102692,        0.5000000,     2234.1150000,      680.3588893,      510.2691670,      680.3588893,        0.0000000,        1.0000000,
      1185.9000,     8726.4195011,        0.0000000,        1.1859000,        0.5059449,        0.5000000,     2253.2100000,      674.5931360,      505.9448520,      674.5931360,        0.0000000,        1.0000000,
      1195.9500,     8679.6465598,        0.0000000,        1.1959500,        0.5016932,        0.5000000,     2272.3050000,      668.9242861,      501.6932146,      668.9242861,        0.0000000,        1.0000000,
      1206.0000,     8633.5105162,        0.0000000,        1.2060000,        0.4975124,        0.5000000,     2291.4000000,      663.3499171,      497.5124378,      663.3499171,        0.0000000,        1.0000000,
      1216.0500,     8587.9974979,        0.0000000,        1.2160500,        0.4934008,        0.5000000,     2310.4950000,      657.8676864,      493.4007648,      657.8676864,        0.0000000,        1.0000000,
      1226.1000,     8543.0940464,        0.0000000,        1.2261000,        0.4893565,        0.5000000,     2329.5900000,      652.4753283,      489.3564962,      652.4753283,        0.0000000,        1.0000000,
      1236.1500,     8498.7871010,        0.0000000,        1.2361500,        0.4853780,        0.5000000,     2348.6850000,      647.1706508,      485.3779881,      647.1706508,        0.0000000,        1.0000000,
      1246.2000,     8455.0639840,        0.0000000,        1.2462000,        0.4814636,        0.5000000,     2367.7800000,      641.9515327,      481.4636495,      641.9515327,        0.0000000,        1.0000000,
      1256.2500,     8411.9123868,        0.0000000,        1.2562500,        0.4776119,        0.5000000,     2386.8750000,      636.8159204,      477.6119403,      636.8159204,        0.0000000,        1.0000000,
      1266.3000,     8369.3203558,        0.0000000,        1.2663000,        0.4738214,        0.5000000,     2405.9700000,      631.7618258,      473.8213693,      631.7618258,        0.0000000,        1.0000000,
      1276.3500,     8327.2762798,        0.0000000,        1.2763500,        0.4700905,        0.5000000,     2425.0650000,      626.7873232,      470.0904924,      626.7873232,        0.0000000,        1.0000000,
      1286.4000,     8285.7688775,        0.0000000,        1.2864000,        0.4664179,        0.5000000,     2444.1600000,      621.8905473,      466.4179104,      621.8905473,        0.0000000,        1.0000000,
      1296.4500,     8244.7871856,        0.0000000,        1.2964500,        0.4628023,        0.5000000,     2463.2550000,      617.0696903,      462.8022677,      617.0696903,        0.0000000,        1.0000000,
      1306.5000,     8204.3205476,        0.0000000,        1.3065000,        0.4592423,        0.5000000,     2482.3500000,      612.3230004,      459.2422503,      612.3230004,        0.0000000,        1.0000000,
      1316.5500,     8164.3586026,        0.0000000,        1.3165500,        0.4557366,        0.5000000,     2501.4450000,      607.6487790,      455.7365843,      607.6487790,        0.0000000,        1.0000000,
      1326.6000,     8124.8912753,        0.0000000,        1.3266000,        0.4522840,        0.5000000,     2520.5400000,      603.0453792,      452.2840344,      603.0453792,        0.0000000,        1.0000000,
      1336.6500,     8085.9087659,        0.0000000,        1.3366500,        0.4488834,        0.5000000,     2539.6350000,      598.5112034,      448.8834025,      598.5112034,        0.0000000,        1.0000000,
      1346.7000,     8047.4015405,        0.0000000,        1.3467000,        0.4455335,        0.5000000,     2558.7300000,      594.0447019,      445.5335264,      594.0447019,        0.0000000,        1.0000000,
      1356.7500,     8009.3603219,        0.0000000,        1.3567500,        0.4422333,        0.5000000,     2577.8250000,      589.6443707,      442.2332781,      589.6443707,        0.0000000,        1.0000000,
      1366.8000,     7971.7760811,        0.0000000,        1.3668000,        0.4389816,        0.5000000,     2596.9200000,      585.3087504,      438.9815628,      585.3087504,        0.0000000,        1.0000000,
      1376.8500,     7934.6400288,        0.0000000,        1.3768500,        0.4357773,        0.5000000,     2616.0150000,      581.0364237,      435.7773178,      581.0364237,        0.0000000,        1.0000000,
      1386.9000,     7897.9436071,        0.0000000,        1.3869000,        0.4326195,        0.5000000,     2635.1100000,      576.8260149,      432.6195111,      576.8260149,        0.0000000,        1.0000000,
      1396.9500,     7861.6784820,        0.0000000,        1.3969500,        0.4295071,        0.5000000,     2654.2050000,      572.6761874,      429.5071406,      572.6761874,        0.0000000,        1.0000000,
      1407.0000,     7825.8365362,        0.0000000,        1.4070000,        0.4264392,        0.5000000,     2673.3000000,      568.5856432,      426.4392324,      568.5856432,        0.0000000,        1.0000000,
      1417.0500,     7790.4098616,        0.0000000,        1.4170500,        0.4234148,        0.5000000,     2692.3950000,      564.5531209,      423.4148407,      564.5531209,        0.0000000,        1.0000000,
      1427.1000,     7755.3907524,        0.0000000,        1.4271000,        0.4204330,        0.5000000,     2711.4900000,      560.5773947,      420.4330460,      560.5773947,        0.0000000,        1.0000000,
      1437.1500,     7720.7716990,        0.0000000,        1.4371500,        0.4174930,        0.5000000,     2730.5850000,      556.6572731,      417.4929548,      556.6572731,        0.0000000,        1.0000000,
      1447.2000,     7686.5453813,        0.0000000,        1.4472000,        0.4145937,        0.5000000,     2749.6800000,      552.7915976,      414.5936982,      552.7915976,        0.0000000,        1.0000000,
      1457.2500,     7652.7046629,        0.0000000,        1.4572500,        0.4117344,        0.5000000,     2768.7750000,      548.9792417,      411.7344313,      548.9792417,        0.0000000,        1.0000000,
      1467.3000,     7619.2425850,        0.0000000,        1.4673000,        0.4089143,        0.5000000,     2787.8700000,      545.2191099,      408.9143324,      545.2191099,        0.0000000,        1.0000000,
      1477.3500,     7586.1523608,        0.0000000,        1.4773500,        0.4061326,        0.5000000,     2806.9650000,      541.5101364,      406.1326023,      541.5101364,        0.0000000,        1.0000000,
      1487.4000,     7553.4273706,        0.0000000,        1.4874000,        0.4033885,        0.5000000,     2826.0600000,      537.8512841,      403.3884631,      537.8512841,        0.0000000,        1.0000000,
      1497.4500,     7521.0611559,        0.0000000,        1.4974500,        0.4006812,        0.5000000,     2845.1550000,      534.2415440,      400.6811580,      534.2415440,        0.0000000,        1.0000000,
