t,001_N_ITERATIONS( 0.0050_ 0.0000_ 0.0000),002_TEMPERATURE( 0.0000_ 0.0000_ 0.0000),003_TEMPERATURE( 0.0080_ 0.0000_ 0.0000),004_TEMPERATURE( 0.0160_ 0.0000_ 0.0000),005_TEMPERATURE( 0.0400_ 0.0000_ 0.0000),
         0.0000,    32758.0000000,       26.8500000,       26.8500000,       26.8500000,       26.8500000,
         1.0000,        1.0000000,       33.2260255,       26.8500000,       26.8500000,       26.8500000,
         2.0000,        1.0000000,       35.8778641,       26.8500000,       26.8500000,       26.8500000,
         3.0000,        1.0000000,       37.9112296,       26.8500000,       26.8500000,       26.8500000,
         4.0000,        1.0000000,       39.6249456,       26.8500003,       26.8500000,       26.8500000,
         5.0000,        1.0000000,       41.1345249,       26.8500059,       26.8500000,       26.8500000,
         6.0000,        1.0000000,       42.4991553,       26.8500503,       26.8500000,       26.8500000,
         7.0000,        1.0000000,       43.7539778,       26.8502406,       26.8500000,       26.8500000,
         8.0000,        1.0000000,       44.9218806,       26.8507993,       26.8500000,       26.8500000,
         9.0000,        1.0000000,       46.0187576,       26.8520729,       26.8500000,       26.8500000,
        10.0000,        1.0000000,       47.0561790,       26.8545091,       26.8500000,       26.8500000,
        11.0000,        1.0000000,       48.0428777,       26.8586160,       26.8500000,       26.8500000,
        12.0000,        1.0000000,       48.9856379,       26.8649199,       26.8500000,       26.8500000,
        13.0000,        1.0000000,       49.8898538,       26.8739300,       26.8500000,       26.8500000,
        14.0000,        1.0000000,       50.7598987,       26.8861136,       26.8500000,       26.8500000,
        15.0000,        1.0000000,       51.5993769,       26.9018808,       26.8500002,       26.8500000,
        16.0000,        1.0000000,       52.4112999,       26.9215779,       26.8500005,       26.8500000,
        17.0000,        1.0000000,       53.1982152,       26.9454854,       26.8500012,       26.8500000,
        18.0000,        1.0000000,       53.9623006,       26.9738214,       26.8500027,       26.8500000,
        19.0000,        1.0000000,       54.7054346,       27.0067458,       26.8500056,       26.8500000,
        20.0000,        1.0000000,       55.4292518,       27.0443665,       26.8500111,       26.8500000,
        21.0000,        1.0000000,       56.1351845,       27.0867462,       26.8500205,       26.8500000,
        22.0000,        1.0000000,       56.8244962,       27.1339083,       26.8500359,       26.8500000,
        23.0000,        1.0000000,       57.4983086,       27.1858431,       26.8500602,       26.8500000,
        24.0000,        1.0000000,       58.1576223,       27.2425135,       26.8500967,       26.8500000,
        25.0000,        1.0000000,       58.8033349,       27.3038596,       26.8501501,       26.8500000,
        26.0000,        1.0000000,       59.4362548,       27.3698032,       26.8502256,       26.8500000,
        27.0000,        1.0000000,       60.0571137,       27.4402515,       26.8503296,       26.8500000,
        28.0000,        1.0000000,       60.6665757,       27.5151004,       26.8504696,       26.8500000,
        29.0000,        1.0000000,       61.2652464,       27.5942371,       26.8506540,       26.8500000,
        30.0000,        1.0000000,       61.8536796,       27.6775426,       26.8508922,       26.8500000,
        31.0000,        1.0000000,       62.4323830,       27.7648933,       26.8511946,       26.8500000,
        32.0000,        1.0000000,       63.0018239,       27.8561630,       26.8515727,       26.8500000,
        33.0000,        1.0000000,       63.5624334,       27.9512239,       26.8520388,       26.8500000,
        34.0000,        1.0000000,       64.1146100,       28.0499481,       26.8526059,       26.8500000,
        35.0000,        1.0000000,       64.6587233,       28.1522081,       26.8532878,       26.8500000,
        36.0000,        1.0000000,       65.1951164,       28.2578775,       26.8540990,       26.8500000,
        37.0000,        1.0000000,       65.7241089,       28.3668321,       26.8550547,       26.8500000,
        38.0000,        1.0000000,       66.2459990,       28.4789498,       26.8561702,       26.8500000,
        39.0000,        1.0000000,       66.7610653,       28.5941112,       26.8574615,       26.8500000,
        40.0000,        1.0000000,       67.2695686,       28.7121998,       26.8589448,       26.8500000,
        41.0000,        1.0000000,       67.7717537,       28.8331022,       26.8606365,       26.8500000,
        42.0000,        1.0000000,       68.2678502,       28.9567083,       26.8625532,       26.8500000,
        43.0000,        1.0000000,       68.7580745,       29.0829114,       26.8647115,       26.8500000,
        44.0000,        1.0000000,       69.2426303,       29.2116081,       26.8671279,       26.8500000,
        45.0000,        1.0000000,       69.7217098,       29.3426985,       26.8698190,       26.8500000,
        46.0000,        1.0000000,       70.1954945,       29.4760860,       26.8728012,       26.8500000,
        47.0000,        1.0000000,       70.6641563,       29.6116774,       26.8760905,       26.8500000,
        48.0000,        1.0000000,       71.1278577,       29.7493831,       26.8797030,       26.8500000,
        49.0000,        1.0000000,       71.5867531,       29.8891163,       26.8836541,       26.8500000,
        50.0000,        1.0000000,       72.0409888,       30.0307937,       26.8879591,       26.8500000,
        51.0000,        1.0000000,       72.4907041,       30.1743351,       26.8926330,       26.8500000,
        52.0000,        1.0000000,       72.9360311,       30.3196632,       26.8976902,       26.8500000,
        53.0000,        1.0000000,       73.3770959,       30.4667038,       26.9031447,       26.8500000,
        54.0000,        1.0000000,       73.8140187,       30.6153855,       26.9090102,       26.8500000,
        55.0000,        1.0000000,       74.2469139,       30.7656395,       26.9152996,       26.8500000,
        56.0000,        1.0000000,       74.6758909,       30.9173999,       26.9220257,       26.8500000,
        57.0000,        1.0000000,       75.1010542,       31.0706031,       26.9292005,       26.8500000,
        58.0000,        1.0000000,       75.5225038,       31.2251883,       26.9368357,       26.8500000,
        59.0000,        1.0000000,       75.9403353,       31.3810969,       26.9449424,       26.8500000,
        60.0000,        1.0000000,       76.3546403,       31.5382724,       26.9535310,       26.8500000,
        61.0000,        1.0000000,       76.7655067,       31.6966609,       26.9626118,       26.8500000,
        62.0000,        1.0000000,       77.1730186,       31.8562104,       26.9721941,       26.8500000,
        63.0000,        1.0000000,       77.5772570,       32.0168708,       26.9822871,       26.8500000,
        64.0000,        1.0000000,       77.9782993,       32.1785943,       26.9928992,       26.8500000,
        65.0000,        1.0000000,       78.3762204,       32.3413346,       27.0040385,       26.8500000,
        66.0000,        1.0000000,       78.7710919,       32.5050475,       27.0157125,       26.8500000,
        67.0000,        1.0000000,       79.1629829,       32.6696904,       27.0279282,       26.8500000,
        68.0000,        1.0000000,       79.5519598,       32.8352222,       27.0406922,       26.8500000,
        69.0000,        1.0000000,       79.9380868,       33.0016037,       27.0540106,       26.8500000,
        70.0000,        1.0000000,       80.3214256,       33.1687970,       27.0678890,       26.8500000,
        71.0000,        1.0000000,       80.7020357,       33.3367658,       27.0823326,       26.8500000,
        72.0000,        1.0000000,       81.0799746,       33.5054749,       27.0973462,       26.8500000,
        73.0000,        1.0000000,       81.4552977,       33.6748909,       27.1129340,       26.8500000,
        74.0000,        1.0000000,       81.8280587,       33.8449814,       27.1291002,       26.8500000,
        75.0000,        1.0000000,       82.1983092,       34.0157151,       27.1458481,       26.8500000,
        76.0000,        1.0000000,       82.5660993,       34.1870623,       27.1631810,       26.8500000,
        77.0000,        1.0000000,       82.9314775,       34.3589940,       27.1811016,       26.8500000,
        78.0000,        1.0000000,       83.2944905,       34.5314826,       27.1996124,       26.8500000,
        79.0000,        1.0000000,       83.6551838,       34.7045013,       27.2187155,       26.8500000,
        80.0000,        1.0000000,       84.0136012,       34.8780246,       27.2384126,       26.8500000,
        81.0000,        1.0000000,       84.3697852,       35.0520277,       27.2587052,       26.8500001,
        82.0000,        1.0000000,       84.7237772,       35.2264868,       27.2795944,       26.8500001,
        83.0000,        1.0000000,       85.0756171,       35.4013790,       27.3010811,       26.8500001,
        84.0000,        1.0000000,       85.4253436,       35.5766822,       27.3231659,       26.8500001,
        85.0000,        1.0000000,       85.7729944,       35.7523752,       27.3458490,       26.8500001,
        86.0000,        1.0000000,       86.1186061,       35.9284375,       27.3691305,       26.8500002,
        87.0000,        1.0000000,       86.4622140,       36.1048493,       27.3930102,       26.8500002,
        88.0000,        1.0000000,       86.8038527,       36.2815918,       27.4174876,       26.8500003,
        89.0000,        1.0000000,       87.1435556,       36.4586466,       27.4425621,       26.8500003,
        90.0000,        1.0000000,       87.4813553,       36.6359960,       27.4682328,       26.8500004,
        91.0000,        1.0000000,       87.8172833,       36.8136230,       27.4944986,       26.8500005,
        92.0000,        1.0000000,       88.1513706,       36.9915113,       27.5213582,       26.8500006,
        93.0000,        1.0000000,       88.4836469,       37.1696451,       27.5488101,       26.8500007,
        94.0000,        1.0000000,       88.8141414,       37.3480090,       27.5768528,       26.8500008,
        95.0000,        1.0000000,       89.1428825,       37.5265885,       27.6054843,       26.8500010,
        96.0000,        1.0000000,       89.4698979,       37.7053694,       27.6347028,       26.8500012,
        97.0000,        1.0000000,       89.7952143,       37.8843379,       27.6645061,       26.8500014,
        98.0000,        1.0000000,       90.1188580,       38.0634809,       27.6948920,       26.8500016,
        99.0000,        1.0000000,       90.4408546,       38.2427857,       27.7258580,       26.8500019,
       100.0000,        1.0000000,       90.7612289,       38.4222400,       27.7574016,       26.8500022,
       101.0000,        1.0000000,       91.0800053,       38.6018320,       27.7895202,       26.8500026,
       102.0000,        1.0000000,       91.3972073,       38.7815503,       27.8222111,       26.8500030,
       103.0000,        1.0000000,       91.7128582,       38.9613839,       27.8554713,       26.8500035,
       104.0000,        1.0000000,       92.0269803,       39.1413220,       27.8892979,       26.8500041,
       105.0000,        1.0000000,       92.3395958,       39.3213545,       27.9236878,       26.8500047,
       106.0000,        1.0000000,       92.6507261,       39.5014714,       27.9586379,       26.8500055,
       107.0000,        1.0000000,       92.9603921,       39.6816632,       27.9941450,       26.8500063,
       108.0000,        1.0000000,       93.2686144,       39.8619206,       28.0302057,       26.8500072,
       109.0000,        1.0000000,       93.5754130,       40.0422347,       28.0668167,       26.8500083,
       110.0000,        1.0000000,       93.8808073,       40.2225969,       28.1039746,       26.8500095,
       111.0000,        1.0000000,       94.1848166,       40.4029989,       28.1416757,       26.8500108,
       112.0000,        1.0000000,       94.4874594,       40.5834326,       28.1799166,       26.8500122,
       113.0000,        1.0000000,       94.7887541,       40.7638904,       28.2186937,       26.8500139,
       114.0000,        1.0000000,       95.0887185,       40.9443646,       28.2580032,       26.8500157,
       115.0000,        1.0000000,       95.3873701,       41.1248482,       28.2978415,       26.8500178,
       116.0000,        1.0000000,       95.6847259,       41.3053340,       28.3382048,       26.8500200,
       117.0000,        1.0000000,       95.9808027,       41.4858154,       28.3790893,       26.8500226,
       118.0000,        1.0000000,       96.2756169,       41.6662858,       28.4204913,       26.8500253,
       119.0000,        1.0000000,       96.5691844,       41.8467390,       28.4624067,       26.8500284,
       120.0000,        1.0000000,       96.8615210,       42.0271689,       28.5048318,       26.8500318,
       121.0000,        1.0000000,       97.1526419,       42.2075695,       28.5477627,       26.8500355,
       122.0000,        1.0000000,       97.4425623,       42.3879352,       28.5911954,       26.8500396,
       123.0000,        1.0000000,       97.7312969,       42.5682605,       28.6351260,       26.8500441,
       124.0000,        1.0000000,       98.0188601,       42.7485402,       28.6795505,       26.8500490,
       125.0000,        1.0000000,       98.3052660,       42.9287691,       28.7244650,       26.8500544,
       126.0000,        1.0000000,       98.5905285,       43.1089423,       28.7698654,       26.8500603,
       127.0000,        1.0000000,       98.8746613,       43.2890549,       28.8157478,       26.8500667,
       128.0000,        1.0000000,       99.1576775,       43.4691025,       28.8621081,       26.8500737,
       129.0000,        1.0000000,       99.4395903,       43.6490804,       28.9089425,       26.8500813,
       130.0000,        1.0000000,       99.7204125,       43.8289845,       28.9562467,       26.8500895,
       131.0000,        1.0000000,      100.0001566,       44.0088106,       29.0040170,       26.8500984,
       132.0000,        1.0000000,      100.2788349,       44.1885546,       29.0522491,       26.8501081,
       133.0000,        1.0000000,      100.5564597,       44.3682126,       29.1009393,       26.8501186,
       134.0000,        1.0000000,      100.8330426,       44.5477810,       29.1500833,       26.8501300,
       135.0000,        1.0000000,      101.1085953,       44.7272560,       29.1996773,       26.8501422,
       136.0000,        1.0000000,      101.3831294,       44.9066343,       29.2497173,       26.8501554,
       137.0000,        1.0000000,      101.6566559,       45.0859123,       29.3001992,       26.8501696,
       138.0000,        1.0000000,      101.9291860,       45.2650870,       29.3511192,       26.8501849,
       139.0000,        1.0000000,      102.2007303,       45.4441550,       29.4024733,       26.8502013,
       140.0000,        1.0000000,      102.4712996,       45.6231134,       29.4542574,       26.8502189,
       141.0000,        1.0000000,      102.7409043,       45.8019592,       29.5064678,       26.8502378,
       142.0000,        1.0000000,      103.0095545,       45.9806896,       29.5591005,       26.8502581,
       143.0000,        1.0000000,      103.2772604,       46.1593019,       29.6121515,       26.8502798,
       144.0000,        1.0000000,      103.5440319,       46.3377934,       29.6656171,       26.8503030,
       145.0000,        1.0000000,      103.8098787,       46.5161615,       29.7194933,       26.8503277,
       146.0000,        1.0000000,      104.0748103,       46.6944039,       29.7737762,       26.8503542,
       147.0000,        1.0000000,      104.3388361,       46.8725180,       29.8284622,       26.8503824,
       148.0000,        1.0000000,      104.6019653,       47.0505018,       29.8835473,       26.8504124,
       149.0000,        1.0000000,      104.8642071,       47.2283528,       29.9390278,       26.8504443,
       150.0000,        1.0000000,      105.1255702,       47.4060691,       29.9948999,       26.8504783,
       151.0000,        1.0000000,      105.3860636,       47.5836485,       30.0511598,       26.8505145,
       152.0000,        1.0000000,      105.6456958,       47.7610890,       30.1078039,       26.8505528,
       153.0000,        1.0000000,      105.9044754,       47.9383888,       30.1648285,       26.8505935,
       154.0000,        1.0000000,      106.1624106,       48.1155460,       30.2222297,       26.8506366,
       155.0000,        1.0000000,      106.4195097,       48.2925589,       30.2800041,       26.8506823,
       156.0000,        1.0000000,      106.6757807,       48.4694257,       30.3381480,       26.8507306,
       157.0000,        1.0000000,      106.9312316,       48.6461447,       30.3966578,       26.8507817,
       158.0000,        1.0000000,      107.1858703,       48.8227145,       30.4555298,       26.8508357,
       159.0000,        1.0000000,      107.4397043,       48.9991334,       30.5147606,       26.8508928,
       160.0000,        1.0000000,      107.6927414,       49.1754001,       30.5743466,       26.8509530,
       161.0000,        1.0000000,      107.9449889,       49.3515130,       30.6342842,       26.8510165,
       162.0000,        1.0000000,      108.1964543,       49.5274708,       30.6945701,       26.8510834,
       163.0000,        1.0000000,      108.4471447,       49.7032723,       30.7552007,       26.8511539,
       164.0000,        1.0000000,      108.6970672,       49.8789161,       30.8161727,       26.8512281,
       165.0000,        1.0000000,      108.9462290,       50.0544011,       30.8774826,       26.8513061,
       166.0000,        1.0000000,      109.1946368,       50.2297261,       30.9391271,       26.8513881,
       167.0000,        1.0000000,      109.4422974,       50.4048900,       31.0011027,       26.8514743,
       168.0000,        1.0000000,      109.6892177,       50.5798917,       31.0634063,       26.8515647,
       169.0000,        1.0000000,      109.9354042,       50.7547302,       31.1260344,       26.8516596,
       170.0000,        1.0000000,      110.1808633,       50.9294045,       31.1889838,       26.8517591,
       171.0000,        1.0000000,      110.4256015,       51.1039137,       31.2522513,       26.8518634,
       172.0000,        1.0000000,      110.6696252,       51.2782568,       31.3158336,       26.8519727,
       173.0000,        1.0000000,      110.9129405,       51.4524330,       31.3797276,       26.8520871,
       174.0000,        1.0000000,      111.1555535,       51.6264415,       31.4439301,       26.8522067,
       175.0000,        1.0000000,      111.3974704,       51.8002815,       31.5084379,       26.8523319,
       176.0000,        1.0000000,      111.6386970,       51.9739522,       31.5732480,       26.8524627,
       177.0000,        1.0000000,      111.8792393,       52.1474530,       31.6383573,       26.8525993,
       178.0000,        1.0000000,      112.1191030,       52.3207830,       31.7037626,       26.8527420,
       179.0000,        1.0000000,      112.3582939,       52.4939417,       31.7694610,       26.8528908,
       180.0000,        1.0000000,      112.5968176,       52.6669285,       31.8354495,       26.8530461,
       181.0000,        1.0000000,      112.8346795,       52.8397427,       31.9017251,       26.8532080,
       182.0000,        1.0000000,      113.0718853,       53.0123838,       31.9682849,       26.8533768,
       183.0000,        1.0000000,      113.3084403,       53.1848512,       32.0351259,       26.8535525,
       184.0000,        1.0000000,      113.5443499,       53.3571445,       32.1022451,       26.8537355,
       185.0000,        1.0000000,      113.7796192,       53.5292631,       32.1696399,       26.8539259,
       186.0000,        1.0000000,      114.0142535,       53.7012067,       32.2373072,       26.8541239,
       187.0000,        1.0000000,      114.2482579,       53.8729747,       32.3052443,       26.8543298,
       188.0000,        1.0000000,      114.4816374,       54.0445668,       32.3734484,       26.8545439,
       189.0000,        1.0000000,      114.7143971,       54.2159825,       32.4419167,       26.8547662,
       190.0000,        1.0000000,      114.9465417,       54.3872216,       32.5106465,       26.8549971,
       191.0000,        1.0000000,      115.1780763,       54.5582837,       32.5796351,       26.8552367,
       192.0000,        1.0000000,      115.4090055,       54.7291685,       32.6488797,       26.8554853,
       193.0000,        1.0000000,      115.6393341,       54.8998757,       32.7183777,       26.8557432,
       194.0000,        1.0000000,      115.8690667,       55.0704049,       32.7881265,       26.8560106,
       195.0000,        1.0000000,      116.0982080,       55.2407561,       32.8581234,       26.8562877,
       196.0000,        1.0000000,      116.3267625,       55.4109289,       32.9283659,       26.8565747,
       197.0000,        1.0000000,      116.5547347,       55.5809231,       32.9988513,       26.8568720,
       198.0000,        1.0000000,      116.7821289,       55.7507385,       33.0695772,       26.8571797,
       199.0000,        1.0000000,      117.0089497,       55.9203750,       33.1405410,       26.8574982,
       200.0000,        1.0000000,      117.2352013,       56.0898323,       33.2117402,       26.8578276,
       201.0000,        1.0000000,      117.4608879,       56.2591104,       33.2831724,       26.8581682,
       202.0000,        1.0000000,      117.6860137,       56.4282091,       33.3548350,       26.8585204,
       203.0000,        1.0000000,      117.9105831,       56.5971284,       33.4267257,       26.8588843,
       204.0000,        1.0000000,      118.1345999,       56.7658680,       33.4988421,       26.8592602,
       205.0000,        1.0000000,      118.3580684,       56.9344280,       33.5711818,       26.8596484,
       206.0000,        1.0000000,      118.5809924,       57.1028082,       33.6437425,       26.8600492,
       207.0000,        1.0000000,      118.8033760,       57.2710087,       33.7165217,       26.8604628,
       208.0000,        1.0000000,      119.0252231,       57.4390293,       33.7895172,       26.8608896,
       209.0000,        1.0000000,      119.2465376,       57.6068700,       33.8627268,       26.8613297,
       210.0000,        1.0000000,      119.4673231,       57.7745309,       33.9361481,       26.8617835,
       211.0000,        1.0000000,      119.6875837,       57.9420120,       34.0097788,       26.8622513,
       212.0000,        1.0000000,      119.9073228,       58.1093131,       34.0836169,       26.8627333,
       213.0000,        1.0000000,      120.1265444,       58.2764345,       34.1576601,       26.8632299,
       214.0000,        1.0000000,      120.3452519,       58.4433761,       34.2319061,       26.8637413,
       215.0000,        1.0000000,      120.5634490,       58.6101379,       34.3063529,       26.8642677,
       216.0000,        1.0000000,      120.7811392,       58.7767200,       34.3809983,       26.8648097,
       217.0000,        1.0000000,      120.9983261,       58.9431225,       34.4558403,       26.8653673,
       218.0000,        1.0000000,      121.2150131,       59.1093454,       34.5308766,       26.8659409,
       219.0000,        1.0000000,      121.4312037,       59.2753889,       34.6061052,       26.8665308,
       220.0000,        1.0000000,      121.6469013,       59.4412531,       34.6815242,       26.8671374,
       221.0000,        1.0000000,      121.8621091,       59.6069379,       34.7571313,       26.8677608,
       222.0000,        1.0000000,      122.0768307,       59.7724437,       34.8329248,       26.8684015,
       223.0000,        1.0000000,      122.2910691,       59.9377704,       34.9089024,       26.8690597,
       224.0000,        1.0000000,      122.5048277,       60.1029182,       34.9850623,       26.8697357,
       225.0000,        1.0000000,      122.7181097,       60.2678873,       35.0614026,       26.8704299,
       226.0000,        1.0000000,      122.9309183,       60.4326778,       35.1379212,       26.8711426,
       227.0000,        1.0000000,      123.1432565,       60.5972899,       35.2146163,       26.8718740,
       228.0000,        1.0000000,      123.3551275,       60.7617237,       35.2914860,       26.8726245,
       229.0000,        1.0000000,      123.5665345,       60.9259794,       35.3685283,       26.8733944,
       230.0000,        1.0000000,      123.7774803,       61.0900571,       35.4457416,       26.8741841,
       231.0000,        1.0000000,      123.9879680,       61.2539572,       35.5231238,       26.8749938,
       232.0000,        1.0000000,      124.1980006,       61.4176796,       35.6006731,       26.8758238,
       233.0000,        1.0000000,      124.4075810,       61.5812248,       35.6783879,       26.8766746,
       234.0000,        1.0000000,      124.6167122,       61.7445927,       35.7562662,       26.8775464,
       235.0000,        1.0000000,      124.8253969,       61.9077838,       35.8343064,       26.8784395,
       236.0000,        1.0000000,      125.0336381,       62.0707981,       35.9125067,       26.8793543,
       237.0000,        1.0000000,      125.2414386,       62.2336359,       35.9908652,       26.8802911,
       238.0000,        1.0000000,      125.4488011,       62.3962975,       36.0693804,       26.8812502,
       239.0000,        1.0000000,      125.6557285,       62.5587830,       36.1480506,       26.8822319,
       240.0000,        1.0000000,      125.8622234,       62.7210927,       36.2268739,       26.8832366,
       241.0000,        1.0000000,      126.0682885,       62.8832268,       36.3058489,       26.8842647,
       242.0000,        1.0000000,      126.2739265,       63.0451857,       36.3849737,       26.8853164,
       243.0000,        1.0000000,      126.4791401,       63.2069694,       36.4642469,       26.8863921,
       244.0000,        1.0000000,      126.6839319,       63.3685784,       36.5436667,       26.8874920,
       245.0000,        1.0000000,      126.8883044,       63.5300128,       36.6232317,       26.8886167,
       246.0000,        1.0000000,      127.0922602,       63.6912730,       36.7029401,       26.8897663,
       247.0000,        1.0000000,      127.2958020,       63.8523591,       36.7827904,       26.8909412,
       248.0000,        1.0000000,      127.4989321,       64.0132715,       36.8627812,       26.8921418,
       249.0000,        1.0000000,      127.7016530,       64.1740104,       36.9429107,       26.8933684,
       250.0000,        1.0000000,      127.9039673,       64.3345762,       37.0231776,       26.8946213,
       251.0000,        1.0000000,      128.1058774,       64.4949690,       37.1035803,       26.8959009,
       252.0000,        1.0000000,      128.3073857,       64.6551893,       37.1841173,       26.8972075,
       253.0000,        1.0000000,      128.5084945,       64.8152372,       37.2647872,       26.8985414,
       254.0000,        1.0000000,      128.7092062,       64.9751131,       37.3455884,       26.8999030,
       255.0000,        1.0000000,      128.9095232,       65.1348173,       37.4265196,       26.9012926,
       256.0000,        1.0000000,      129.1094479,       65.2943500,       37.5075793,       26.9027106,
       257.0000,        1.0000000,      129.3089824,       65.4537116,       37.5887660,       26.9041573,
       258.0000,        1.0000000,      129.5081291,       65.6129024,       37.6700784,       26.9056331,
       259.0000,        1.0000000,      129.7068902,       65.7719227,       37.7515151,       26.9071382,
       260.0000,        1.0000000,      129.9052680,       65.9307728,       37.8330747,       26.9086730,
       261.0000,        1.0000000,      130.1032646,       66.0894530,       37.9147558,       26.9102380,
       262.0000,        1.0000000,      130.3008823,       66.2479636,       37.9965572,       26.9118333,
       263.0000,        1.0000000,      130.4981232,       66.4063050,       38.0784773,       26.9134593,
       264.0000,        1.0000000,      130.6949894,       66.5644774,       38.1605151,       26.9151165,
       265.0000,        1.0000000,      130.8914832,       66.7224812,       38.2426690,       26.9168051,
       266.0000,        1.0000000,      131.0876066,       66.8803167,       38.3249378,       26.9185254,
       267.0000,        1.0000000,      131.2833616,       67.0379843,       38.4073203,       26.9202778,
       268.0000,        1.0000000,      131.4787504,       67.1954842,       38.4898151,       26.9220627,
       269.0000,        1.0000000,      131.6737750,       67.3528168,       38.5724211,       26.9238804,
       270.0000,        1.0000000,      131.8684374,       67.5099825,       38.6551368,       26.9257312,
       271.0000,        1.0000000,      132.0627397,       67.6669815,       38.7379612,       26.9276155,
       272.0000,        1.0000000,      132.2566838,       67.8238142,       38.8208930,       26.9295336,
       273.0000,        1.0000000,      132.4502717,       67.9804809,       38.9039310,       26.9314858,
       274.0000,        1.0000000,      132.6435054,       68.1369820,       38.9870740,       26.9334725,
       275.0000,        1.0000000,      132.8363867,       68.2933178,       39.0703208,       26.9354940,
       276.0000,        1.0000000,      133.0289177,       68.4494886,       39.1536701,       26.9375507,
       277.0000,        1.0000000,      133.2211002,       68.6054949,       39.2371210,       26.9396428,
       278.0000,        1.0000000,      133.4129361,       68.7613368,       39.3206721,       26.9417708,
       279.0000,        1.0000000,      133.6044273,       68.9170148,       39.4043224,       26.9439350,
       280.0000,        1.0000000,      133.7955756,       69.0725293,       39.4880708,       26.9461356,
       281.0000,        1.0000000,      133.9863829,       69.2278805,       39.5719160,       26.9483731,
       282.0000,        1.0000000,      134.1768509,       69.3830688,       39.6558571,       26.9506478,
       283.0000,        1.0000000,      134.3669816,       69.5380946,       39.7398928,       26.9529599,
       284.0000,        1.0000000,      134.5567766,       69.6929582,       39.8240222,       26.9553099,
       285.0000,        1.0000000,      134.7462377,       69.8476599,       39.9082441,       26.9576981,
       286.0000,        1.0000000,      134.9353668,       70.0022002,       39.9925575,       26.9601247,
       287.0000,        1.0000000,      135.1241654,       70.1565793,       40.0769613,       26.9625902,
       288.0000,        1.0000000,      135.3126355,       70.3107976,       40.1614545,       26.9650948,
       289.0000,        1.0000000,      135.5007786,       70.4648554,       40.2460361,       26.9676389,
       290.0000,        1.0000000,      135.6885965,       70.6187532,       40.3307049,       26.9702229,
       291.0000,        1.0000000,      135.8760908,       70.7724912,       40.4154601,       26.9728469,
       292.0000,        1.0000000,      136.0632633,       70.9260699,       40.5003006,       26.9755115,
       293.0000,        1.0000000,      136.2501155,       71.0794895,       40.5852253,       26.9782168,
       294.0000,        1.0000000,      136.4366491,       71.2327504,       40.6702334,       26.9809632,
       295.0000,        1.0000000,      136.6228658,       71.3858531,       40.7553238,       26.9837511,
       296.0000,        1.0000000,      136.8087670,       71.5387977,       40.8404956,       26.9865807,
       297.0000,        1.0000000,      136.9943546,       71.6915848,       40.9257478,       26.9894525,
       298.0000,        1.0000000,      137.1796299,       71.8442146,       41.0110795,       26.9923666,
       299.0000,        1.0000000,      137.3645947,       71.9966874,       41.0964896,       26.9953234,
       300.0000,        1.0000000,      137.5492504,       72.1490038,       41.1819774,       26.9983233,
