Time (s),Depth 0.0 cm,Depth 0.8 cm,Depth 1.6 cm,Depth 4.0 cm
0.0,27.0,27.0,27.0,27.0
2.0134228187919465,36.06890781461091,27.000000000000053,27.0,27.0
4.026845637583893,39.825372427334095,27.000000246248668,27.0,27.0
6.0402684563758395,42.70780910406452,27.00005136346748,27.0,27.0
8.053691275167786,45.13781562922182,27.000828035058667,27.00000000000011,27.0
10.067114093959733,47.27869435514906,27.00467635075166,27.0000000000467,27.0
12.080536912751679,49.21419667013562,27.015445795036396,27.00000000276399,27.0
14.093959731543626,50.99407474043072,27.037300436787497,27.000000052686612,27.0
16.107382550335572,52.65074485466819,27.07376621605497,27.00000049249734,27.0
18.120805369127517,54.20672344383273,27.12735351528249,27.000002854472037,27.0
20.134228187919465,55.67840458427052,27.199563308016042,27.000011815555744,27.0
22.147651006711413,57.07816447938636,27.291057442668144,27.0000382313197,27.0
24.161073825503358,58.415618208129054,27.401865162682796,27.000102726934966,27.0
26.174496644295303,59.6984121380357,27.531570082832996,27.000239060046496,27.0
28.18791946308725,60.93274591451083,27.67946040945176,27.000496572078426,27.0
30.2013422818792,62.12372893427835,27.84464213549743,27.000941352995007,27.0
32.214765100671144,63.27563125844364,28.026120928681358,27.00165607011734,27.0
34.22818791946309,64.3920648286302,28.22285958295486,27.002738646054702,27.0
36.241610738255034,65.47611728200228,28.433817216549134,27.004300089662554,27.0
38.255033557046985,66.53045269217526,28.65797520128164,27.00646180897861,27.0
40.26845637583893,67.55738871029811,28.89435362696907,27.009352701503317,27.0
42.281879194630875,68.55895653103103,29.142021115035387,27.013106256090538,27.0
44.29530201342283,69.53694813803686,29.400100024071023,27.01785783349841,27.000000000000004
46.30872483221477,70.49295397932806,29.66776851178159,27.023742231437225,27.00000000000002
48.322147651006716,71.42839334027124,29.944260493720247,27.03089159007279,27.000000000000078
50.33557046979866,72.34453907305453,30.22886423243869,27.03943365653386,27.000000000000274
52.348993288590606,73.24253791367511,30.520920070653407,27.04949040094679,27.000000000000878
54.36241610738256,74.12342731219357,30.81981766507339,27.061176959873297,27.000000000002565
56.3758389261745,74.98814948086144,31.124992966040214,27.074600873574994,27.000000000006974
58.38926174496645,75.83756320238976,31.435925109197818,27.089861579284175,27.000000000017717
60.4026845637584,76.67245381997273,31.752133329721794,27.10705012198197,27.00000000004237
62.416107382550344,77.49354173998131,32.073173970512684,27.126249045798108,27.000000000095937
64.42953020134229,78.30148970933638,32.39863762841429,27.147532432109937,27.00000000020669
66.44295302013424,79.09690907671066,32.728146463552065,27.170966054065367,27.000000000425622
68.45637583892618,79.88036520578282,33.06135168386106,27.196607621133666,27.00000000084104
70.46979865771813,80.65238217681372,33.397931208062886,27.224507091107625,27.000000001600338
72.48322147651007,81.41344688766546,33.73758750451362,27.254707030564976,27.00000000294144
74.49664429530202,82.16401264544396,34.08004559960595,27.28724300805072,27.00000000523684
76.51006711409397,82.90450232402227,34.42505124713306,27.322144007124514,27.000000009053558
78.52348993288591,83.63531114990471,34.77236924876756,27.35943284892303,27.000000015232796
80.53691275167786,84.35680916854103,35.12178191525187,27.399126616032085,27.000000024993316
82.55033557046981,85.06934343477928,35.473087657811604,27.441237071276046,27.000000040062737
84.56375838926175,85.77323996425801,35.8260996995312,27.48577106654651,27.00000006284113
86.5771812080537,86.46880547687304,36.180644896854986,27.53273093804457,27.00000009660112
88.59060402684565,87.15632895877272,36.536562661918225,27.58211488533629,27.000000145728563
90.60402684563759,87.83608306544716,36.89370397701808,27.633917332452608,27.000000216007635
92.61744966442954,88.50832538523461,37.25193049316339,27.688129269931963,27.00000031495359
94.63087248322148,89.17329957985027,37.61111370526859,27.744738577233715,27.000000452195984
96.64429530201343,89.83123641625811,37.97113419716845,27.803730325365592,27.000000639914518
98.65771812080538,90.48235470227635,38.33188095021102,27.86508705988918,27.00000089332889
100.67114093959732,91.12686213667047,38.693250709733206,27.9287890647107,27.000001231243346
102.68456375838927,91.76495608309675,39.055147404232464,27.994814607244507,27.00000167664572
104.69798657718121,92.3968242760714,39.41748161251995,28.063140165665992,27.000002257360077
106.71140939597316,93.02264546612226,39.780170074571686,28.13374063905893,27.000003006751196
108.72483221476512,93.64259001040689,40.143135242191576,28.206589541317893,27.00000396447835
110.73825503355705,94.25682041432745,40.50630486596057,28.28165917969666,27.000005177295236
112.751677852349,94.86549182902166,40.86961161527435,28.358920818903524,27.000006699892158
114.76510067114096,95.46875250904543,41.232992728570764,28.438344831639153,27.00000859577601
116.7785234899329,96.0667442340728,41.59638969111779,28.51990083645572,27.00001093818318
118.79194630872485,96.65960269801097,41.959747937977156,28.603557823790396,27.000013811020015
120.8053691275168,97.2474578685567,42.323016579981,28.689284270994857,27.000017309825132
122.81879194630874,97.83043431989218,42.68614815075714,28.777048247146087,27.000021542747824
124.83221476510069,98.40865154093353,43.04909837302144,28.86681750838551,27.00002663153637
126.84563758389262,98.98222422129217,43.41182594251687,28.95855958449312,27.000032712530317
128.85906040268458,99.55126251688728,43.77429232812802,29.052241857362716,27.00003993765052
130.87248322147653,100.11587229695206,44.13646158683239,29.14783163200375,27.000048475381096
132.88590604026848,100.67615537400219,44.498300192270364,29.245296200655524,27.000058511737397
134.8993288590604,101.23220971818112,44.85977687582492,29.34460290056096,27.000070251214407
136.91275167785236,101.7841296572604,45.22086247920063,29.44571916590972,27.000083917710267
138.9261744966443,102.33200606345117,45.58152981758061,29.548612574424777,27.000099755419914
140.93959731543626,102.87592652807447,45.94175355252074,29.65325088903286,27.000118029694068
142.9530201342282,103.41597552504102,46.301510073813986,29.759602095026896,27.000139027859422
144.96644295302013,103.95223456400456,46.6607773896234,29.867634433098267,27.00016305999598
146.9798657718121,104.48478233397502,47.01953502424305,29.977316428588505,27.00019045966816
148.99328859060404,105.01369483810775,47.37776392289989,30.088616917282998,27.00022158460651
151.006711409396,105.53904552032263,47.73544636306026,30.201505068044824,27.000256817337412
153.02013422818794,106.0609053843505,48.092565871748405,30.31595040256328,27.000296565758557
155.0335570469799,106.57934310575284,48.44910714842617,30.431922812470113,27.000341263658306
157.04697986577182,107.09442513741541,48.80505599302017,30.54939257405669,27.00039137117755
159.06040268456377,107.6062158089744,49.160399238716074,30.668330360806166,27.000447375212982
161.07382550335572,108.11477742059621,49.51512468917119,30.788707253938146,27.000509789761185
163.08724832214767,108.62017033149819,49.86922105982414,30.91049475114654,27.00057915620309
165.10067114093962,109.1224530435659,50.22267792300655,31.033664773697648,27.000656043528927
167.11409395973155,109.62168228039536,50.575485656584476,31.158189672040585,27.000741048503905
169.1275167785235,110.11791306206206,50.92763539587959,31.284042230070774,27.000834795775226
171.14093959731545,110.61119877589614,51.27911898863876,31.411195668174766,27.00093793792134
173.1543624161074,111.10159124352126,51.62992895283935,31.5396236451745,27.001051155444472
175.16778523489936,111.58914078439524,51.980058437133344,31.66930025927891,27.00117515670778
177.1812080536913,112.07389627607373,52.32950118374907,31.800200048142045,27.001310677818626
179.19463087248323,112.55590521140002,52.67825149368213,31.932297988118016,27.001458482459647
181.20805369127518,113.03521375281154,53.0263041940209,32.06556949279619,27.001619361669444
183.22147651006713,113.51186678393829,53.37365460726259,32.199990410892,27.00179413357483
185.2348993288591,113.98590795865611,53.720298522486736,32.33553702356318,27.001983643076702
187.24832214765104,114.45737974774747,54.06623216826372,32.47218604121481,27.00218876149169
189.26174496644296,114.92632348330967,54.411452187182725,32.60991459985075,27.002410386151794
191.2751677852349,115.39277940104341,54.75595561189468,32.748700257024964,27.002649439964237
193.28859060402687,115.8567866805425,55.09973984257058,32.888520987440494,27.002906870933938
195.30201342281882,116.31838348370032,55.44280262568483,33.029355178240465,27.003183651650797
197.31543624161077,116.77760699133864,55.78514203403796,33.17118162403112,27.003480778744283
199.3288590604027,117.23449343815906,56.126756447940856,33.3139795216736,27.00379927230753
201.34228187919464,117.68907814610908,56.46764453748575,33.45772846487738,27.004140175293344
203.3557046979866,118.14139555625088,56.80780524583732,33.60240843862624,27.004504552884402
205.36912751677855,118.59147925921332,57.14723777347898,33.747999813463764,27.004893491839905
207.3825503355705,119.03936202430357,57.48594156335573,33.89448333966355,27.005308099820905
209.39597315436242,119.48507582735023,57.82391628685873,34.041840141306814,27.00574950469652
211.40939597315437,119.92865187734424,58.16116183059931,34.19005171028789,27.006218853833126
213.42281879194633,120.37012064194063,58.49767828392502,34.339099900266135,27.006717313368615
215.43624161073828,120.80951187188033,58.83346592713265,34.48896692058124,27.007246067473723
217.44966442953023,121.24685462438715,59.16852522033665,34.63963533014678,27.007806317602384
219.46308724832218,121.68217728559202,59.502856792953295,34.791088031335974,27.008399281732906
221.4765100671141,122.11550759203354,59.836461433764725,34.943308263871685,27.00902619360189
223.48993288590606,122.54687265128095,60.16934008152797,35.0962795987319,27.00968830193248
225.503355704698,122.97629896172289,60.50149381609784,35.24998593208043,27.0103868696587
227.51677852348996,123.4038124315627,60.83292385003279,35.40441147923178,27.011123173147364
229.5302013422819,123.82943839705894,61.16363152065653,35.55954076865761,27.01189850141912
231.54362416107384,124.25320164004752,61.49361828254859,35.71535863604271,27.01271415536999
233.5570469798658,124.6751264047795,61.82288570043985,35.871850218395636,27.01357144699479
235.57046979865774,125.0952364141071,62.15143544248887,36.029000948219874,27.014471698613644
237.5838926174497,125.51355488504856,62.479269273918966,36.18679654775094,27.015416242102848
239.59731543624164,125.93010454376052,62.80638905099414,36.34522302326198,27.016406418131133
241.6107382550336,126.34490763994548,63.13279671531588,36.50426665944359,27.01744357540241
243.62416107382552,126.75798596071999,63.45849428842253,36.663914013859106,27.018529069905973
245.63758389261747,127.16936084396825,63.78348386667448,36.82415191147898,27.01966426417501
247.65100671140942,127.57905319120393,64.10776761640926,36.9849674392963,27.020850526554362
249.66442953020137,127.98708347996264,64.43134776935199,37.14634794102537,27.02208923047818
251.67785234899333,128.39347177574527,64.75422661826681,37.30828101188441,27.023381753758294
253.69127516778525,128.79823774353247,65.0764065128367,37.47075449346417,27.024729477883884
255.7046979865772,129.2014006588886,65.39788985575863,37.63375646868288,27.026133787333052
257.71812080536915,129.60297941867276,65.718679099043,37.797275256828584,27.027596068896855
259.7315436241611,130.0029925513744,66.03877674050611,37.96129940868865,27.029117711016244
261.74496644295306,130.40145822708888,66.35818532044547,38.12581770176757,27.03070010313238
263.758389261745,130.79839426714807,66.67690741848799,38.29081913559207,27.03234463505066
265.77181208053696,131.19381815342132,66.99494565060225,38.45629292710413,27.03405269631884
267.7852348993289,131.58774703729944,67.31230266626574,38.62222850614122,27.03582567561949
269.7986577181208,131.98019774837562,67.62898114577943,38.78861551100342,27.03766496017705
271.8120805369128,132.37118680283504,67.94498379772142,38.95544378410672,27.039571935179737
273.8255033557047,132.76073041156565,68.2603133565328,39.12270336772212,27.041547983216375
275.8389261744967,133.1488444880008,68.57497258022893,39.290384499799394,27.04359448372838
277.8523489932886,133.53554465570488,68.88896424822892,39.458477609874826,27.04571281247692
279.86577181208054,133.92084625571198,69.2022911592984,39.626973315062244,27.04790434102538
281.8791946308725,134.30476435362743,69.5149561295986,39.79586241612578,27.050170436237117
283.89261744966444,134.68731374650136,69.82696199083703,39.96513589363357,27.052512459788538
285.9060402684564,135.0685089694835,70.1383115885145,40.134784904192,27.05493176769749
287.91946308724835,135.44836430226712,70.44900778026292,40.30480077675753,27.057429709866902
289.93288590604027,135.82689377533092,70.75905343427043,40.47517500902724,27.06000762964361
291.94630872483225,136.20411117598582,71.0684514277884,40.645899263904916,27.06266686339232
293.9597315436242,136.58003005423467,71.37720464571674,40.81696536604262,27.06540874008454
295.97315436241615,136.9546637284517,71.68531597926344,40.98836529845594,27.068234580902388
297.9865771812081,137.32802529088792,71.99278832467454,41.16009119921191,27.071145698857183
300.0,137.70012761301007,72.29962458203127,41.3321353581881,27.07414339842255
