Time (s),Temperature (K),Total Mass 0.0% O2 (norm),Reacting Mass Decay 0.0% O2 (norm),MLR 0.0% O2 (g/s),Total Mass 4.3% O2 (norm),Reacting Mass Decay 4.3% O2 (norm),MLR 4.3% O2 (g/s),Total Mass 8.2% O2 (norm),Reacting Mass Decay 8.2% O2 (norm),MLR 8.2% O2 (g/s),Total Mass 20.5% O2 (norm),Reacting Mass Decay 20.5% O2 (norm),MLR 20.5% O2 (g/s)
0,300,1,1,0,1,1,4.97122e-26,1,1,9.48e-26,1,1,2.37e-25
18.018,301.502,1,1,0,1,1,7.26473e-26,1,1,1.38537e-25,1,1,3.46342e-25
36.036,303.003,1,1,0,1,1,1.05765e-25,1,1,2.01692e-25,1,1,5.0423e-25
54.0541,304.505,1,1,0,1,1,1.53412e-25,1,1,2.92553e-25,1,1,7.31381e-25
72.0721,306.006,1,1,0,1,1,2.21712e-25,1,1,4.22799e-25,1,1,1.057e-24
90.0901,307.508,1,1,0,1,1,3.19269e-25,1,1,6.08838e-25,1,1,1.5221e-24
108.108,309.009,1,1,0,1,1,4.58127e-25,1,1,8.73637e-25,1,1,2.18409e-24
126.126,310.511,1,1,0,1,1,6.55086e-25,1,1,1.24923e-24,1,1,3.12308e-24
144.144,312.012,1,1,0,1,1,9.33503e-25,1,1,1.78017e-24,1,1,4.45042e-24
162.162,313.514,1,1,0,1,1,1.32575e-24,1,1,2.52817e-24,1,1,6.32041e-24
180.18,315.015,1,1,0,1,1,1.87652e-24,1,1,3.57847e-24,1,1,8.94618e-24
198.198,316.517,1,1,0,1,1,2.64736e-24,1,1,5.04845e-24,1,1,1.26211e-23
216.216,318.018,1,1,0,1,1,3.72273e-24,1,1,7.09916e-24,1,1,1.77479e-23
234.234,319.52,1,1,0,1,1,5.21818e-24,1,1,9.95095e-24,1,1,2.48774e-23
252.252,321.021,1,1,0,1,1,7.2913e-24,1,1,1.39043e-23,1,1,3.47608e-23
270.27,322.523,1,1,0,1,1,1.01564e-23,1,1,1.93679e-23,1,1,4.84198e-23
288.288,324.024,1,1,0,1,1,1.41038e-23,1,1,2.68957e-23,1,1,6.72391e-23
306.306,325.526,1,1,0,1,1,1.95263e-23,1,1,3.72362e-23,1,1,9.30905e-23
324.324,327.027,1,1,0,1,1,2.69529e-23,1,1,5.13986e-23,1,1,1.28497e-22
342.342,328.529,1,1,0,1,1,3.70948e-23,1,1,7.07389e-23,1,1,1.76847e-22
360.36,330.03,1,1,0,1,1,5.09046e-23,1,1,9.70739e-23,1,1,2.42685e-22
378.378,331.532,1,1,0,1,1,6.96557e-23,1,1,1.32832e-22,1,1,3.3208e-22
396.396,333.033,1,1,0,1,1,9.50447e-23,1,1,1.81248e-22,1,1,4.5312e-22
414.414,334.535,1,1,0,1,1,1.29327e-22,1,1,2.46623e-22,1,1,6.16557e-22
432.432,336.036,1,1,0,1,1,1.7549e-22,1,1,3.34655e-22,1,1,8.36638e-22
450.45,337.538,1,1,0,1,1,2.37485e-22,1,1,4.52879e-22,1,1,1.1322e-21
468.468,339.039,1,1,0,1,1,3.20522e-22,1,1,6.11229e-22,1,1,1.52807e-21
486.486,340.541,1,1,0,1,1,4.31451e-22,1,1,8.22767e-22,1,1,2.05692e-21
504.505,342.042,1,1,0,1,1,5.79257e-22,1,1,1.10463e-21,1,1,2.76157e-21
522.523,343.544,1,1,0,1,1,7.75697e-22,1,1,1.47924e-21,1,1,3.69809e-21
540.541,345.045,1,1,0,1,1,1.03612e-21,1,1,1.97586e-21,1,1,4.93964e-21
558.559,346.547,1,1,0,1,1,1.38051e-21,1,1,2.63259e-21,1,1,6.58148e-21
576.577,348.048,1,1,0,1,1,1.83481e-21,1,1,3.49894e-21,1,1,8.74735e-21
594.595,349.55,1,1,0,1,1,2.43267e-21,1,1,4.63904e-21,1,1,1.15976e-20
612.613,351.051,1,1,0,1,1,3.21756e-21,1,1,6.1358e-21,1,1,1.53395e-20
630.631,352.553,1,1,0,1,1,4.24556e-21,1,1,8.09619e-21,1,1,2.02405e-20
648.649,354.054,1,1,0,1,1,5.58886e-21,1,1,1.06578e-20,1,1,2.66446e-20
666.667,355.556,1,1,0,1,1,7.34011e-21,1,1,1.39974e-20,1,1,3.49936e-20
684.685,357.057,1,1,0,1,1,9.61804e-21,1,1,1.83414e-20,1,1,4.58534e-20
702.703,358.559,1,1,0,1,1,1.25744e-20,1,1,2.39791e-20,1,1,5.99477e-20
720.721,360.06,1,1,0,1,1,1.64028e-20,1,1,3.12797e-20,1,1,7.81993e-20
738.739,361.562,1,1,0,1,1,2.13495e-20,1,1,4.07131e-20,1,1,1.01783e-19
756.757,363.063,1,1,0,1,1,2.77276e-20,1,1,5.2876e-20,1,1,1.3219e-19
774.775,364.565,1,1,0,1,1,3.59337e-20,1,1,6.85248e-20,1,1,1.71312e-19
792.793,366.066,1,1,0,1,1,4.64695e-20,1,1,8.86163e-20,1,1,2.21541e-19
810.811,367.568,1,1,0,1,1,5.99682e-20,1,1,1.14358e-19,1,1,2.85895e-19
828.829,369.069,1,1,0,1,1,7.72278e-20,1,1,1.47272e-19,1,1,3.68179e-19
846.847,370.571,1,1,0,1,1,9.92512e-20,1,1,1.8927e-19,1,1,4.73174e-19
864.865,372.072,1,1,0,1,1,1.27297e-19,1,1,2.42752e-19,1,1,6.06881e-19
882.883,373.574,1,1,0,1,1,1.62942e-19,1,1,3.10726e-19,1,1,7.76814e-19
900.901,375.075,1,1,0,1,1,2.08155e-19,1,1,3.96947e-19,1,1,9.92368e-19
918.919,376.577,1,1,0,1,1,2.65396e-19,1,1,5.06104e-19,1,1,1.26526e-18
936.937,378.078,1,1,0,1,1,3.37725e-19,1,1,6.44034e-19,1,1,1.61009e-18
954.955,379.58,1,1,0,1,1,4.28948e-19,1,1,8.17994e-19,1,1,2.04499e-18
972.973,381.081,1,1,0,1,1,5.43785e-19,1,1,1.03699e-18,1,1,2.59247e-18
990.991,382.583,1,1,0,1,1,6.88084e-19,1,1,1.31216e-18,1,1,3.2804e-18
1009.01,384.084,1,1,0,1,1,8.69074e-19,1,1,1.6573e-18,1,1,4.14326e-18
1027.03,385.586,1,1,0,1,1,1.09568e-18,1,1,2.08943e-18,1,1,5.22357e-18
1045.05,387.087,1,1,0,1,1,1.37888e-18,1,1,2.62949e-18,1,1,6.57373e-18
1063.06,388.589,1,1,0,1,1,1.73221e-18,1,1,3.30327e-18,1,1,8.25819e-18
1081.08,390.09,1,1,0,1,1,2.17225e-18,1,1,4.14243e-18,1,1,1.03561e-17
1099.1,391.592,1,1,0,1,1,2.71935e-18,1,1,5.18575e-18,1,1,1.29644e-17
1117.12,393.093,1,1,0,1,1,3.39842e-18,1,1,6.48071e-18,1,1,1.62018e-17
1135.14,394.595,1,1,0,1,1,4.23986e-18,1,1,8.08531e-18,1,1,2.02133e-17
1153.15,396.096,1,1,0,1,1,5.28077e-18,1,1,1.00703e-17,1,1,2.51758e-17
1171.17,397.598,1,1,0,1,1,6.56633e-18,1,1,1.25218e-17,1,1,3.13046e-17
1189.19,399.099,1,1,0,1,1,8.15148e-18,1,1,1.55447e-17,1,1,3.88617e-17
1207.21,400.601,1,1,0,1,1,1.01029e-17,1,1,1.9266e-17,1,1,4.8165e-17
1225.23,402.102,1,1,0,1,1,1.25014e-17,1,1,2.38399e-17,1,1,5.95999e-17
1243.24,403.604,1,1,0,1,1,1.54449e-17,1,1,2.94531e-17,1,1,7.36327e-17
1261.26,405.105,1,1,0,1,1,1.90515e-17,1,1,3.63308e-17,1,1,9.08271e-17
1279.28,406.607,1,1,0,1,1,2.3464e-17,1,1,4.47452e-17,1,1,1.11863e-16
1297.3,408.108,1,1,0,1,1,2.88541e-17,1,1,5.5024e-17,1,1,1.3756e-16
1315.32,409.61,1,1,0,1,1,3.54286e-17,1,1,6.75616e-17,1,1,1.68904e-16
1333.33,411.111,1,1,0,1,1,4.34361e-17,1,1,8.28316e-17,1,1,2.07079e-16
1351.35,412.613,1,1,0,1,1,5.31744e-17,1,1,1.01402e-16,1,1,2.53506e-16
1369.37,414.114,1,1,0,1,1,6.50006e-17,1,1,1.23955e-16,1,1,3.09887e-16
1387.39,415.616,1,1,0,1,1,7.93418e-17,1,1,1.51303e-16,1,1,3.78258e-16
1405.41,417.117,1,1,0,1,1,9.67083e-17,1,1,1.8442e-16,1,1,4.61051e-16
1423.42,418.619,1,1,0,1,1,1.17709e-16,1,1,2.24468e-16,1,1,5.61169e-16
1441.44,420.12,1,1,0,1,1,1.43068e-16,1,1,2.72828e-16,1,1,6.8207e-16
1459.46,421.622,1,1,0,1,1,1.7365e-16,1,1,3.31146e-16,1,1,8.27866e-16
1477.48,423.123,1,1,0,1,1,2.10479e-16,1,1,4.01379e-16,1,1,1.00345e-15
1495.5,424.625,1,1,0,1,1,2.54772e-16,1,1,4.85845e-16,1,1,1.21461e-15
1513.51,426.126,1,1,0,1,1,3.07972e-16,1,1,5.87295e-16,1,1,1.46824e-15
1531.53,427.628,1,1,0,1,1,3.71785e-16,1,1,7.08985e-16,1,1,1.77246e-15
1549.55,429.129,1,1,0,1,1,4.48229e-16,1,1,8.54762e-16,1,1,2.1369e-15
1567.57,430.631,1,1,0,1,1,5.39687e-16,1,1,1.02917e-15,1,1,2.57292e-15
1585.59,432.132,1,1,0,1,1,6.48968e-16,1,1,1.23757e-15,1,1,3.09392e-15
1603.6,433.634,1,1,0,1,1,7.79381e-16,1,1,1.48626e-15,1,1,3.71566e-15
1621.62,435.135,1,1,0,1,1,9.3482e-16,1,1,1.78268e-15,1,1,4.4567e-15
1639.64,436.637,1,1,0,1,1,1.11986e-15,1,1,2.13554e-15,1,1,5.33886e-15
1657.66,438.138,1,1,0,1,1,1.33986e-15,1,1,2.55509e-15,1,1,6.38772e-15
1675.68,439.64,1,1,0,1,1,1.60113e-15,1,1,3.05331e-15,1,1,7.63327e-15
1693.69,441.141,1,1,0,1,1,1.91101e-15,1,1,3.64426e-15,1,1,9.11065e-15
1711.71,442.643,1,1,0,1,1,2.27814e-15,1,1,4.34437e-15,1,1,1.08609e-14
1729.73,444.144,1,1,0,1,1,2.71258e-15,1,1,5.17283e-15,1,1,1.29321e-14
1747.75,445.646,1,1,0,1,1,3.22606e-15,1,1,6.15203e-15,1,1,1.53801e-14
1765.77,447.147,1,1,0,1,1,3.83229e-15,1,1,7.30808e-15,1,1,1.82702e-14
1783.78,448.649,1,1,0,1,1,4.54718e-15,1,1,8.67137e-15,1,1,2.16784e-14
1801.8,450.15,1,1,0,1,1,5.38928e-15,1,1,1.02772e-14,1,1,2.56931e-14
1819.82,451.652,1,1,0,1,1,6.38012e-15,1,1,1.21667e-14,1,1,3.04169e-14
1837.84,453.153,1,1,0,1,1,7.54469e-15,1,1,1.43875e-14,1,1,3.59689e-14
1855.86,454.655,1,1,0,1,1,8.91195e-15,1,1,1.69949e-14,1,1,4.24872e-14
1873.87,456.156,1,1,0,1,1,1.05155e-14,1,1,2.00527e-14,1,1,5.01318e-14
1891.89,457.658,1,1,0,1,1,1.2394e-14,1,1,2.36351e-14,1,1,5.90877e-14
1909.91,459.159,1,1,0,1,1,1.45925e-14,1,1,2.78275e-14,1,1,6.95687e-14
1927.93,460.661,1,1,0,1,1,1.71626e-14,1,1,3.27287e-14,1,1,8.18217e-14
1945.95,462.162,1,1,0,1,1,2.01642e-14,1,1,3.84526e-14,1,1,9.61314e-14
1963.96,463.664,1,1,0,1,1,2.36659e-14,1,1,4.51304e-14,1,1,1.12826e-13
1981.98,465.165,1,1,0,1,1,2.77471e-14,1,1,5.29131e-14,1,1,1.32283e-13
2000,466.667,1,1,0,1,1,3.24988e-14,1,1,6.19745e-14,1,1,1.54936e-13
2018.02,468.168,1,1,0,1,1,3.80257e-14,1,1,7.25141e-14,1,1,1.81285e-13
2036.04,469.67,1,1,0,1,1,4.44478e-14,1,1,8.4761e-14,1,1,2.11903e-13
2054.05,471.171,1,1,0,1,1,5.1903e-14,1,1,9.89778e-14,1,1,2.47444e-13
2072.07,472.673,1,1,0,1,1,6.05488e-14,1,1,1.15465e-13,1,1,2.88663e-13
2090.09,474.174,1,1,0,1,1,7.0566e-14,1,1,1.34568e-13,1,1,3.36419e-13
2108.11,475.676,1,1,0,1,1,8.2161e-14,1,1,1.56679e-13,1,1,3.91698e-13
2126.13,477.177,1,1,0,1,1,9.55696e-14,1,1,1.82249e-13,1,1,4.55623e-13
2144.14,478.679,1,1,0,1,1,1.11061e-13,1,1,2.11791e-13,1,1,5.29478e-13
2162.16,480.18,1,1,0,1,1,1.28943e-13,1,1,2.45891e-13,1,1,6.14727e-13
2180.18,481.682,1,1,0,1,1,1.49564e-13,1,1,2.85215e-13,1,1,7.13037e-13
2198.2,483.183,1,1,0,1,1,1.73323e-13,1,1,3.30523e-13,1,1,8.26308e-13
2216.22,484.685,1,1,0,1,1,2.00673e-13,1,1,3.82679e-13,1,1,9.56699e-13
2234.23,486.186,1,1,0,1,1,2.32129e-13,1,1,4.42665e-13,1,1,1.10666e-12
2252.25,487.688,1,1,0,1,1,2.68275e-13,1,1,5.11594e-13,1,1,1.27899e-12
2270.27,489.189,1,1,0,1,1,3.09774e-13,1,1,5.90732e-13,1,1,1.47683e-12
2288.29,490.691,1,1,0,1,1,3.57378e-13,1,1,6.81511e-13,1,1,1.70378e-12
2306.31,492.192,1,1,0,1,1,4.11937e-13,1,1,7.85555e-13,1,1,1.96389e-12
2324.32,493.694,1,1,0,1,1,4.74416e-13,1,1,9.04701e-13,1,1,2.26175e-12
2342.34,495.195,1,1,0,1,1,5.45904e-13,1,1,1.04103e-12,1,1,2.60256e-12
2360.36,496.697,1,1,0,1,1,6.2763e-13,1,1,1.19688e-12,1,1,2.99219e-12
2378.38,498.198,1,1,0,1,1,7.20986e-13,1,1,1.3749e-12,1,1,3.43726e-12
2396.4,499.7,1,1,0,1,1,8.27537e-13,1,1,1.57809e-12,1,1,3.94523e-12
2414.41,501.201,1,1,0,1,1,9.49051e-13,1,1,1.80982e-12,1,1,4.52454e-12
2432.43,502.703,1,1,0,1,1,1.08752e-12,1,1,2.07387e-12,1,1,5.18468e-12
2450.45,504.204,1,1,0,1,1,1.24518e-12,1,1,2.37452e-12,1,1,5.9363e-12
2468.47,505.706,1,1,0,1,1,1.42454e-12,1,1,2.71657e-12,1,1,6.79143e-12
2486.49,507.207,1,1,0,1,1,1.62845e-12,1,1,3.10542e-12,1,1,7.76355e-12
2504.5,508.709,1,1,0,1,1,1.86008e-12,1,1,3.54713e-12,1,1,8.86782e-12
2522.52,510.21,1,1,0,1,1,2.12299e-12,1,1,4.04849e-12,1,1,1.01212e-11
2540.54,511.712,1,1,0,1,1,2.42118e-12,1,1,4.61713e-12,1,1,1.15428e-11
2558.56,513.213,1,1,0,1,1,2.75913e-12,1,1,5.2616e-12,1,1,1.3154e-11
2576.58,514.715,1,1,0,1,1,3.14186e-12,1,1,5.99145e-12,1,1,1.49786e-11
2594.59,516.216,1,1,0,1,1,3.57497e-12,1,1,6.81739e-12,1,1,1.70435e-11
2612.61,517.718,1,1,0,1,1,4.06475e-12,1,1,7.75138e-12,1,1,1.93785e-11
2630.63,519.219,1,1,0,1,1,4.61819e-12,1,1,8.80678e-12,1,1,2.2017e-11
2648.65,520.721,1,1,0,1,1,5.24313e-12,1,1,9.99852e-12,1,1,2.49963e-11
2666.67,522.222,1,1,0,1,1,5.94829e-12,1,1,1.13433e-11,1,1,2.83581e-11
2684.68,523.724,1,1,0,1,1,6.74341e-12,1,1,1.28595e-11,1,1,3.21488e-11
2702.7,525.225,1,1,0,1,1,7.63933e-12,1,1,1.4568e-11,1,1,3.64201e-11
2720.72,526.727,1,1,0,1,1,8.64813e-12,1,1,1.64918e-11,1,1,4.12295e-11
2738.74,528.228,1,1,0,1,1,9.78325e-12,1,1,1.86564e-11,1,1,4.66411e-11
2756.76,529.73,1,1,0,1,1,1.10596e-11,1,1,2.10904e-11,1,1,5.27261e-11
2774.77,531.231,1,1,0,1,1,1.24939e-11,1,1,2.38255e-11,1,1,5.95637e-11
2792.79,532.733,1,1,0,1,1,1.41044e-11,1,1,2.68967e-11,1,1,6.72418e-11
2810.81,534.234,1,1,0,1,1,1.59117e-11,1,1,3.03432e-11,1,1,7.58579e-11
2828.83,535.736,1,1,0,1,1,1.79384e-11,1,1,3.42081e-11,1,1,8.55202e-11
2846.85,537.237,1,1,0,1,1,2.02097e-11,1,1,3.85395e-11,1,1,9.63487e-11
2864.86,538.739,1,1,0,1,1,2.27535e-11,1,1,4.33905e-11,1,1,1.08476e-10
2882.88,540.24,1,1,0,1,1,2.56007e-11,1,1,4.88199e-11,1,1,1.2205e-10
2900.9,541.742,1,1,0,1,1,2.87852e-11,1,1,5.48927e-11,1,1,1.37232e-10
2918.92,543.243,1,1,0,1,1,3.23449e-11,1,1,6.1681e-11,1,1,1.54203e-10
2936.94,544.745,1,1,0,1,1,3.63215e-11,1,1,6.92643e-11,1,1,1.73161e-10
2954.95,546.246,1,1,0,1,1,4.0761e-11,1,1,7.77303e-11,1,1,1.94326e-10
2972.97,547.748,1,1,0,1,1,4.57142e-11,1,1,8.7176e-11,1,1,2.1794e-10
2990.99,549.249,1,1,0,1,1,5.12372e-11,1,1,9.77081e-11,1,1,2.4427e-10
3009.01,550.751,1,1,0,1,1,5.73917e-11,1,1,1.09445e-10,1,1,2.73612e-10
3027.03,552.252,1,1,0,1,1,6.42459e-11,1,1,1.22515e-10,1,1,3.06289e-10
3045.05,553.754,1,1,0,1,1,7.18746e-11,1,1,1.37063e-10,1,1,3.42658e-10
3063.06,555.255,1,1,0,1,1,8.03605e-11,1,1,1.53246e-10,1,1,3.83114e-10
3081.08,556.757,1,1,0,1,1,8.97941e-11,1,1,1.71235e-10,1,1,4.28088e-10
3099.1,558.258,1,1,0,1,1,1.00275e-10,1,1,1.91223e-10,1,1,4.78057e-10
3117.12,559.76,1,1,0,1,1,1.11914e-10,1,1,2.13417e-10,1,1,5.33541e-10
3135.14,561.261,1,1,0,1,1,1.24829e-10,1,1,2.38047e-10,1,1,5.95116e-10
3153.15,562.763,1,1,0,1,1,1.39154e-10,1,1,2.65364e-10,1,1,6.63411e-10
3171.17,564.264,1,1,0,1,1,1.55034e-10,1,1,2.95646e-10,1,1,7.39115e-10
3189.19,565.766,1,1,0,1,1,1.72626e-10,1,1,3.29194e-10,1,1,8.22986e-10
3207.21,567.267,1,1,0,1,1,1.92106e-10,1,1,3.66341e-10,1,1,9.15853e-10
3225.23,568.769,1,1,0,1,1,2.13662e-10,1,1,4.07449e-10,1,1,1.01862e-09
3243.24,570.27,1,1,0,1,1,2.37505e-10,1,1,4.52917e-10,1,1,1.13229e-09
3261.26,571.772,1,1,0,1,1,2.63862e-10,1,1,5.03179e-10,1,1,1.25795e-09
3279.28,573.273,1,1,0,1,1,2.92982e-10,1,1,5.5871e-10,1,1,1.39677e-09
3297.3,574.775,1,1,0,1,1,3.25138e-10,1,1,6.2003e-10,1,1,1.55008e-09
3315.32,576.276,1,1,0,1,1,3.60627e-10,1,1,6.87708e-10,1,1,1.71927e-09
3333.33,577.778,1,1,0,1,1,3.99775e-10,1,1,7.62362e-10,1,1,1.9059e-09
3351.35,579.279,1,1,0,1,1,4.42936e-10,1,1,8.44668e-10,1,1,2.11167e-09
3369.37,580.781,1,1,0,1,1,4.90496e-10,1,1,9.35365e-10,1,1,2.33841e-09
3387.39,582.282,1,1,0,1,1,5.42878e-10,1,1,1.03526e-09,1,1,2.58814e-09
3405.41,583.784,1,1,0,1,1,6.0054e-10,1,1,1.14522e-09,1,1,2.86304e-09
3423.42,585.285,1,1,0,1,1,6.63982e-10,1,1,1.2662e-09,1,1,3.1655e-09
3441.44,586.787,1,1,0,1,1,7.3375e-10,1,1,1.39924e-09,1,1,3.49811e-09
3459.46,588.288,1,1,0,1,1,8.10435e-10,1,1,1.54548e-09,1,1,3.8637e-09
3477.48,589.79,1,1,0,1,1,8.94682e-10,1,1,1.70614e-09,1,1,4.26534e-09
3495.5,591.291,1,1,0,1,1,9.8719e-10,1,1,1.88255e-09,1,1,4.70637e-09
3513.51,592.793,1,1,0,1,1,1.08872e-09,1,1,2.07617e-09,1,1,5.19041e-09
3531.53,594.294,1,1,0,1,1,1.2001e-09,1,1,2.28856e-09,1,1,5.72141e-09
3549.55,595.796,1,1,0,1,1,1.32222e-09,1,1,2.52145e-09,1,1,6.30363e-09
3567.57,597.297,1,1,0,1,1,1.45607e-09,1,1,2.77668e-09,1,1,6.94171e-09
3585.59,598.799,1,1,0,1,1,1.60268e-09,1,1,3.05628e-09,1,1,7.64069e-09
3603.6,600.3,1,1,0,1,1,1.76321e-09,1,1,3.36241e-09,1,1,8.40601e-09
3621.62,601.802,1,1,0,1,1,1.9389e-09,1,1,3.69744e-09,1,1,9.24359e-09
3639.64,603.303,1,1,0,1,1,2.13109e-09,1,1,4.06393e-09,1,1,1.01598e-08
3657.66,604.805,1,1,0,1,1,2.34122e-09,1,1,4.46465e-09,1,1,1.11616e-08
3675.68,606.306,1,1,0,1,1,2.57088e-09,1,1,4.90261e-09,1,1,1.22565e-08
3693.69,607.808,1,1,0,1,1,2.82176e-09,1,1,5.38103e-09,1,1,1.34526e-08
3711.71,609.309,1,1,0,1,1,3.0957e-09,1,1,5.90344e-09,1,1,1.47586e-08
3729.73,610.811,1,1,0,1,1,3.3947e-09,1,1,6.47361e-09,1,1,1.6184e-08
3747.75,612.312,1,1,0,1,1,3.72088e-09,1,1,7.09563e-09,1,1,1.77391e-08
3765.77,613.814,1,1,0,1,1,4.07658e-09,1,1,7.77394e-09,1,1,1.94349e-08
3783.78,615.315,1,1,0,1,1,4.46429e-09,1,1,8.5133e-09,1,1,2.12832e-08
3801.8,616.817,1,1,0,1,1,4.88671e-09,1,1,9.31885e-09,1,1,2.32971e-08
3819.82,618.318,1,1,0,1,1,5.34676e-09,1,1,1.01961e-08,1,1,2.54904e-08
3837.84,619.82,1,1,0,1,1,5.84757e-09,1,1,1.11512e-08,1,1,2.78779e-08
3855.86,621.321,1,1,0,1,1,6.39251e-09,1,1,1.21904e-08,1,1,3.04759e-08
3873.87,622.823,1,1,0,1,1,6.98525e-09,1,1,1.33207e-08,1,1,3.33017e-08
3891.89,624.324,1,1,0,1,1,7.62968e-09,1,1,1.45496e-08,1,1,3.63741e-08
3909.91,625.826,1,1,0,1,1,8.33004e-09,1,1,1.58852e-08,1,1,3.9713e-08
3927.93,627.327,1,1,0,1,1,9.09087e-09,1,1,1.73361e-08,1,1,4.33402e-08
3945.95,628.829,1,1,0,1,1,9.91705e-09,1,1,1.89116e-08,1,1,4.72789e-08
3963.96,630.33,1,1,0,1,1,1.08138e-08,1,1,2.06217e-08,1,1,5.15543e-08
3981.98,631.832,1,1,0,1,1,1.17868e-08,1,1,2.24772e-08,1,1,5.61931e-08
4000,633.333,1,1,0,1,1,1.28422e-08,1,1,2.44897e-08,1,1,6.12243e-08
4018.02,634.835,1,1,0,1,1,1.39863e-08,1,1,2.66716e-08,1,1,6.66789e-08
4036.04,636.336,1,1,0,1,1,1.52263e-08,1,1,2.90361e-08,1,1,7.25903e-08
4054.05,637.838,1,1,0,1,1,1.65695e-08,1,1,3.15976e-08,1,1,7.89941e-08
4072.07,639.339,1,1,0,1,1,1.80241e-08,1,1,3.43715e-08,1,1,8.59287e-08
4090.09,640.841,1,1,0,1,1,1.95986e-08,1,1,3.73741e-08,1,1,9.34352e-08
4108.11,642.342,1,1,0,1,1,2.13024e-08,1,1,4.06231e-08,1,1,1.01558e-07
4126.13,643.844,1,1,0,1,1,2.31452e-08,1,1,4.41374e-08,1,1,1.10343e-07
4144.14,645.345,1,1,0,1,1,2.51378e-08,1,1,4.79372e-08,1,1,1.19843e-07
4162.16,646.847,1,1,0,1,1,2.72914e-08,1,1,5.20441e-08,1,1,1.3011e-07
4180.18,648.348,1,1,0,1,1,2.96183e-08,1,1,5.64814e-08,1,1,1.41204e-07
4198.2,649.85,1,1,0,1,1,3.21314e-08,1,1,6.12739e-08,1,1,1.53185e-07
4216.22,651.351,1,1,0,1,1,3.48447e-08,1,1,6.6448e-08,1,1,1.6612e-07
4234.23,652.853,1,1,0,1,1,3.7773e-08,1,1,7.20322e-08,1,1,1.80081e-07
4252.25,654.354,1,1,0,1,1,4.09322e-08,1,1,7.80568e-08,1,1,1.95142e-07
4270.27,655.856,1,1,0,1,1,4.43394e-08,1,1,8.45541e-08,1,1,2.11385e-07
4288.29,657.357,1,1,0,1,1,4.80126e-08,1,1,9.15589e-08,1,1,2.28897e-07
4306.31,658.859,1,1,0,1,1,5.19712e-08,1,1,9.9108e-08,1,1,2.4777e-07
4324.32,660.36,1,1,0,1,1,5.6236e-08,1,1,1.07241e-07,1,1,2.68102e-07
4342.34,661.862,1,1,0,1,1,6.0829e-08,1,1,1.16e-07,1,1,2.89999e-07
4360.36,663.363,1,1,0,1,1,6.57738e-08,1,1,1.25429e-07,1,1,3.13572e-07
4378.38,664.865,1,1,0,1,1,7.10953e-08,1,1,1.35577e-07,1,1,3.38943e-07
4396.4,666.366,1,1,0,1,1,7.68205e-08,1,1,1.46495e-07,1,1,3.66237e-07
4414.41,667.868,1,1,0,1,1,8.29779e-08,1,1,1.58237e-07,1,1,3.95592e-07
4432.43,669.369,1,1,0,1,1,8.95977e-08,1,1,1.70861e-07,1,1,4.27152e-07
4450.45,670.871,1,1,0,1,1,9.67125e-08,1,1,1.84428e-07,1,0.999999,4.61071e-07
4468.47,672.372,1,1,0,1,1,1.04357e-07,1,1,1.99006e-07,1,0.999999,4.97514e-07
4486.49,673.874,1,1,0,1,1,1.12567e-07,1,1,2.14662e-07,1,0.999999,5.36655e-07
4504.5,675.375,1,1,0,1,1,1.21382e-07,1,1,2.31472e-07,1,0.999999,5.78681e-07
4522.52,676.877,1,1,0,1,1,1.30844e-07,1,1,2.49516e-07,1,0.999999,6.23789e-07
4540.54,678.378,1,1,0,1,1,1.40996e-07,1,1,2.68876e-07,1,0.999999,6.7219e-07
4558.56,679.88,1,1,0,1,1,1.51886e-07,1,1,2.89643e-07,1,0.999999,7.24107e-07
4576.58,681.381,1,1,0,1,1,1.63563e-07,1,1,3.11912e-07,1,0.999999,7.79778e-07
4594.59,682.883,1,1,0,1,1,1.76081e-07,1,1,3.35783e-07,1,0.999999,8.39457e-07
4612.61,684.384,1,1,0,1,1,1.89496e-07,1,1,3.61364e-07,1,0.999999,9.0341e-07
4630.63,685.886,1,1,0,1,1,2.03867e-07,1,1,3.88769e-07,1,0.999999,9.71923e-07
4648.65,687.387,1,1,0,1,1,2.19258e-07,1,1,4.18119e-07,1,0.999999,1.0453e-06
4666.67,688.889,1,1,0,1,1,2.35736e-07,1,0.999999,4.49542e-07,1,0.999999,1.12386e-06
4684.68,690.39,1,1,0,1,1,2.53372e-07,1,0.999999,4.83175e-07,1,0.999999,1.20794e-06
4702.7,691.892,1,1,0,1,1,2.72243e-07,1,0.999999,5.19161e-07,1,0.999998,1.2979e-06
4720.72,693.393,1,1,0,1,1,2.92428e-07,1,0.999999,5.57653e-07,1,0.999998,1.39413e-06
4738.74,694.895,1,1,0,1,1,3.14013e-07,1,0.999999,5.98815e-07,1,0.999998,1.49703e-06
4756.76,696.396,1,1,0,1,1,3.37087e-07,1,0.999999,6.42817e-07,1,0.999998,1.60704e-06
4774.77,697.898,1,1,0,1,1,3.61746e-07,1,0.999999,6.89842e-07,1,0.999998,1.7246e-06
4792.79,699.399,1,1,0,1,1,3.88092e-07,1,0.999999,7.40082e-07,1,0.999998,1.8502e-06
4810.81,700.901,1,1,0,1,0.999999,4.16231e-07,1,0.999999,7.93743e-07,1,0.999998,1.98435e-06
4828.83,702.402,1,1,0,1,0.999999,4.46277e-07,1,0.999999,8.5104e-07,0.999999,0.999997,2.1276e-06
4846.85,703.904,1,1,0,1,0.999999,4.7835e-07,1,0.999999,9.12201e-07,0.999999,0.999997,2.2805e-06
4864.86,705.405,1,1,0,1,0.999999,5.12575e-07,1,0.999999,9.77469e-07,0.999999,0.999997,2.44367e-06
4882.88,706.907,1,1,0,1,0.999999,5.49089e-07,1,0.999999,1.0471e-06,0.999999,0.999997,2.61774e-06
4900.9,708.408,1,1,0,1,0.999999,5.88032e-07,1,0.999999,1.12136e-06,0.999999,0.999997,2.8034e-06
4918.92,709.91,1,1,0,1,0.999999,6.29555e-07,1,0.999999,1.20055e-06,0.999999,0.999996,3.00136e-06
4936.94,711.411,1,1,0,1,0.999999,6.73815e-07,1,0.999998,1.28495e-06,0.999999,0.999996,3.21236e-06
4954.95,712.913,1,1,0,1,0.999999,7.20981e-07,1,0.999998,1.37489e-06,0.999999,0.999996,3.43722e-06
4972.97,714.414,1,1,0,1,0.999999,7.71229e-07,1,0.999998,1.47071e-06,0.999999,0.999995,3.67677e-06
4990.99,715.916,1,1,0,1,0.999999,8.24745e-07,1,0.999998,1.57277e-06,0.999999,0.999995,3.93191e-06
5009.01,717.417,1,1,0,1,0.999999,8.81728e-07,1,0.999998,1.68143e-06,0.999999,0.999995,4.20357e-06
5027.03,718.919,1,1,0,1,0.999999,9.42385e-07,1,0.999998,1.7971e-06,0.999999,0.999994,4.49274e-06
5045.05,720.42,1,1,0,1,0.999999,1.00693e-06,1,0.999998,1.9202e-06,0.999999,0.999994,4.80048e-06
5063.06,721.922,1,1,0,1,0.999999,1.07561e-06,0.999999,0.999997,2.05116e-06,0.999999,0.999993,5.12788e-06
5081.08,723.423,1,1,0,1,0.999999,1.14865e-06,0.999999,0.999997,2.19045e-06,0.999999,0.999993,5.47611e-06
5099.1,724.925,1,1,0,1,0.999998,1.22633e-06,0.999999,0.999997,2.33857e-06,0.999998,0.999992,5.8464e-06
5117.12,726.426,1,1,0,1,0.999998,1.30889e-06,0.999999,0.999997,2.49603e-06,0.999998,0.999992,6.24003e-06
5135.14,727.928,1,1,0,1,0.999998,1.39665e-06,0.999999,0.999997,2.66337e-06,0.999998,0.999991,6.65838e-06
5153.15,729.429,1,1,0,1,0.999998,1.48988e-06,0.999999,0.999996,2.84117e-06,0.999998,0.999991,7.10288e-06
5171.17,730.931,1,1,0,1,0.999998,1.58892e-06,0.999999,0.999996,3.03004e-06,0.999998,0.99999,7.57504e-06
5189.19,732.432,1,1,0,1,0.999998,1.6941e-06,0.999999,0.999996,3.23061e-06,0.999998,0.999989,8.07646e-06
5207.21,733.934,1,1,0,1,0.999998,1.80577e-06,0.999999,0.999995,3.44355e-06,0.999998,0.999989,8.60881e-06
5225.23,735.435,1,1,0,0.999999,0.999997,1.92429e-06,0.999999,0.999995,3.66957e-06,0.999998,0.999988,9.17385e-06
5243.24,736.937,1,1,0,0.999999,0.999997,2.05006e-06,0.999999,0.999995,3.90941e-06,0.999997,0.999987,9.77345e-06
5261.26,738.438,1,1,0,0.999999,0.999997,2.18349e-06,0.999999,0.999994,4.16386e-06,0.999997,0.999986,1.04096e-05
5279.28,739.94,1,1,0,0.999999,0.999997,2.32501e-06,0.999999,0.999994,4.43373e-06,0.999997,0.999985,1.10842e-05
5297.3,741.441,1,1,0,0.999999,0.999997,2.47508e-06,0.999999,0.999994,4.7199e-06,0.999997,0.999984,1.17996e-05
5315.32,742.943,1,1,0,0.999999,0.999996,2.63416e-06,0.999999,0.999993,5.02326e-06,0.999997,0.999983,1.2558e-05
5333.33,744.444,1,1,0,0.999999,0.999996,2.80276e-06,0.999999,0.999993,5.34478e-06,0.999996,0.999982,1.33618e-05
5351.35,745.946,1,1,0,0.999999,0.999996,2.98141e-06,0.999998,0.999992,5.68546e-06,0.999996,0.99998,1.42135e-05
5369.37,747.447,1,1,0,0.999999,0.999996,3.17066e-06,0.999998,0.999992,6.04635e-06,0.999996,0.999979,1.51157e-05
5387.39,748.949,1,1,0,0.999999,0.999995,3.37109e-06,0.999998,0.999991,6.42856e-06,0.999996,0.999978,1.60712e-05
5405.41,750.45,1,1,0,0.999999,0.999995,3.58331e-06,0.999998,0.99999,6.83325e-06,0.999995,0.999976,1.70829e-05
5423.42,751.952,1,1,0,0.999999,0.999995,3.80796e-06,0.999998,0.99999,7.26165e-06,0.999995,0.999975,1.81539e-05
5441.44,753.453,1,1,0,0.999999,0.999994,4.04571e-06,0.999998,0.999989,7.71504e-06,0.999995,0.999973,1.92873e-05
5459.46,754.955,1,1,0,0.999999,0.999994,4.29728e-06,0.999998,0.999988,8.19477e-06,0.999994,0.999971,2.04866e-05
5477.48,756.456,1,1,0,0.999999,0.999994,4.56339e-06,0.999998,0.999988,8.70223e-06,0.999994,0.999969,2.17552e-05
5495.5,757.958,1,1,0,0.999999,0.999993,4.84483e-06,0.999997,0.999987,9.23893e-06,0.999993,0.999967,2.30969e-05
5513.51,759.459,1,1,0,0.999999,0.999993,5.14241e-06,0.999997,0.999986,9.8064e-06,0.999993,0.999965,2.45155e-05
5531.53,760.961,1,1,0,0.999998,0.999992,5.45699e-06,0.999997,0.999985,1.04063e-05,0.999993,0.999963,2.60151e-05
5549.55,762.462,1,1,0,0.999998,0.999992,5.78945e-06,0.999997,0.999984,1.10403e-05,0.999992,0.99996,2.76e-05
5567.57,763.964,1,1,0,0.999998,0.999991,6.14074e-06,0.999997,0.999983,1.17102e-05,0.999992,0.999958,2.92746e-05
5585.59,765.465,1,1,0,0.999998,0.999991,6.51184e-06,0.999996,0.999982,1.24178e-05,0.999991,0.999955,3.10437e-05
5603.6,766.967,1,1,0,0.999998,0.99999,6.90378e-06,0.999996,0.999981,1.31652e-05,0.99999,0.999952,3.29121e-05
5621.62,768.468,1,1,0,0.999998,0.999989,7.31764e-06,0.999996,0.99998,1.39544e-05,0.99999,0.999949,3.4885e-05
5639.64,769.97,1,1,0,0.999998,0.999989,7.75455e-06,0.999996,0.999978,1.47876e-05,0.999989,0.999946,3.69678e-05
5657.66,771.471,1,1,0,0.999998,0.999988,8.21568e-06,0.999995,0.999977,1.56669e-05,0.999989,0.999943,3.9166e-05
5675.68,772.973,1,1,0,0.999997,0.999987,8.70229e-06,0.999995,0.999976,1.65949e-05,0.999988,0.999939,4.14857e-05
5693.69,774.474,1,1,0,0.999997,0.999986,9.21566e-06,0.999995,0.999974,1.75738e-05,0.999987,0.999935,4.39329e-05
5711.71,775.976,1,1,0,0.999997,0.999986,9.75715e-06,0.999994,0.999972,1.86064e-05,0.999986,0.999931,4.65141e-05
5729.73,777.477,1,1,0,0.999997,0.999985,1.03282e-05,0.999994,0.999971,1.96953e-05,0.999985,0.999927,4.92361e-05
5747.75,778.979,1,1,0,0.999997,0.999984,1.09302e-05,0.999994,0.999969,2.08434e-05,0.999984,0.999922,5.2106e-05
5765.77,780.48,1,1,0,0.999997,0.999983,1.15649e-05,0.999993,0.999967,2.20536e-05,0.999983,0.999917,5.51312e-05
5783.78,781.982,1,1,0,0.999996,0.999982,1.22337e-05,0.999993,0.999965,2.33289e-05,0.999982,0.999912,5.83193e-05
5801.8,783.483,1,1,0,0.999996,0.99998,1.29384e-05,0.999993,0.999963,2.46728e-05,0.999981,0.999907,6.16784e-05
5819.82,784.985,1,1,0,0.999996,0.999979,1.36808e-05,0.999992,0.99996,2.60884e-05,0.99998,0.999901,6.52171e-05
5837.84,786.486,1,1,0,0.999996,0.999978,1.44626e-05,0.999992,0.999958,2.75794e-05,0.999979,0.999895,6.8944e-05
5855.86,787.988,1,1,0,0.999995,0.999977,1.5286e-05,0.999991,0.999955,2.91494e-05,0.999978,0.999889,7.28685e-05
5873.87,789.489,1,1,0,0.999995,0.999975,1.61528e-05,0.999991,0.999953,3.08022e-05,0.999976,0.999882,7.70001e-05
5891.89,790.991,1,1,0,0.999995,0.999974,1.70651e-05,0.99999,0.99995,3.2542e-05,0.999975,0.999875,8.1349e-05
5909.91,792.492,1,1,0,0.999994,0.999972,1.80253e-05,0.999989,0.999947,3.43729e-05,0.999973,0.999867,8.59255e-05
5927.93,793.994,1,1,0,0.999994,0.99997,1.90355e-05,0.999989,0.999944,3.62993e-05,0.999972,0.999859,9.07406e-05
5945.95,795.495,1,1,0,0.999994,0.999969,2.00982e-05,0.999988,0.99994,3.83258e-05,0.99997,0.999851,9.58058e-05
5963.96,796.997,1,1,0,0.999993,0.999967,2.12159e-05,0.999987,0.999937,4.0457e-05,0.999968,0.999842,0.000101133
5981.98,798.498,1,1,0,0.999993,0.999965,2.23912e-05,0.999987,0.999933,4.26982e-05,0.999967,0.999833,0.000106735
6000,800,1,1,0,0.999993,0.999963,2.36268e-05,0.999986,0.999929,4.50543e-05,0.999965,0.999823,0.000112624
6018.02,801.502,1,1,0,0.999992,0.999961,2.49256e-05,0.999985,0.999925,4.75308e-05,0.999962,0.999812,0.000118814
6036.04,803.003,1,1,0,0.999992,0.999958,2.62905e-05,0.999984,0.999921,5.01335e-05,0.99996,0.999801,0.000125319
6054.05,804.505,1,1,0,0.999991,0.999956,2.77246e-05,0.999983,0.999916,5.28681e-05,0.999958,0.99979,0.000132154
6072.07,806.006,1,1,0,0.999991,0.999953,2.92312e-05,0.999982,0.999911,5.57408e-05,0.999955,0.999777,0.000139334
6090.09,807.508,1,1,0,0.99999,0.999951,3.08136e-05,0.999981,0.999906,5.87581e-05,0.999953,0.999765,0.000146875
6108.11,809.009,1,1,0,0.99999,0.999948,3.24752e-05,0.99998,0.9999,6.19266e-05,0.99995,0.999751,0.000154793
6126.13,810.511,1,1,0,0.999989,0.999945,3.42198e-05,0.999979,0.999895,6.52531e-05,0.999947,0.999737,0.000163107
6144.14,812.012,1,1,0,0.999988,0.999942,3.60512e-05,0.999978,0.999889,6.87451e-05,0.999944,0.999722,0.000171834
6162.16,813.514,1,1,0,0.999988,0.999938,3.79732e-05,0.999976,0.999882,7.241e-05,0.999941,0.999706,0.000180993
6180.18,815.015,1,1,0,0.999987,0.999935,3.99901e-05,0.999975,0.999876,7.62556e-05,0.999938,0.999689,0.000190603
6198.2,816.517,1,1,0,0.999986,0.999931,4.2106e-05,0.999974,0.999869,8.02901e-05,0.999934,0.999671,0.000200686
6216.22,818.018,1,1,0,0.999985,0.999927,4.43255e-05,0.999972,0.999861,8.45221e-05,0.999931,0.999653,0.000211261
6234.23,819.52,1,1,0,0.999985,0.999923,4.66532e-05,0.999971,0.999853,8.89603e-05,0.999927,0.999633,0.000222352
6252.25,821.021,1,1,0,0.999984,0.999919,4.90939e-05,0.999969,0.999845,9.36141e-05,0.999923,0.999613,0.000233981
6270.27,822.523,1,1,0,0.999983,0.999914,5.16527e-05,0.999967,0.999836,9.84929e-05,0.999918,0.999591,0.000246172
6288.29,824.024,1,1,0,0.999982,0.999909,5.43348e-05,0.999965,0.999827,0.000103607,0.999914,0.999568,0.00025895
6306.31,825.526,1,1,0,0.999981,0.999904,5.71456e-05,0.999964,0.999818,0.000108966,0.999909,0.999544,0.00027234
6324.32,827.027,1,1,0,0.99998,0.999899,6.00908e-05,0.999962,0.999808,0.000114581,0.999904,0.999519,0.000286371
6342.34,828.529,1,1,0,0.999979,0.999894,6.31763e-05,0.999959,0.999797,0.000120464,0.999899,0.999493,0.000301069
6360.36,830.03,1,1,0,0.999978,0.999888,6.64081e-05,0.999957,0.999786,0.000126626,0.999893,0.999465,0.000316463
6378.38,831.532,1,1,0,0.999976,0.999882,6.97927e-05,0.999955,0.999774,0.000133079,0.999887,0.999436,0.000332584
6396.4,833.033,1,1,0,0.999975,0.999875,7.33366e-05,0.999952,0.999762,0.000139835,0.999881,0.999405,0.000349464
6414.41,834.535,1,1,0,0.999974,0.999868,7.70467e-05,0.99995,0.999749,0.000146909,0.999875,0.999373,0.000367134
6432.43,836.036,1,1,0,0.999972,0.999861,8.09301e-05,0.999947,0.999735,0.000154312,0.999868,0.999339,0.000385628
6450.45,837.538,1,1,0,0.999971,0.999854,8.49942e-05,0.999944,0.999721,0.000162061,0.999861,0.999303,0.000404982
6468.47,839.039,1,1,0,0.999969,0.999846,8.92468e-05,0.999941,0.999706,0.000170168,0.999853,0.999266,0.000425232
6486.49,840.541,1,1,0,0.999968,0.999838,9.36957e-05,0.999938,0.999691,0.000178649,0.999845,0.999227,0.000446416
6504.5,842.042,1,1,0,0.999966,0.999829,9.83492e-05,0.999935,0.999674,0.000187521,0.999837,0.999185,0.000468572
6522.52,843.544,1,1,0,0.999964,0.99982,0.000103216,0.999931,0.999657,0.000196799,0.999828,0.999142,0.000491743
6540.54,845.045,1,1,0,0.999962,0.99981,0.000108305,0.999928,0.999639,0.0002065,0.999819,0.999097,0.00051597
6558.56,846.547,1,1,0,0.99996,0.9998,0.000113626,0.999924,0.999619,0.000216642,0.99981,0.999049,0.000541296
6576.58,848.048,1,1,0,0.999958,0.99979,0.000119187,0.99992,0.9996,0.000227244,0.9998,0.998999,0.000567769
6594.59,849.55,1,1,0,0.999956,0.999779,0.000125,0.999916,0.999579,0.000238324,0.999789,0.998947,0.000595433
6612.61,851.051,1,1,0,0.999953,0.999767,0.000131074,0.999911,0.999557,0.000249902,0.999778,0.998892,0.000624339
6630.63,852.553,1,1,0,0.999951,0.999755,0.00013742,0.999907,0.999533,0.000261998,0.999767,0.998834,0.000654537
6648.65,854.054,1,1,0,0.999949,0.999743,0.000144049,0.999902,0.999509,0.000274634,0.999755,0.998774,0.00068608
6666.67,855.556,1,1,0,0.999946,0.999729,0.000150973,0.999897,0.999484,0.000287832,0.999742,0.99871,0.000719022
6684.68,857.057,1,1,0,0.999943,0.999715,0.000158204,0.999891,0.999457,0.000301613,0.999729,0.998644,0.000753419
6702.7,858.559,1,1,0,0.99994,0.999701,0.000165754,0.999886,0.99943,0.000316002,0.999715,0.998575,0.00078933
6720.72,860.06,1,1,0,0.999937,0.999686,0.000173635,0.99988,0.9994,0.000331024,0.9997,0.998502,0.000826816
6738.74,861.562,1,1,0,0.999934,0.99967,0.000181862,0.999874,0.99937,0.000346703,0.999685,0.998426,0.000865938
6756.76,863.063,1,1,0,0.999931,0.999653,0.000190448,0.999868,0.999338,0.000363065,0.999669,0.998346,0.000906762
6774.77,864.565,1,1,0,0.999927,0.999635,0.000199407,0.999861,0.999304,0.000380138,0.999652,0.998262,0.000949355
6792.79,866.066,1,1,0,0.999923,0.999617,0.000208754,0.999854,0.999269,0.00039795,0.999635,0.998175,0.000993786
6810.81,867.568,1,1,0,0.99992,0.999598,0.000218504,0.999847,0.999233,0.00041653,0.999617,0.998083,0.00104013
6828.83,869.069,1,1,0,0.999915,0.999577,0.000228674,0.999839,0.999194,0.000435908,0.999597,0.997987,0.00108845
6846.85,870.571,1,1,0,0.999911,0.999556,0.000239278,0.999831,0.999154,0.000456115,0.999577,0.997887,0.00113884
6864.86,872.072,1,1,0,0.999907,0.999534,0.000250336,0.999822,0.999112,0.000477183,0.999556,0.997782,0.00119137
6882.88,873.574,1,1,0,0.999902,0.999511,0.000261863,0.999814,0.999068,0.000499145,0.999534,0.997672,0.00124612
6900.9,875.075,1,1,0,0.999897,0.999487,0.000273879,0.999804,0.999022,0.000522037,0.999511,0.997557,0.00130318
6918.92,876.577,1,1,0,0.999892,0.999462,0.000286401,0.999795,0.998974,0.000545894,0.999487,0.997437,0.00136263
6936.94,878.078,1,1,0,0.999887,0.999435,0.00029945,0.999785,0.998924,0.000570752,0.999462,0.997312,0.00142458
6954.95,879.58,1,1,0,0.999882,0.999408,0.000313046,0.999774,0.998871,0.00059665,0.999436,0.99718,0.0014891
6972.97,881.081,1,1,0,0.999876,0.999379,0.000327208,0.999763,0.998816,0.000623627,0.999409,0.997043,0.0015563
6990.99,882.583,1,1,0,0.99987,0.999349,0.00034196,0.999752,0.998759,0.000651724,0.99938,0.9969,0.00162628
7009.01,884.084,1,1,0,0.999863,0.999317,0.000357322,0.99974,0.998699,0.000680983,0.99935,0.99675,0.00169914
7027.03,885.586,1,1,0,0.999857,0.999284,0.000373319,0.999727,0.998636,0.000711448,0.999319,0.996593,0.00177498
7045.05,887.087,1,1,0,0.99985,0.99925,0.000389973,0.999714,0.99857,0.000743163,0.999286,0.99643,0.00185393
7063.06,888.589,1,1,0,0.999843,0.999214,0.000407309,0.9997,0.998502,0.000776175,0.999252,0.996259,0.00193608
7081.08,890.09,1,1,0,0.999835,0.999177,0.000425353,0.999686,0.998431,0.000810532,0.999216,0.996081,0.00202156
7099.1,891.592,1,1,0,0.999828,0.999138,0.000444131,0.999671,0.998356,0.000846284,0.999179,0.995895,0.00211049
7117.12,893.093,1,1,0,0.999819,0.999097,0.000463669,0.999656,0.998278,0.000883481,0.99914,0.995701,0.002203
7135.14,894.595,1,1,0,0.999811,0.999054,0.000483996,0.999639,0.998197,0.000922177,0.9991,0.995498,0.00229921
7153.15,896.096,1,1,0,0.999802,0.999009,0.00050514,0.999622,0.998112,0.000962425,0.999057,0.995286,0.00239925
7171.17,897.598,1,1,0,0.999793,0.998963,0.000527132,0.999605,0.998023,0.00100428,0.999013,0.995065,0.00250327
7189.19,899.099,1,1,0,0.999783,0.998914,0.000550001,0.999586,0.997931,0.00104781,0.998967,0.994835,0.00261139
7207.21,900.601,1,1,0,0.999773,0.998864,0.000573781,0.999567,0.997834,0.00109306,0.998919,0.994595,0.00272377
7225.23,902.102,1,1,0,0.999762,0.998811,0.000598502,0.999547,0.997734,0.0011401,0.998869,0.994344,0.00284056
7243.24,903.604,1,1,0,0.999751,0.998756,0.0006242,0.999526,0.997629,0.00118899,0.998817,0.994083,0.00296191
7261.26,905.105,1,1,0,0.99974,0.998698,0.000650908,0.999504,0.997519,0.0012398,0.998762,0.99381,0.00308798
7279.28,906.607,1,1,0,0.999728,0.998639,0.000678664,0.999481,0.997405,0.0012926,0.998705,0.993526,0.00321893
7297.3,908.108,1,1,0,0.999715,0.998576,0.000707503,0.999457,0.997286,0.00134745,0.998646,0.99323,0.00335492
7315.32,909.61,1,1,0,0.999702,0.998511,0.000737464,0.999432,0.997162,0.00140443,0.998584,0.992921,0.00349614
7333.33,911.111,1,1,0,0.999689,0.998443,0.000768587,0.999407,0.997033,0.00146361,0.99852,0.9926,0.00364275
7351.35,912.613,1,1,0,0.999674,0.998372,0.000800912,0.99938,0.996899,0.00152507,0.998453,0.992265,0.00379494
7369.37,914.114,1,1,0,0.99966,0.998299,0.00083448,0.999352,0.996758,0.00158888,0.998383,0.991916,0.0039529
7387.39,915.616,1,1,0,0.999644,0.998222,0.000869336,0.999322,0.996612,0.00165513,0.99831,0.991552,0.00411682
7405.41,917.117,1,1,0,0.999628,0.998142,0.000905523,0.999292,0.99646,0.0017239,0.998235,0.991174,0.00428689
7423.42,918.619,1,1,0,0.999612,0.998059,0.000943087,0.99926,0.996302,0.00179528,0.998156,0.990779,0.00446332
7441.44,920.12,1,1,0,0.999594,0.997972,0.000982076,0.999227,0.996136,0.00186935,0.998074,0.990369,0.00464632
7459.46,921.622,1,1,0,0.999576,0.997882,0.00102254,0.999193,0.995965,0.00194621,0.997988,0.989942,0.0048361
7477.48,923.123,1,1,0,0.999558,0.997788,0.00106452,0.999157,0.995786,0.00202594,0.997899,0.989497,0.00503288
7495.5,924.625,1,1,0,0.999538,0.99769,0.00110808,0.99912,0.995599,0.00210866,0.997807,0.989035,0.00523688
7513.51,926.126,1,1,0,0.999518,0.997588,0.00115327,0.999081,0.995406,0.00219444,0.997711,0.988553,0.00544834
7531.53,927.628,1,1,0,0.999496,0.997482,0.00120013,0.999041,0.995204,0.0022834,0.997611,0.988053,0.00566748
7549.55,929.129,1,1,0,0.999474,0.997372,0.00124874,0.998999,0.994994,0.00237564,0.997506,0.987532,0.00589456
7567.57,930.631,1,1,0,0.999451,0.997257,0.00129914,0.998955,0.994776,0.00247127,0.997398,0.98699,0.00612982
7585.59,932.132,1,1,0,0.999428,0.997138,0.0013514,0.99891,0.994549,0.0025704,0.997285,0.986427,0.00637352
7603.6,933.634,1,1,0,0.999403,0.997013,0.00140557,0.998862,0.994312,0.00267313,0.997168,0.985841,0.0066259
7621.62,935.135,1,1,0,0.999377,0.996884,0.00146173,0.998813,0.994067,0.0027796,0.997047,0.985233,0.00688725
7639.64,936.637,1,1,0,0.99935,0.99675,0.00151992,0.998762,0.993811,0.00288991,0.99692,0.9846,0.00715782
7657.66,938.138,1,1,0,0.999322,0.99661,0.00158023,0.998709,0.993546,0.0030042,0.996789,0.983943,0.0074379
7675.68,939.64,1,1,0,0.999293,0.996465,0.00164272,0.998654,0.99327,0.00312258,0.996652,0.983259,0.00772777
7693.69,941.141,1,1,0,0.999263,0.996314,0.00170745,0.998597,0.992983,0.00324518,0.99651,0.98255,0.00802771
7711.71,942.643,1,1,0,0.999231,0.996157,0.00177451,0.998537,0.992685,0.00337215,0.996363,0.981813,0.00833803
7729.73,944.144,1,1,0,0.999199,0.995994,0.00184396,0.998475,0.992375,0.00350361,0.996209,0.981047,0.00865903
7747.75,945.646,1,1,0,0.999165,0.995825,0.00191588,0.998411,0.992053,0.0036397,0.99605,0.980252,0.008991
7765.77,947.147,1,1,0,0.99913,0.995649,0.00199035,0.998344,0.991719,0.00378057,0.995885,0.979426,0.00933428
7783.78,948.649,1,1,0,0.999093,0.995466,0.00206745,0.998274,0.991372,0.00392637,0.995714,0.97857,0.00968916
7801.8,950.15,1,1,0,0.999055,0.995276,0.00214727,0.998202,0.991012,0.00407724,0.995536,0.97768,0.010056
7819.82,951.652,1,1,0,0.999016,0.995079,0.00222988,0.998127,0.990637,0.00423334,0.995351,0.976757,0.0104351
7837.84,953.153,1,1,0,0.998975,0.994875,0.00231537,0.99805,0.990249,0.00439483,0.99516,0.975799,0.0108268
7855.86,954.655,1,1,0,0.998932,0.994662,0.00240384,0.997969,0.989845,0.00456186,0.994961,0.974806,0.0112314
7873.87,956.156,1,1,0,0.998888,0.994441,0.00249537,0.997885,0.989426,0.00473461,0.994755,0.973775,0.0116493
7891.89,957.658,1,1,0,0.998842,0.994212,0.00259006,0.997798,0.988992,0.00491324,0.994541,0.972706,0.0120808
7909.91,959.159,1,1,0,0.998795,0.993974,0.002688,0.997708,0.988541,0.00509793,0.99432,0.971598,0.0125264
7927.93,960.661,1,1,0,0.998746,0.993728,0.0027893,0.997615,0.988073,0.00528885,0.99409,0.970448,0.0129863
7945.95,962.162,1,1,0,0.998694,0.993472,0.00289405,0.997518,0.987588,0.00548619,0.993851,0.969257,0.0134609
7963.96,963.664,1,1,0,0.998641,0.993206,0.00300235,0.997417,0.987084,0.00569012,0.993604,0.968022,0.0139506
7981.98,965.165,1,1,0,0.998586,0.992931,0.00311432,0.997312,0.986562,0.00590085,0.993349,0.966743,0.0144558
8000,966.667,1,1,0,0.998529,0.992645,0.00323006,0.997204,0.986021,0.00611855,0.993083,0.965417,0.0149767
8018.02,968.168,1,1,0,0.99847,0.992348,0.00334969,0.997092,0.985459,0.00634343,0.992809,0.964043,0.0155139
8036.04,969.67,1,1,0,0.998408,0.992041,0.00347331,0.996975,0.984877,0.00657569,0.992524,0.962621,0.0160677
8054.05,971.171,1,1,0,0.998344,0.991722,0.00360105,0.996855,0.984274,0.00681554,0.99223,0.961148,0.0166385
8072.07,972.673,1,1,0,0.998278,0.991392,0.00373302,0.99673,0.983649,0.00706317,0.991924,0.959622,0.0172266
8090.09,974.174,1,1,0,0.99821,0.99105,0.00386934,0.9966,0.983001,0.00731882,0.991609,0.958043,0.0178325
8108.11,975.676,1,1,0,0.998139,0.990695,0.00401014,0.996466,0.98233,0.00758268,0.991282,0.956408,0.0184565
8126.13,977.177,1,1,0,0.998065,0.990327,0.00415556,0.996327,0.981634,0.007855,0.990943,0.954716,0.019099
8144.14,978.679,1,1,0,0.997989,0.989946,0.00430571,0.996183,0.980914,0.00813598,0.990593,0.952966,0.0197604
8162.16,980.18,1,1,0,0.99791,0.989551,0.00446073,0.996034,0.980168,0.00842586,0.990231,0.951155,0.0204411
8180.18,981.682,1,1,0,0.997828,0.989142,0.00462077,0.995879,0.979395,0.00872487,0.989856,0.949282,0.0211415
8198.2,983.183,1,1,0,0.997744,0.988718,0.00478595,0.995719,0.978596,0.00903326,0.989469,0.947345,0.021862
8216.22,984.685,1,1,0,0.997656,0.988279,0.00495642,0.995553,0.977767,0.00935125,0.989068,0.945342,0.0226028
8234.23,986.186,1,1,0,0.997565,0.987825,0.00513233,0.995382,0.97691,0.0096791,0.988654,0.943271,0.0233645
8252.25,987.688,1,1,0,0.997471,0.987354,0.00531382,0.995205,0.976023,0.010017,0.988226,0.941131,0.0241474
8270.27,989.189,1,1,0,0.997373,0.986867,0.00550105,0.995021,0.975105,0.0103653,0.987784,0.938919,0.0249517
8288.29,990.691,1,1,0,0.997273,0.986363,0.00569417,0.994831,0.974155,0.0107243,0.987327,0.936634,0.025778
8306.31,992.192,1,1,0,0.997168,0.985841,0.00589334,0.994634,0.973172,0.011094,0.986855,0.934274,0.0266265
8324.32,993.694,1,1,0,0.99706,0.985301,0.00609871,0.994431,0.972155,0.0114749,0.986367,0.931835,0.0274976
8342.34,995.195,1,1,0,0.996948,0.984742,0.00631046,0.994221,0.971104,0.0118672,0.985864,0.929318,0.0283915
8360.36,996.697,1,1,0,0.996833,0.984163,0.00652875,0.994003,0.970017,0.0122712,0.985344,0.926719,0.0293087
8378.38,998.198,1,1,0,0.996713,0.983565,0.00675374,0.993778,0.968892,0.0126871,0.984807,0.924036,0.0302493
8396.4,999.7,1,1,0,0.996589,0.982946,0.00698562,0.993546,0.96773,0.0131152,0.984253,0.921267,0.0312138
8414.41,1001.2,1,1,0,0.996461,0.982306,0.00722455,0.993306,0.966529,0.0135558,0.983682,0.91841,0.0322023
8432.43,1002.7,1,1,0,0.996329,0.981644,0.00747072,0.993057,0.965287,0.0140091,0.983093,0.915464,0.033215
8450.45,1004.2,1,1,0,0.996192,0.980959,0.0077243,0.992801,0.964004,0.0144755,0.982485,0.912425,0.0342524
8468.47,1005.71,1,1,0,0.99605,0.980252,0.00798549,0.992536,0.962678,0.0149551,0.981858,0.909291,0.0353144
8486.49,1007.21,1,1,0,0.995904,0.97952,0.00825447,0.992262,0.961309,0.0154484,0.981212,0.90606,0.0364014
8504.5,1008.71,1,1,0,0.995753,0.978764,0.00853143,0.991979,0.959894,0.0159556,0.980546,0.902731,0.0375135
8522.52,1010.21,1,1,0,0.995597,0.977983,0.00881656,0.991687,0.958433,0.0164769,0.97986,0.8993,0.0386507
8540.54,1011.71,1,1,0,0.995435,0.977175,0.00911006,0.991385,0.956925,0.0170126,0.979153,0.895765,0.0398133
8558.56,1013.21,1,1,0,0.995268,0.976341,0.00941213,0.991073,0.955367,0.0175631,0.978425,0.892125,0.0410013
8576.58,1014.71,1,1,0,0.995096,0.975479,0.00972298,0.990752,0.953759,0.0181286,0.977675,0.888376,0.0422147
8594.59,1016.22,1,1,0,0.994918,0.974589,0.0100428,0.99042,0.9521,0.0187095,0.976903,0.884517,0.0434535
8612.61,1017.72,1,1,0,0.994734,0.973669,0.0103718,0.990077,0.950387,0.0193058,0.976109,0.880545,0.0447177
8630.63,1019.22,1,1,0,0.994544,0.972719,0.0107102,0.989724,0.948621,0.0199181,0.975292,0.876458,0.0460072
8648.65,1020.72,1,1,0,0.994348,0.971739,0.0110582,0.98936,0.946798,0.0205464,0.974451,0.872254,0.0473219
8666.67,1022.22,1,1,0,0.994145,0.970726,0.011416,0.988984,0.944918,0.0211912,0.973586,0.867931,0.0486616
8684.68,1023.72,1,1,0,0.993936,0.969681,0.0117838,0.988596,0.942979,0.0218526,0.972697,0.863485,0.0500261
8702.7,1025.23,1,1,0,0.993721,0.968603,0.0121619,0.988196,0.940979,0.022531,0.971783,0.858915,0.0514151
8720.72,1026.73,1,1,0,0.993498,0.96749,0.0125504,0.987784,0.938918,0.0232266,0.970844,0.85422,0.0528284
8738.74,1028.23,1,1,0,0.993268,0.966341,0.0129497,0.987359,0.936794,0.0239397,0.969879,0.849395,0.0542655
8756.76,1029.73,1,1,0,0.993031,0.965156,0.0133598,0.986921,0.934604,0.0246704,0.968888,0.84444,0.055726
8774.77,1031.23,1,1,0,0.992787,0.963933,0.0137811,0.98647,0.932348,0.0254191,0.967871,0.839353,0.0572094
8792.79,1032.73,1,1,0,0.992534,0.962672,0.0142137,0.986005,0.930023,0.026186,0.966826,0.834131,0.0587151
8810.81,1034.23,1,1,0,0.992274,0.961372,0.014658,0.985526,0.927629,0.0269713,0.965754,0.828772,0.0602425
8828.83,1035.74,1,1,0,0.992006,0.960031,0.015114,0.985032,0.925162,0.0277752,0.964655,0.823275,0.0617909
8846.85,1037.24,1,1,0,0.99173,0.958648,0.0155821,0.984525,0.922623,0.028598,0.963527,0.817637,0.0633595
8864.86,1038.74,1,1,0,0.991444,0.957222,0.0160624,0.984002,0.920009,0.0294398,0.962371,0.811857,0.0649475
8882.88,1040.24,1,1,0,0.991151,0.955753,0.0165552,0.983464,0.917318,0.0303008,0.961187,0.805934,0.0665539
8900.9,1041.74,1,1,0,0.990848,0.954239,0.0170607,0.98291,0.914548,0.0311812,0.959973,0.799864,0.0681777
8918.92,1043.24,1,1,0,0.990536,0.952678,0.0175792,0.98234,0.911698,0.0320811,0.95873,0.793648,0.0698178
8936.94,1044.74,1,1,0,0.990214,0.951071,0.0181108,0.981753,0.908767,0.0330007,0.957457,0.787283,0.071473
8954.95,1046.25,1,1,0,0.989883,0.949415,0.0186559,0.98115,0.905751,0.0339401,0.956154,0.780769,0.073142
8972.97,1047.75,1,1,0,0.989542,0.947709,0.0192145,0.98053,0.90265,0.0348995,0.954821,0.774103,0.0748235
8990.99,1049.25,1,1,0,0.98919,0.945952,0.0197869,0.979892,0.899462,0.0358788,0.953457,0.767285,0.0765159
9009.01,1050.75,1,1,0,0.988829,0.944143,0.0203734,0.979237,0.896185,0.0368781,0.952063,0.760315,0.0782177
9027.03,1052.25,1,1,0,0.988456,0.94228,0.0209742,0.978563,0.892816,0.0378976,0.950638,0.753191,0.0799273
9045.05,1053.75,1,1,0,0.988073,0.940363,0.0215894,0.977871,0.889355,0.0389372,0.949183,0.745913,0.0816428
9063.06,1055.26,1,1,0,0.987678,0.93839,0.0222192,0.97716,0.885799,0.0399969,0.947696,0.738479,0.0833623
9081.08,1056.76,1,1,0,0.987272,0.936359,0.022864,0.976429,0.882147,0.0410767,0.946178,0.730891,0.0850839
9099.1,1058.26,1,1,0,0.986854,0.934269,0.0235238,0.975679,0.878397,0.0421766,0.94463,0.723148,0.0868056
9117.12,1059.76,1,1,0,0.986424,0.932119,0.0241988,0.974909,0.874547,0.0432964,0.94305,0.715249,0.088525
9135.14,1061.26,1,1,0,0.985982,0.929908,0.0248893,0.974119,0.870595,0.044436,0.941439,0.707196,0.0902399
9153.15,1062.76,1,1,0,0.985527,0.927634,0.0255954,0.973308,0.866539,0.0455952,0.939798,0.698989,0.0919479
9171.17,1064.26,1,1,0,0.985059,0.925296,0.0263173,0.972476,0.862378,0.046774,0.938126,0.690628,0.0936464
9189.19,1065.77,1,1,0,0.984578,0.922891,0.0270552,0.971622,0.85811,0.0479721,0.936423,0.682115,0.0953329
9207.21,1067.27,1,1,0,0.984084,0.92042,0.0278091,0.970747,0.853733,0.0491891,0.93469,0.67345,0.0970046
9225.23,1068.77,1,1,0,0.983576,0.91788,0.0285793,0.969849,0.849246,0.0504249,0.932927,0.664636,0.0986587
9243.24,1070.27,1,1,0,0.983054,0.91527,0.0293659,0.968929,0.844647,0.051679,0.931135,0.655674,0.100292
9261.26,1071.77,1,1,0,0.982518,0.912588,0.0301689,0.967987,0.839933,0.0529512,0.929313,0.646565,0.101902
9279.28,1073.27,1,1,0,0.981967,0.909833,0.0309886,0.967021,0.835105,0.0542409,0.927462,0.637312,0.103485
9297.3,1074.77,1,1,0,0.981401,0.907004,0.031825,0.966032,0.830159,0.0555477,0.925584,0.627919,0.105038
9315.32,1076.28,1,1,0,0.98082,0.904098,0.0326782,0.965019,0.825095,0.0568711,0.923677,0.618386,0.106558
9333.33,1077.78,1,1,0,0.980223,0.901115,0.0335482,0.963982,0.819911,0.0582105,0.921744,0.608719,0.108042
9351.35,1079.28,1,1,0,0.97961,0.898052,0.0344352,0.962921,0.814605,0.0595653,0.919784,0.598919,0.109485
9369.37,1080.78,1,1,0,0.978982,0.894909,0.0353391,0.961835,0.809177,0.0609348,0.917798,0.588992,0.110884
9387.39,1082.28,1,1,0,0.978337,0.891684,0.03626,0.960725,0.803625,0.0623182,0.915788,0.57894,0.112237
9405.41,1083.78,1,1,0,0.977675,0.888375,0.0371978,0.95959,0.797948,0.0637149,0.913754,0.568769,0.113538
9423.42,1085.29,1,1,0,0.976996,0.884981,0.0381526,0.958429,0.792144,0.0651239,0.911697,0.558483,0.114785
9441.44,1086.79,1,1,0,0.9763,0.8815,0.0391244,0.957242,0.786212,0.0665443,0.909617,0.548087,0.115974
9459.46,1088.29,1,1,0,0.975586,0.87793,0.040113,0.956031,0.780153,0.0679752,0.907517,0.537587,0.117101
9477.48,1089.79,1,1,0,0.974854,0.874271,0.0411184,0.954793,0.773964,0.0694155,0.905398,0.526989,0.118162
9495.5,1091.29,1,1,0,0.974104,0.870521,0.0421405,0.953529,0.767644,0.0708642,0.90326,0.516298,0.119153
9513.51,1092.79,1,1,0,0.973335,0.866677,0.0431792,0.952239,0.761194,0.07232,0.901104,0.505521,0.120072
9531.53,1094.29,1,1,0,0.972548,0.86274,0.0442343,0.950923,0.754613,0.0737817,0.898933,0.494664,0.120914
9549.55,1095.8,1,1,0,0.971741,0.858706,0.0453055,0.94958,0.747899,0.0752481,0.896747,0.483735,0.121675
9567.57,1097.3,1,1,0,0.970915,0.854575,0.0463928,0.948211,0.741054,0.0767177,0.894548,0.472742,0.122352
9585.59,1098.8,1,1,0,0.970069,0.850346,0.0474959,0.946815,0.734075,0.0781891,0.892338,0.461691,0.122941
9603.6,1100.3,1,1,0,0.969203,0.846017,0.0486144,0.945393,0.726965,0.0796609,0.890118,0.450592,0.12344
9621.62,1101.8,1,1,0,0.968317,0.841586,0.0497482,0.943944,0.719721,0.0811313,0.88789,0.439451,0.123844
9639.64,1103.3,1,1,0,0.96741,0.837052,0.0508968,0.942469,0.712346,0.0825988,0.885656,0.428279,0.124151
9657.66,1104.8,1,1,0,0.966483,0.832414,0.0520598,0.940968,0.704838,0.0840617,0.883417,0.417084,0.124357
9675.68,1106.31,1,1,0,0.965534,0.827671,0.053237,0.93944,0.697199,0.0855181,0.881175,0.405874,0.124461
9693.69,1107.81,1,1,0,0.964564,0.822821,0.0544278,0.937886,0.689429,0.0869661,0.878932,0.39466,0.124458
9711.71,1109.31,1,1,0,0.963573,0.817863,0.0556317,0.936306,0.681528,0.0884039,0.87669,0.383451,0.124348
9729.73,1110.81,1,1,0,0.962559,0.812796,0.0568483,0.9347,0.673499,0.0898293,0.874451,0.372257,0.124126
9747.75,1112.31,1,1,0,0.961524,0.807619,0.0580769,0.933069,0.665343,0.0912404,0.872218,0.361088,0.123793
9765.77,1113.81,1,1,0,0.960466,0.802331,0.059317,0.931412,0.657059,0.092635,0.869991,0.349954,0.123345
9783.78,1115.32,1,1,0,0.959386,0.796931,0.0605678,0.92973,0.648651,0.0940109,0.867773,0.338866,0.122782
9801.8,1116.82,1,1,0,0.958283,0.791417,0.0618288,0.928024,0.64012,0.0953657,0.865567,0.327834,0.122102
9819.82,1118.32,1,1,0,0.957158,0.785789,0.0630991,0.926294,0.631468,0.0966972,0.863374,0.316868,0.121306
9837.84,1119.82,1,1,0,0.956009,0.780047,0.064378,0.924539,0.622697,0.0980029,0.861196,0.305979,0.120391
9855.86,1121.32,1,1,0,0.954838,0.774189,0.0656647,0.922762,0.613809,0.0992805,0.859036,0.295178,0.119359
9873.87,1122.82,1,1,0,0.953643,0.768215,0.0669582,0.920962,0.604808,0.100527,0.856895,0.284475,0.118209
9891.89,1124.32,1,1,0,0.952425,0.762123,0.0682576,0.919139,0.595696,0.101741,0.854776,0.273881,0.116943
9909.91,1125.83,1,1,0,0.951183,0.755915,0.069562,0.917295,0.586477,0.102919,0.852681,0.263407,0.115561
9927.93,1127.33,1,1,0,0.949918,0.749589,0.0708702,0.915431,0.577153,0.104058,0.850612,0.253062,0.114065
9945.95,1128.83,1,1,0,0.948629,0.743145,0.0721813,0.913546,0.567728,0.105157,0.848571,0.242857,0.112457
9963.96,1130.33,1,1,0,0.947317,0.736583,0.073494,0.911641,0.558206,0.106211,0.84656,0.232802,0.110739
9981.98,1131.83,1,1,0,0.94598,0.729902,0.0748072,0.909718,0.548591,0.107219,0.844581,0.222906,0.108915
10000,1133.33,1,1,0,0.944621,0.723103,0.0761196,0.907777,0.538887,0.108178,0.842636,0.213179,0.106986
10018,1134.83,1,1,0,0.943237,0.716186,0.07743,0.90582,0.5291,0.109085,0.840726,0.203631,0.104957
10036,1136.34,1,1,0,0.94183,0.709151,0.0787369,0.903847,0.519233,0.109938,0.838854,0.19427,0.102833
10054.1,1137.84,1,1,0,0.9404,0.701999,0.0800389,0.901858,0.509292,0.110733,0.837021,0.185104,0.100616
10072.1,1139.34,1,1,0,0.938946,0.694729,0.0813347,0.899856,0.499282,0.111468,0.835229,0.176143,0.0983128
10090.1,1140.84,1,1,0,0.937469,0.687343,0.0826226,0.897842,0.489208,0.112141,0.833478,0.167392,0.095928
10108.1,1142.34,1,1,0,0.935968,0.679842,0.0839012,0.895815,0.479077,0.112749,0.831772,0.15886,0.0934672
10126.1,1143.84,1,1,0,0.934445,0.672225,0.0851687,0.893779,0.468894,0.113288,0.83011,0.150552,0.0909364
10144.1,1145.35,1,1,0,0.932899,0.664495,0.0864236,0.891733,0.458666,0.113758,0.828495,0.142476,0.0883419
10162.2,1146.85,1,1,0,0.931331,0.656653,0.087664,0.88968,0.448398,0.114155,0.826927,0.134636,0.0856902
10180.2,1148.35,1,1,0,0.92974,0.6487,0.0888883,0.88762,0.438099,0.114477,0.825407,0.127037,0.0829881
10198.2,1149.85,1,1,0,0.928127,0.640637,0.0900946,0.885555,0.427773,0.114722,0.823937,0.119683,0.0802428
10216.2,1151.35,1,1,0,0.926493,0.632466,0.0912811,0.883486,0.417429,0.114887,0.822516,0.112579,0.0774616
10234.2,1152.85,1,1,0,0.924838,0.62419,0.0924458,0.881415,0.407074,0.114971,0.821145,0.105727,0.0746518
10252.3,1154.35,1,1,0,0.923162,0.615809,0.0935869,0.879343,0.396715,0.114972,0.819826,0.0991282,0.071821
10270.3,1155.86,1,1,0,0.921465,0.607327,0.0947022,0.877272,0.38636,0.114888,0.818557,0.0927856,0.0689769
10288.3,1157.36,1,1,0,0.919749,0.598746,0.09579,0.875203,0.376016,0.114717,0.81734,0.0866995,0.0661271
10306.3,1158.86,1,1,0,0.918014,0.590068,0.096848,0.873138,0.365692,0.114459,0.816174,0.0808701,0.0632794
10324.3,1160.36,1,1,0,0.916259,0.581296,0.0978742,0.871079,0.355395,0.114111,0.815059,0.075297,0.0604413
10342.3,1161.86,1,1,0,0.914487,0.572433,0.0988665,0.869027,0.345133,0.113673,0.813996,0.0699788,0.0576204
10360.4,1163.36,1,1,0,0.912696,0.563482,0.0998228,0.866983,0.334915,0.113143,0.812983,0.0649137,0.0548241
10378.4,1164.86,1,1,0,0.910889,0.554447,0.100741,0.86495,0.324749,0.112522,0.81202,0.0600991,0.0520595
10396.4,1166.37,1,1,0,0.909066,0.545331,0.101619,0.862928,0.314642,0.111809,0.811106,0.055532,0.0493337
10414.4,1167.87,1,1,0,0.907228,0.536138,0.102455,0.860921,0.304605,0.111004,0.810242,0.0512084,0.0466532
10432.4,1169.37,1,1,0,0.905374,0.526871,0.103246,0.858929,0.294644,0.110106,0.809425,0.047124,0.0440246
10450.5,1170.87,1,1,0,0.903507,0.517536,0.10399,0.856954,0.284768,0.109116,0.808655,0.0432739,0.0414537
10468.5,1172.37,1,1,0,0.901627,0.508135,0.104685,0.854997,0.274985,0.108034,0.807931,0.0396527,0.0389462
10486.5,1173.87,1,1,0,0.899735,0.498674,0.10533,0.853061,0.265304,0.106862,0.807251,0.0362542,0.0365073
10504.5,1175.38,1,1,0,0.897831,0.489157,0.105922,0.851146,0.255732,0.105601,0.806614,0.0330723,0.0341418
10522.5,1176.88,1,1,0,0.895918,0.47959,0.106458,0.849256,0.246278,0.104251,0.80602,0.0300999,0.0318538
10540.5,1178.38,1,1,0,0.893995,0.469976,0.106938,0.84739,0.23695,0.102815,0.805466,0.0273301,0.0296471
10558.6,1179.88,1,1,0,0.892065,0.460323,0.107358,0.845551,0.227755,0.101295,0.804951,0.0247553,0.0275251
10576.6,1181.38,1,1,0,0.890127,0.450633,0.107718,0.84374,0.2187,0.0996919,0.804474,0.0223678,0.0254903
10594.6,1182.88,1,1,0,0.888183,0.440915,0.108015,0.841959,0.209794,0.0980093,0.804032,0.0201596,0.0235449
10612.6,1184.38,1,1,0,0.886234,0.431172,0.108247,0.840208,0.201042,0.0962497,0.803625,0.0181226,0.0216906
10630.6,1185.89,1,1,0,0.884282,0.421412,0.108413,0.838491,0.192453,0.0944162,0.80325,0.0162484,0.0199284
10648.6,1187.39,1,1,0,0.882328,0.41164,0.108512,0.836806,0.184032,0.092512,0.802906,0.0145289,0.018259
10666.7,1188.89,1,1,0,0.880372,0.401862,0.108541,0.835157,0.175785,0.0905408,0.802591,0.0129556,0.0166824
10684.7,1190.39,1,1,0,0.878417,0.392084,0.108499,0.833544,0.167719,0.0885064,0.802304,0.0115202,0.0151981
10702.7,1191.89,1,1,0,0.876463,0.382313,0.108385,0.831968,0.159839,0.0864129,0.802043,0.0102143,0.0138053
10720.7,1193.39,1,1,0,0.874511,0.372557,0.108198,0.83043,0.152151,0.0842646,0.801806,0.00902991,0.0125025
10738.7,1194.89,1,1,0,0.872564,0.36282,0.107936,0.828931,0.144657,0.082066,0.801592,0.00795888,0.0112879
10756.8,1196.4,1,1,0,0.870622,0.35311,0.1076,0.827473,0.137365,0.0798218,0.801399,0.00699338,0.0101595
10774.8,1197.9,1,1,0,0.868687,0.343434,0.107187,0.826055,0.130276,0.0775369,0.801225,0.00612575,0.00911473
10792.8,1199.4,1,1,0,0.86676,0.333798,0.106698,0.824679,0.123394,0.0752164,0.80107,0.00534859,0.00815072
10810.8,1200.9,1,1,0,0.864842,0.324211,0.106132,0.823345,0.116724,0.0728655,0.800931,0.00465475,0.0072644
10828.8,1202.4,1,1,0,0.862935,0.314677,0.105488,0.822053,0.110266,0.0704895,0.800807,0.0040374,0.00645246
10846.8,1203.9,1,1,0,0.861041,0.305205,0.104767,0.820805,0.104023,0.0680937,0.800698,0.00348997,0.00571137
10864.9,1205.41,1,1,0,0.85916,0.295802,0.103969,0.819599,0.0979965,0.0656837,0.800601,0.00300626,0.00503749
10882.9,1206.91,1,1,0,0.857295,0.286474,0.103093,0.818438,0.0921877,0.063265,0.800516,0.00258037,0.00442704
10900.9,1208.41,1,1,0,0.855446,0.277228,0.102141,0.817319,0.086597,0.0608432,0.800441,0.00220677,0.0038762
10918.9,1209.91,1,1,0,0.853614,0.268071,0.101113,0.816245,0.0812245,0.0584236,0.800376,0.00188026,0.00338111
10936.9,1211.41,1,1,0,0.851802,0.259011,0.10001,0.815214,0.0760696,0.0560118,0.800319,0.00159598,0.0029379
10955,1212.91,1,1,0,0.850011,0.250053,0.0988321,0.814226,0.0711314,0.0536133,0.80027,0.00134944,0.00254276
10973,1214.41,1,1,0,0.848241,0.241205,0.0975817,0.813282,0.0664086,0.0512333,0.800227,0.00113648,0.00219194
10991,1215.92,1,1,0,0.846494,0.232472,0.09626,0.81238,0.0618991,0.048877,0.800191,0.00095326,0.00188179
11009,1217.42,1,1,0,0.844772,0.223862,0.0948686,0.81152,0.0576007,0.0465495,0.800159,0.000796287,0.00160878
11027,1218.92,1,1,0,0.843076,0.21538,0.0934093,0.810702,0.0535105,0.0442557,0.800132,0.000662365,0.00136952
11045,1220.42,1,1,0,0.841407,0.207033,0.0918843,0.809925,0.0496252,0.0420001,0.80011,0.000548601,0.00116076
11063.1,1221.92,1,1,0,0.839765,0.198826,0.0902959,0.809188,0.0459413,0.0397873,0.80009,0.000452386,0.000979466
11081.1,1223.42,1,1,0,0.838153,0.190764,0.0886465,0.808491,0.0424547,0.0376214,0.800074,0.000371376,0.000822741
11099.1,1224.92,1,1,0,0.836571,0.182855,0.0869388,0.807832,0.0391609,0.0355064,0.800061,0.000303481,0.0006879
11117.1,1226.43,1,1,0,0.83502,0.175101,0.0851758,0.807211,0.0360552,0.0334458,0.800049,0.000246843,0.000572446
11135.1,1227.93,1,1,0,0.833502,0.167508,0.0833605,0.806627,0.0331327,0.0314431,0.80004,0.000199821,0.000474078
11153.2,1229.43,1,1,0,0.832016,0.160082,0.0814961,0.806078,0.0303878,0.0295012,0.800032,0.000160971,0.000390686
11171.2,1230.93,1,1,0,0.830565,0.152825,0.0795861,0.805563,0.027815,0.0276227,0.800026,0.000129032,0.000320351
11189.2,1232.43,1,1,0,0.829149,0.145743,0.0776341,0.805082,0.0254085,0.0258101,0.800021,0.000102908,0.000261337
11207.2,1233.93,1,1,0,0.827768,0.138838,0.0756436,0.804632,0.0231623,0.0240654,0.800016,8.16499e-05,0.000212083
11225.2,1235.44,1,1,0,0.826423,0.132114,0.0736187,0.804214,0.0210702,0.02239,0.800013,6.44424e-05,0.000171197
11243.2,1236.94,1,1,0,0.825115,0.125574,0.0715633,0.803825,0.0191258,0.0207854,0.80001,5.05883e-05,0.000137445
11261.3,1238.44,1,1,0,0.823844,0.11922,0.0694814,0.803465,0.0173228,0.0192523,0.800008,3.94952e-05,0.000109736
11279.3,1239.94,1,1,0,0.822611,0.113055,0.0673772,0.803131,0.0156546,0.0177915,0.800006,3.06625e-05,8.71199e-05
11297.3,1241.44,1,1,0,0.821416,0.10708,0.065255,0.802823,0.0141148,0.0164031,0.800005,2.36695e-05,6.8767e-05
11315.3,1242.94,1,1,0,0.820259,0.101297,0.063119,0.802539,0.0126968,0.0150871,0.800004,1.81651e-05,5.3962e-05
11333.3,1244.44,1,1,0,0.819141,0.0957069,0.0609736,0.802279,0.0113942,0.0138429,0.800003,1.38582e-05,4.20911e-05
11351.4,1245.95,1,1,0,0.818062,0.0903105,0.0588231,0.80204,0.0102004,0.0126699,0.800002,1.05085e-05,3.26315e-05
11369.4,1247.45,1,1,0,0.817022,0.0851078,0.0566718,0.801822,0.00910913,0.011567,0.800002,7.91939e-06,2.51405e-05
11387.4,1248.95,1,1,0,0.81602,0.0800989,0.0545242,0.801623,0.00811411,0.0105329,0.800001,5.93065e-06,1.92464e-05
11405.4,1250.45,1,1,0,0.815057,0.0752831,0.0523844,0.801442,0.00720921,0.00956617,0.800001,4.41285e-06,1.46389e-05
11423.4,1251.95,1,1,0,0.814132,0.0706595,0.0502568,0.801278,0.00638845,0.00866492,0.800001,3.26203e-06,1.10611e-05
11441.4,1253.45,1,1,0,0.813245,0.066227,0.0481454,0.801129,0.005646,0.0078272,0.8,2.39526e-06,8.30153e-06
11459.5,1254.95,1,1,0,0.812397,0.0619838,0.0460545,0.800995,0.00497625,0.00705085,0.8,1.74685e-06,6.18777e-06
11477.5,1256.46,1,1,0,0.811586,0.0579279,0.0439878,0.800875,0.00437376,0.00633352,0.8,1.26514e-06,4.58003e-06
11495.5,1257.96,1,1,0,0.810811,0.0540569,0.0419493,0.800767,0.00383333,0.00567277,0.8,9.09791e-07,3.36589e-06
11513.5,1259.46,1,1,0,0.810074,0.0503682,0.0399425,0.80067,0.00334998,0.00506602,0.8,6.49541e-07,2.45568e-06
11531.5,1260.96,1,1,0,0.809372,0.0468587,0.0379711,0.800584,0.00291896,0.00451063,0.8,4.60332e-07,1.77836e-06
11549.5,1262.46,1,1,0,0.808705,0.0435252,0.0360383,0.800507,0.00253577,0.00400386,0.8,3.23798e-07,1.27816e-06
11567.6,1263.96,1,1,0,0.808073,0.0403639,0.0341473,0.800439,0.00219614,0.00354298,0.8,2.26022e-07,9.11591e-07
11585.6,1265.47,1,1,0,0.807474,0.037371,0.0323009,0.800379,0.00189608,0.00312522,0.8,1.56545e-07,6.45067e-07
11603.6,1266.97,1,1,0,0.806908,0.0345423,0.0305018,0.800326,0.00163181,0.00274783,0.8,1.07565e-07,4.52828e-07
11621.6,1268.47,1,1,0,0.806375,0.0318734,0.0287526,0.80028,0.00139983,0.00240806,0.8,7.33137e-08,3.15296e-07
11639.6,1269.97,1,1,0,0.805872,0.0293599,0.0270553,0.800239,0.00119686,0.00210323,0.8,4.95574e-08,2.17717e-07
11657.7,1271.47,1,1,0,0.805399,0.0269968,0.0254121,0.800204,0.00101988,0.00183072,0.8,3.32181e-08,1.49069e-07
11675.7,1272.97,1,1,0,0.804956,0.0247793,0.0238245,0.800173,0.000866095,0.00158798,0.8,2.20757e-08,1.01189e-07
11693.7,1274.47,1,1,0,0.80454,0.0227023,0.0222941,0.800147,0.00073293,0.00137255,0.8,1.45431e-08,6.80865e-08
11711.7,1275.98,1,1,0,0.804152,0.0207605,0.0208219,0.800124,0.000618032,0.00118206,0.8,9.49571e-09,4.54043e-08
11729.7,1277.48,1,1,0,0.80379,0.0189487,0.0194091,0.800104,0.000519257,0.00101427,0.8,6.14407e-09,3.00032e-08
11747.7,1278.98,1,1,0,0.803452,0.0172614,0.0180561,0.800087,0.000434657,0.000867041,0.8,3.93883e-09,1.96426e-08
11765.8,1280.48,1,1,0,0.803139,0.0156934,0.0167635,0.800072,0.000362472,0.000738356,0.8,2.50141e-09,1.27385e-08
11783.8,1281.98,1,1,0,0.802848,0.0142391,0.0155313,0.80006,0.000301116,0.00062633,0.8,1.57338e-09,8.1817e-09
11801.8,1283.48,1,1,0,0.802579,0.0128931,0.0143595,0.80005,0.000249169,0.000529201,0.8,9.80015e-10,5.20355e-09
11819.8,1284.98,1,1,0,0.80233,0.0116499,0.0132477,0.800041,0.000205363,0.000445333,0.8,6.04373e-10,3.27648e-09
11837.8,1286.49,1,1,0,0.802101,0.0105042,0.0121954,0.800034,0.000168573,0.00037322,0.8,3.68951e-10,2.04215e-09
11855.9,1287.99,1,1,0,0.80189,0.0094507,0.0112019,0.800028,0.000137803,0.000311479,0.8,2.22917e-10,1.25966e-09
11873.9,1289.49,1,1,0,0.801697,0.00848408,0.010266,0.800022,0.000112175,0.000258846,0.8,1.33273e-10,7.68825e-10
11891.9,1290.99,1,1,0,0.80152,0.00759921,0.00938683,0.800018,9.09232e-05,0.000214176,0.8,7.88291e-11,4.64218e-10
11909.9,1292.49,1,1,0,0.801358,0.00679105,0.00856285,0.800015,7.3376e-05,0.000176433,0.8,4.61195e-11,2.77237e-10
11927.9,1293.99,1,1,0,0.801211,0.00605469,0.00779262,0.800012,5.89523e-05,0.00014469,0.8,2.66841e-11,1.6373e-10
11945.9,1295.5,1,1,0,0.801077,0.00538536,0.00707451,0.800009,4.71498e-05,0.000118115,0.8,1.52651e-11,9.56019e-11
11964,1297,1,1,0,0.800956,0.00477845,0.00640675,0.800008,3.75366e-05,9.59733e-05,0.8,8.6325e-12,5.51788e-11
11982,1298.5,1,1,0,0.800846,0.0042295,0.00578747,0.800006,2.97433e-05,7.76128e-05,0.8,4.82472e-12,3.14744e-11
12000,1300,1,1,0,0.800747,0.00373424,0.0052147,0.800005,2.34555e-05,6.24623e-05,0.8,2.66449e-12,1.77389e-11
12018,1301.5,1,1,0,0.800658,0.00328855,0.00468641,0.800004,1.84071e-05,5.00226e-05,0.8,1.45367e-12,9.8761e-12
12036,1303,1,1,0,0.800578,0.00288854,0.0042005,0.800003,1.43738e-05,3.98603e-05,0.8,7.83307e-13,5.4305e-12
12054.1,1304.5,1,1,0,0.800506,0.00253048,0.00375484,0.800002,1.11678e-05,3.16011e-05,0.8,4.1679e-13,2.94844e-12
12072.1,1306.01,1,1,0,0.800442,0.00221083,0.00334728,0.800002,8.63233e-06,2.49236e-05,0.8,2.18938e-13,1.58031e-12
12090.1,1307.51,1,1,0,0.800385,0.00192627,0.00297564,0.800001,6.63769e-06,1.95536e-05,0.8,1.13512e-13,8.3597e-13
12108.1,1309.01,1,1,0,0.800335,0.00167365,0.00263776,0.800001,5.07682e-06,1.52584e-05,0.8,5.80737e-14,4.36351e-13
12126.1,1310.51,1,1,0,0.80029,0.00145003,0.0023315,0.800001,3.862e-06,1.18417e-05,0.8,2.9311e-14,2.24685e-13
12144.1,1312.01,1,1,0,0.800251,0.00125266,0.00205474,0.800001,2.9217e-06,9.13914e-06,0.8,1.45911e-14,1.14103e-13
12162.2,1313.51,1,1,0,0.800216,0.00107897,0.00180544,0.8,2.19795e-06,7.01352e-06,0.8,7.1622e-15,5.71352e-14
12180.2,1315.02,1,1,0,0.800185,0.000926583,0.00158155,0.8,1.64406e-06,5.35136e-06,0.8,3.46575e-15,2.82022e-14
12198.2,1316.52,1,1,0,0.800159,0.000793293,0.00138115,0.8,1.22262e-06,4.05924e-06,0.8,1.65284e-15,1.3719e-14
12216.2,1318.02,1,1,0,0.800135,0.000677071,0.00120235,0.8,9.03843e-07,3.0608e-06,0.8,7.76664e-16,6.57528e-15
12234.2,1319.52,1,1,0,0.800115,0.000576053,0.00104334,0.8,6.64167e-07,2.29397e-06,0.8,3.59495e-16,3.10415e-15
12252.3,1321.02,1,1,0,0.800098,0.000488533,0.000902418,0.8,4.85063e-07,1.70867e-06,0.8,1.63868e-16,1.44309e-15
12270.3,1322.52,1,1,0,0.800083,0.000412957,0.000777944,0.8,3.52053e-07,1.26473e-06,0.8,7.35395e-17,6.60465e-16
12288.3,1324.02,1,1,0,0.80007,0.000347911,0.000668379,0.8,2.53899e-07,9.30167e-07,0.8,3.24828e-17,2.97504e-16
12306.3,1325.53,1,1,0,0.800058,0.00029212,0.000572278,0.8,1.81932e-07,6.79672e-07,0.8,1.41179e-17,1.31857e-16
12324.3,1327.03,1,1,0,0.800049,0.000244432,0.000488287,0.8,1.29509e-07,4.93359e-07,0.8,6.03603e-18,5.7485e-17
12342.3,1328.53,1,1,0,0.800041,0.000203812,0.000415146,0.8,9.15775e-08,3.55717e-07,0.8,2.53788e-18,2.46449e-17
12360.4,1330.03,1,1,0,0.800034,0.000169338,0.000351689,0.8,6.43164e-08,2.54725e-07,0.8,1.04907e-18,1.03871e-17
12378.4,1331.53,1,1,0,0.800028,0.000140185,0.000296838,0.8,4.4859e-08,1.8114e-07,0.8,4.26209e-19,4.30256e-18
12396.4,1333.03,1,1,0,0.800023,0.000115623,0.000249609,0.8,3.10684e-08,1.27902e-07,0.8,1.70136e-19,1.75104e-18
12414.4,1334.53,1,1,0,0.800019,9.50075e-05,0.000209098,0.8,2.13638e-08,8.96633e-08,0.8,6.67105e-20,6.99957e-19
12432.4,1336.04,1,1,0,0.800016,7.77699e-05,0.000174486,0.8,1.45839e-08,6.23976e-08,0.8,2.56852e-20,2.74737e-19
12450.5,1337.54,1,1,0,0.800013,6.34129e-05,0.000145033,0.8,9.88211e-09,4.31007e-08,0.8,9.70788e-21,1.05852e-19
12468.5,1339.04,1,1,0,0.80001,5.15023e-05,0.00012007,0.8,6.6459e-09,2.95467e-08,0.8,3.60068e-21,4.00202e-20
12486.5,1340.54,1,1,0,0.800008,4.16611e-05,9.90016e-05,0.8,4.43535e-09,2.00995e-08,0.8,1.31015e-21,1.48429e-20
12504.5,1342.04,1,1,0,0.800007,3.35629e-05,8.12931e-05,0.8,2.93709e-09,1.35662e-08,0.8,4.67513e-22,5.39851e-21
12522.5,1343.54,1,1,0,0.800005,2.69266e-05,6.64724e-05,0.8,1.92958e-09,9.08382e-09,0.8,1.63553e-22,1.92488e-21
12540.5,1345.05,1,1,0,0.800004,2.15114e-05,5.41221e-05,0.8,1.2575e-09,6.03336e-09,0.8,5.6075e-23,6.72606e-22
12558.6,1346.55,1,1,0,0.800003,1.71115e-05,4.38755e-05,0.8,8.12815e-10,3.9744e-09,0.8,1.88356e-23,2.30249e-22
12576.6,1348.05,1,1,0,0.800003,1.35522e-05,3.54122e-05,0.8,5.2102e-10,2.59623e-09,0.8,6.19637e-24,7.71909e-23
12594.6,1349.55,1,1,0,0.800002,1.06856e-05,2.84534e-05,0.8,3.31159e-10,1.68158e-09,0.8,1.99568e-24,2.53345e-23
12612.6,1351.05,1,1,0,0.800002,8.38739e-06,2.27581e-05,0.8,2.08677e-10,1.07976e-09,0.8,6.29053e-25,8.13731e-24
12630.6,1352.55,1,1,0,0.800001,6.55328e-06,1.81185e-05,0.8,1.30349e-10,6.87252e-10,0.8,1.93985e-25,2.55692e-24
12648.6,1354.05,1,1,0,0.800001,5.09637e-06,1.43569e-05,0.8,8.06994e-11,4.33527e-10,0.8,5.85027e-26,7.8571e-25
12666.7,1355.56,1,1,0,0.800001,3.94458e-06,1.13219e-05,0.8,4.95108e-11,2.70997e-10,0.8,1.72484e-26,2.36023e-25
12684.7,1357.06,1,1,0,0.800001,3.03839e-06,8.88513e-06,0.8,3.00974e-11,1.6784e-10,0.8,4.96963e-27,6.92835e-26
12702.7,1358.56,1,1,0,0.8,2.32892e-06,6.93837e-06,0.8,1.81257e-11,1.02978e-10,0.8,1.39873e-27,1.98666e-26
12720.7,1360.06,1,1,0,0.8,1.77622e-06,5.39096e-06,0.8,1.08125e-11,6.25806e-11,0.8,3.84427e-28,5.56248e-27
12738.7,1361.56,1,1,0,0.8,1.34784e-06,4.1673e-06,0.8,6.38788e-12,3.76633e-11,0.8,1.03131e-28,1.52017e-27
12756.8,1363.06,1,1,0,0.8,1.01751e-06,3.20469e-06,0.8,3.73695e-12,2.24444e-11,0.8,2.69956e-29,4.05344e-28
12774.8,1364.56,1,1,0,0.8,7.64126e-07,2.45145e-06,0.8,2.1644e-12,1.32416e-11,0.8,6.89198e-30,1.05411e-28
12792.8,1366.07,1,1,0,0.8,5.70791e-07,1.86522e-06,0.8,1.24093e-12,7.73294e-12,0.8,1.71541e-30,2.67242e-29
12810.8,1367.57,1,1,0,0.8,4.24071e-07,1.41146e-06,0.8,7.04162e-13,4.46938e-12,0.8,4.16085e-31,6.60232e-30
12828.8,1369.07,1,1,0,0.8,3.13336e-07,1.06218e-06,0.8,3.95405e-13,2.55609e-12,0.8,9.83119e-32,1.58884e-30
12846.8,1370.57,1,1,0,0.8,2.30226e-07,7.94848e-07,0.8,2.19675e-13,1.4463e-12,0.8,2.2618e-32,3.7228e-31
12864.9,1372.07,1,1,0,0.8,1.68201e-07,5.91405e-07,0.8,1.2073e-13,8.09497e-13,0.8,5.0645e-33,8.4894e-32
12882.9,1373.57,1,1,0,0.8,1.22179e-07,4.37482e-07,0.8,6.56245e-14,4.48099e-13,0.8,1.10323e-33,1.88327e-32
12900.9,1375.08,1,1,0,0.8,8.82305e-08,3.21715e-07,0.8,3.52743e-14,2.45277e-13,0.8,2.33693e-34,4.06242e-33
12918.9,1376.58,1,1,0,0.8,6.33359e-08,2.35166e-07,0.8,1.87462e-14,1.32735e-13,0.8,4.81154e-35,8.51716e-34
12936.9,1378.08,1,1,0,0.8,4.51909e-08,1.70856e-07,0.8,9.8481e-15,7.10033e-14,0.8,9.62455e-36,1.73479e-34
12955,1379.58,1,1,0,0.8,3.20463e-08,1.23367e-07,0.8,5.11321e-15,3.75369e-14,0.8,1.86954e-36,3.43114e-35
12973,1381.08,1,1,0,0.8,2.25835e-08,8.85179e-08,0.8,2.62335e-15,1.96084e-14,0.8,3.52485e-37,6.58668e-36
12991,1382.58,1,1,0,0.8,1.58141e-08,6.31086e-08,0.8,1.32971e-15,1.01192e-14,0.8,6.44754e-38,1.22666e-36
13009,1384.08,1,1,0,0.8,1.10026e-08,4.4702e-08,0.8,6.65754e-16,5.15813e-15,0.8,1.14363e-38,2.21515e-37
13027,1385.59,1,1,0,0.8,7.60496e-09,3.14558e-08,0.8,3.29185e-16,2.5965e-15,0.8,1.96608e-39,3.87694e-38
13045,1387.09,1,1,0,0.8,5.22164e-09,2.19869e-08,0.8,1.60713e-16,1.29049e-15,0.8,3.27436e-40,6.57308e-39
13063.1,1388.59,1,1,0,0.8,3.56106e-09,1.52642e-08,0.8,7.74564e-17,6.33136e-16,0.8,5.28012e-41,1.07901e-39
13081.1,1390.09,1,1,0,0.8,2.41194e-09,1.0524e-08,0.8,3.68445e-17,3.06572e-16,0.8,8.24009e-42,1.71408e-40
13099.1,1391.59,1,1,0,0.8,1.62227e-09,7.2051e-09,0.8,1.72945e-17,1.46477e-16,0.8,1.24385e-42,2.63373e-41
13117.1,1393.09,1,1,0,0.8,1.08342e-09,4.89783e-09,0.8,8.00883e-18,6.9043e-17,0.8,1.81519e-43,3.91213e-42
13135.1,1394.59,1,1,0,0.8,7.18369e-10,3.3054e-09,0.8,3.6582e-18,3.20988e-17,0.8,2.55958e-44,5.61474e-43
13153.2,1396.1,1,1,0,0.8,4.72846e-10,2.21437e-09,0.8,1.64781e-18,1.47158e-17,0.8,3.48554e-45,7.78191e-44
13171.2,1397.6,1,1,0,0.8,3.08935e-10,1.47243e-09,0.8,7.31809e-19,6.65136e-18,0.8,4.58135e-46,1.04099e-44
13189.2,1399.1,1,1,0,0.8,2.00326e-10,9.71687e-10,0.8,3.20361e-19,2.96329e-18,0.8,5.80897e-47,1.3433e-45
13207.2,1400.6,1,1,0,0.8,1.28909e-10,6.3632e-10,0.8,1.38209e-19,1.301e-18,0.8,7.10139e-48,1.67118e-46
13225.2,1402.1,1,1,0,0.8,8.2309e-11,4.13456e-10,0.8,5.87479e-20,5.62756e-19,0.8,8.3653e-49,2.00331e-47
13243.2,1403.6,1,1,0,0.8,5.21413e-11,2.66524e-10,0.8,2.45983e-20,2.39776e-19,0.8,9.48996e-50,2.31262e-48
13261.3,1405.11,1,1,0,0.8,3.27668e-11,1.70429e-10,0.8,1.01432e-20,1.00608e-19,0.8,1.03619e-50,2.56943e-49
13279.3,1406.61,1,1,0,0.8,2.04243e-11,1.08093e-10,0.8,4.11814e-21,4.15621e-20,0.8,1.08831e-51,2.74593e-50
13297.3,1408.11,1,1,0,0.8,1.26262e-11,6.79901e-11,0.8,1.6458e-21,1.69004e-20,0.8,1.09887e-52,2.82101e-51
13315.3,1409.61,1,1,0,0.8,7.74013e-12,4.24063e-11,0.8,6.47294e-22,6.76284e-21,0.8,1.06599e-53,2.78434e-52
13333.3,1411.11,1,1,0,0.8,4.70461e-12,2.62239e-11,0.8,2.50476e-22,2.66247e-21,0.8,9.92918e-55,2.6386e-53
13351.4,1412.61,1,1,0,0.8,2.83491e-12,1.60765e-11,0.8,9.53372e-23,1.031e-21,0.8,8.87474e-56,2.39934e-54
13369.4,1414.11,1,1,0,0.8,1.69333e-12,9.76904e-12,0.8,3.56848e-23,3.9259e-22,0.8,7.6069e-57,2.0922e-55
13387.4,1415.62,1,1,0,0.8,1.00246e-12,5.88334e-12,0.8,1.31316e-23,1.46966e-22,0.8,6.24876e-58,1.74837e-56
13405.4,1417.12,1,1,0,0.8,5.88118e-13,3.51114e-12,0.8,4.74957e-24,5.40733e-23,0.8,4.91626e-59,1.39928e-57
13423.4,1418.62,1,1,0,0.8,3.41877e-13,2.07618e-12,0.8,1.68802e-24,1.95488e-23,0.8,3.70209e-60,1.07184e-58
13441.4,1420.12,1,1,0,0.8,1.96889e-13,1.21623e-12,0.8,5.89356e-25,6.94251e-24,0.8,2.66652e-61,7.85277e-60
13459.5,1421.62,1,1,0,0.8,1.12322e-13,7.05729e-13,0.8,2.02085e-25,2.42133e-24,0.8,1.83585e-62,5.49916e-61
13477.5,1423.12,1,1,0,0.8,6.34644e-14,4.05575e-13,0.8,6.80349e-26,8.29121e-25,0.8,1.20734e-63,3.67837e-62
13495.5,1424.62,1,1,0,0.8,3.55108e-14,2.30808e-13,0.8,2.24828e-26,2.78668e-25,0.8,7.57923e-65,2.34856e-63
13513.5,1426.13,1,1,0,0.8,1.96739e-14,1.30052e-13,0.8,7.2907e-27,9.19053e-26,0.8,4.53861e-66,1.43032e-64
13531.5,1427.63,1,1,0,0.8,1.07909e-14,7.25444e-14,0.8,2.31935e-27,2.97343e-26,0.8,2.5907e-67,8.30324e-66
13549.5,1429.13,1,1,0,0.8,5.85864e-15,4.0054e-14,0.8,7.23634e-28,9.4344e-27,0.8,1.40863e-68,4.59127e-67
13567.6,1430.63,1,1,0,0.8,3.14804e-15,2.18867e-14,0.8,2.21361e-28,2.93484e-27,0.8,7.29043e-70,2.41645e-68
13585.6,1432.13,1,1,0,0.8,1.67388e-15,1.18341e-14,0.8,6.63722e-29,8.94836e-28,0.8,3.58894e-71,1.20966e-69
13603.6,1433.63,1,1,0,0.8,8.80603e-16,6.33068e-15,0.8,1.95005e-29,2.67339e-28,0.8,1.67925e-72,5.75534e-71
13621.6,1435.14,1,1,0,0.8,4.58289e-16,3.35006e-15,0.8,5.61242e-30,7.82364e-29,0.8,7.46235e-74,2.60061e-72
13639.6,1436.64,1,1,0,0.8,2.35903e-16,1.75338e-15,0.8,1.58186e-30,2.2421e-29,0.8,3.14716e-75,1.11518e-73
13657.7,1438.14,1,1,0,0.8,1.20086e-16,9.07503e-16,0.8,4.36481e-31,6.2902e-30,0.8,1.25867e-76,4.53474e-75
13675.7,1439.64,1,1,0,0.8,6.04432e-17,4.64408e-16,0.8,1.17871e-31,1.72705e-30,0.8,4.77e-78,1.74725e-76
13693.7,1441.14,1,1,0,0.8,3.00763e-17,2.34941e-16,0.8,3.11428e-32,4.63915e-31,0.8,1.71157e-79,6.37405e-78
13711.7,1442.64,1,1,0,0.8,1.47928e-17,1.17477e-16,0.8,8.04784e-33,1.21879e-31,0.8,5.8103e-81,2.19982e-79
13729.7,1444.14,1,1,0,0.8,7.19044e-18,5.80511e-17,0.8,2.03344e-33,3.13063e-32,0.8,1.86457e-82,7.1766e-81
13747.7,1445.65,1,1,0,0.8,3.45352e-18,2.83436e-17,0.8,5.02194e-34,7.85978e-33,0.8,5.6517e-84,2.21135e-82
13765.8,1447.15,1,1,0,0.8,1.63869e-18,1.36714e-17,0.8,1.21188e-34,1.92806e-33,0.8,1.61676e-85,6.43053e-84
13783.8,1448.65,1,1,0,0.8,7.68036e-19,6.51339e-18,0.8,2.85657e-35,4.61971e-34,0.8,4.36125e-87,1.76328e-85
13801.8,1450.15,1,1,0,0.8,3.55502e-19,3.06451e-18,0.8,6.57483e-36,1.08081e-34,0.8,1.10844e-88,4.55529e-87
13819.8,1451.65,1,1,0,0.8,1.6248e-19,1.42363e-18,0.8,1.47717e-36,2.46816e-35,0.8,2.65201e-90,1.10779e-88
13837.8,1453.15,1,1,0,0.8,7.33116e-20,6.52883e-19,0.8,3.23839e-37,5.49968e-36,0.8,5.96794e-92,2.5338e-90
13855.9,1454.65,1,1,0,0.8,3.26501e-20,2.95527e-19,0.8,6.9252e-38,1.19534e-36,0.8,1.26206e-93,5.446e-92
13873.9,1456.16,1,1,0,0.8,1.43501e-20,1.32009e-19,0.8,1.44405e-38,2.53324e-37,0.8,2.50586e-95,1.09898e-93
13891.9,1457.66,1,1,0,0.8,6.22298e-21,5.81792e-20,0.8,2.93512e-39,5.23287e-38,0.8,4.66728e-97,2.08026e-95
13909.9,1459.16,1,1,0,0.8,2.66217e-21,2.52936e-20,0.8,5.81304e-40,1.05323e-38,0.8,8.14719e-99,3.69036e-97
13927.9,1460.66,1,1,0,0.8,1.12326e-21,1.08455e-20,0.8,1.12139e-40,2.06475e-39,0.8,1.33165e-100,6.12973e-99
13945.9,1462.16,1,1,0,0.8,4.6736e-22,4.5856e-21,0.8,2.10631e-41,3.94105e-40,0.8,2.03612e-102,9.52432e-101
13964,1463.66,1,1,0,0.8,1.91717e-22,1.91147e-21,0.8,3.85068e-42,7.32134e-41,0.8,2.90967e-104,1.38305e-102
13982,1465.17,1,1,0,0.8,7.75211e-23,7.85375e-22,0.8,6.84917e-43,1.32324e-41,0.8,3.88235e-106,1.87515e-104
14000,1466.67,1,1,0,0.8,3.08918e-23,3.18006e-22,0.8,1.18483e-43,2.32591e-42,0.8,4.83212e-108,2.37146e-106
14018,1468.17,1,1,0,0.8,1.21295e-23,1.26869e-22,0.8,1.9926e-44,3.97446e-43,0.8,5.60467e-110,2.79478e-108
14036,1469.67,1,1,0,0.8,4.69166e-24,4.98592e-23,0.8,3.25658e-45,6.59973e-44,0.8,6.05207e-112,3.06626e-110
14054.1,1471.17,1,1,0,0.8,1.78733e-24,1.92982e-23,0.8,5.17018e-46,1.06454e-44,0.8,6.07806e-114,3.12869e-112
14072.1,1472.67,1,1,0,0.8,6.70478e-25,7.35486e-24,0.8,7.97036e-47,1.6673e-45,0.8,5.67146e-116,2.966e-114
14090.1,1474.17,1,1,0,0.8,2.47614e-25,2.75949e-24,0.8,1.19262e-47,2.53454e-46,0.8,4.91191e-118,2.6097e-116
14108.1,1475.68,1,1,0,0.8,9.00076e-26,1.01902e-24,0.8,1.73138e-48,3.73803e-47,0.8,3.94442e-120,2.12899e-118
14126.1,1477.18,1,1,0,0.8,3.21961e-26,3.70292e-25,0.8,2.43767e-49,5.3464e-48,0.8,2.93385e-122,1.60866e-120
14144.1,1478.68,1,1,0,0.8,1.13306e-26,1.32378e-25,0.8,3.32707e-50,7.41261e-49,0.8,2.01909e-124,1.12462e-122
14162.2,1480.18,1,1,0,0.8,3.92217e-27,4.65477e-26,0.8,4.40016e-51,9.95832e-50,0.8,1.28431e-126,7.26656e-125
14180.2,1481.68,1,1,0,0.8,1.33514e-27,1.60951e-26,0.8,5.63646e-52,1.29574e-50,0.8,7.54252e-129,4.3348e-127
14198.2,1483.18,1,1,0,0.8,4.46845e-28,5.47149e-27,0.8,6.99014e-53,1.63222e-51,0.8,4.08522e-131,2.38478e-129
14216.2,1484.68,1,1,0,0.8,1.46999e-28,1.82822e-27,0.8,8.38908e-54,1.98964e-52,0.8,2.03838e-133,1.20861e-131
14234.2,1486.19,1,1,0,0.8,4.7522e-29,6.00294e-28,0.8,9.73861e-55,2.34591e-53,0.8,9.35929e-136,5.63635e-134
14252.3,1487.69,1,1,0,0.8,1.50938e-29,1.93645e-28,0.8,1.09304e-55,2.67419e-54,0.8,3.94997e-138,2.41596e-136
14270.3,1489.19,1,1,0,0.8,4.70888e-30,6.13556e-29,0.8,1.1856e-56,2.9459e-55,0.8,1.53053e-140,9.50743e-139
14288.3,1490.69,1,1,0,0.8,1.44261e-30,1.90897e-29,0.8,1.2422e-57,3.13464e-56,0.8,5.43855e-143,3.43097e-141
14306.3,1492.19,1,1,0,0.8,4.33898e-31,5.8309e-30,0.8,1.25662e-58,3.22031e-57,0.8,1.77014e-145,1.13408e-143
14324.3,1493.69,1,1,0,0.8,1.28092e-31,1.74806e-30,0.8,1.22677e-59,3.19258e-58,0.8,5.27114e-148,3.42945e-146
14342.3,1495.2,1,1,0,0.8,3.71059e-32,5.14222e-31,0.8,1.15521e-60,3.0529e-59,0.8,1.43433e-150,9.47637e-149
14360.4,1496.7,1,1,0,0.8,1.05449e-32,1.48392e-31,0.8,1.04879e-61,2.81448e-60,0.8,3.56219e-153,2.38984e-151
14378.4,1498.2,1,1,0,0.8,2.93906e-33,4.19973e-32,0.8,9.17551e-63,2.50028e-61,0.8,8.06447e-156,5.49381e-154
14396.4,1499.7,1,1,0,0.8,8.03206e-34,1.16539e-32,0.8,7.7317e-64,2.13927e-62,0.8,1.66222e-158,1.14979e-156
14414.4,1501.2,1,1,0,0.8,2.15171e-34,3.16992e-33,0.8,6.27195e-65,1.76203e-63,0.8,3.11535e-161,2.18805e-159
14432.4,1502.7,1,1,0,0.8,5.64892e-35,8.44958e-34,0.8,4.89546e-66,1.3964e-64,0.8,5.30255e-164,3.78129e-162
14450.5,1504.2,1,1,0,0.8,1.45296e-35,2.20656e-34,0.8,3.67473e-67,1.06423e-65,0.8,8.18585e-167,5.92669e-165
14468.5,1505.71,1,1,0,0.8,3.6604e-36,5.64379e-35,0.8,2.65138e-68,7.7958e-67,0.8,1.14467e-169,8.41414e-168
14486.5,1507.21,1,1,0,0.8,9.0297e-37,1.41346e-35,0.8,1.83784e-69,5.48608e-68,0.8,1.448e-172,1.0806e-170
14504.5,1508.71,1,1,0,0.8,2.18056e-37,3.46522e-36,0.8,1.22321e-70,3.70688e-69,0.8,1.65482e-175,1.25372e-173
14522.5,1510.21,1,1,0,0.8,5.15333e-38,8.31364e-37,0.8,7.81302e-72,2.40363e-70,0.8,1.70627e-178,1.31231e-176
14540.5,1511.71,1,1,0,0.8,1.19155e-38,1.95138e-37,0.8,4.78661e-73,1.49487e-71,0.8,1.58515e-181,1.23761e-179
14558.6,1513.21,1,1,0,0.8,2.69473e-39,4.47982e-38,0.8,2.81118e-74,8.91209e-73,0.8,1.32502e-184,1.05015e-182
14576.6,1514.71,1,1,0,0.8,5.95895e-40,1.00558e-38,0.8,1.58184e-75,5.09042e-74,0.8,9.95185e-188,8.00638e-186
14594.6,1516.22,1,1,0,0.8,1.2881e-40,2.20641e-39,0.8,8.52322e-77,2.7841e-75,0.8,6.7067e-191,5.47684e-189
14612.6,1517.72,1,1,0,0.8,2.72099e-41,4.73085e-40,0.8,4.3951e-78,1.45722e-76,0.8,4.0497e-194,3.35675e-192
14630.6,1519.22,1,1,0,0.8,5.61527e-42,9.90936e-41,0.8,2.16775e-79,7.29508e-78,0.8,2.18788e-197,1.84071e-195
14648.6,1520.72,1,1,0,0.8,1.13175e-42,2.02709e-41,0.8,1.02206e-80,3.49096e-79,0.8,1.05605e-200,9.01772e-199
14666.7,1522.22,1,1,0,0.8,2.22704e-43,4.04847e-42,0.8,4.60373e-82,1.59595e-80,0.8,4.54751e-204,3.94115e-202
14684.7,1523.72,1,1,0,0.8,4.27735e-44,7.89156e-43,0.8,1.97997e-83,6.96614e-82,0.8,1.74441e-207,1.53434e-205
14702.7,1525.23,1,1,0,0.8,8.01591e-45,1.5009e-43,0.8,8.12574e-85,2.90141e-83,0.8,5.95193e-211,5.31304e-209
14720.7,1526.73,1,1,0,0.8,1.46529e-45,2.78435e-44,0.8,3.18024e-86,1.15241e-84,0.8,1.80364e-214,1.63394e-212
14738.7,1528.23,1,1,0,0.8,2.61186e-46,5.0366e-45,0.8,1.18627e-87,4.36232e-86,0.8,4.84689e-218,4.4559e-216
14756.8,1529.73,1,1,0,0.8,4.53829e-47,8.88083e-46,0.8,4.21474e-89,1.57281e-87,0.8,1.15326e-221,1.0759e-219
14774.8,1531.23,1,1,0,0.8,7.68433e-48,1.52591e-46,0.8,1.42543e-90,5.39778e-89,0.8,2.42585e-225,2.29654e-223
14792.8,1532.73,1,1,0,0.8,1.2675e-48,2.55401e-47,0.8,4.58604e-92,1.76221e-90,0.8,4.50396e-229,4.32666e-227
14810.8,1534.23,1,1,0,0.8,2.036e-49,4.16282e-48,0.8,1.40272e-93,5.46923e-92,0.8,7.36929e-233,7.18325e-231
14828.8,1535.74,1,1,0,0.8,3.18378e-50,6.60508e-49,0.8,4.07628e-95,1.61266e-93,0.8,1.06086e-236,1.04925e-234
14846.8,1537.24,1,1,0,0.8,4.84506e-51,1.01987e-49,0.8,1.1247e-96,4.5147e-95,0.8,1.3415e-240,1.34624e-238
14864.9,1538.74,1,1,0,0.8,7.17293e-52,1.53195e-50,0.8,2.94444e-98,1.19921e-96,0.8,1.48767e-244,1.51474e-242
14882.9,1540.24,1,1,0,0.8,1.03272e-52,2.23779e-51,0.8,7.30928e-100,3.02034e-98,0.8,1.44439e-248,1.49213e-246
14900.9,1541.74,1,1,0,0.8,1.44546e-53,3.17773e-52,0.8,1.71934e-101,7.20805e-100,0.8,1.22575e-252,1.28469e-250
14918.9,1543.24,1,1,0,0.8,1.96613e-54,4.38518e-53,0.8,3.82973e-103,1.62888e-101,0.8,9.07655e-257,9.65118e-255
14936.9,1544.74,1,1,0,0.8,2.59804e-55,5.87856e-54,0.8,8.07233e-105,3.48313e-103,0.8,5.85459e-261,6.3155e-259
14955,1546.25,1,1,0,0.8,3.33386e-56,7.65266e-55,0.8,1.60898e-106,7.04307e-105,0.8,3.28382e-265,3.5936e-263
14973,1547.75,1,1,0,0.8,4.15299e-57,9.67057e-56,0.8,3.03057e-108,1.34574e-106,0.8,1.59886e-269,1.77496e-267
14991,1549.25,1,1,0,0.8,5.02021e-58,1.18585e-56,0.8,5.39026e-110,2.42807e-108,0.8,6.74567e-274,7.59655e-272
15009,1550.75,1,1,0,0.8,5.88669e-59,1.41052e-57,0.8,9.04687e-112,4.13383e-110,0.8,2.46176e-278,2.81216e-276
15027,1552.25,1,1,0,0.8,6.69334e-60,1.62683e-58,0.8,1.43178e-113,6.63624e-112,0.8,7.75696e-283,8.98829e-281
15045,1553.75,1,1,0,0.8,7.37685e-61,1.81865e-59,0.8,2.13515e-115,1.00381e-113,0.8,2.10655e-287,2.47592e-285
15063.1,1555.26,1,1,0,0.8,7.87752e-62,1.96986e-60,0.8,2.99803e-117,1.42964e-115,0.8,4.9214e-292,5.86705e-290
15081.1,1556.76,1,1,0,0.8,8.14756e-63,2.06647e-61,0.8,3.96071e-119,1.91567e-117,0.8,9.87265e-297,1.19377e-294
15099.1,1558.26,1,1,0,0.8,8.15859e-64,2.09874e-62,0.8,4.91946e-121,2.41327e-119,0.8,1.69743e-301,2.08172e-299
15117.1,1559.76,1,1,0,0.8,7.90641e-65,2.06279e-63,0.8,5.74033e-123,2.856e-121,0.8,2.49656e-306,3.1053e-304
15135.1,1561.26,1,1,0,0.8,7.41217e-66,1.96128e-64,0.8,6.28783e-125,3.17279e-123,0.8,3.1351e-311,3.95487e-309
15153.2,1562.76,1,1,0,0.8,6.71951e-67,1.80318e-65,0.8,6.46058e-127,3.30613e-125,0.8,3.35489e-316,4.29207e-314
15171.2,1564.26,1,1,0,0.8,5.88813e-68,1.60242e-66,0.8,6.22171e-129,3.2289e-127,0.8,3.05333e-321,3.95253e-319
15189.2,1565.77,1,1,0,0.8,4.98523e-69,1.37584e-67,0.8,5.61143e-131,2.95327e-129,0.8,0,0
15207.2,1567.27,1,1,0,0.8,4.07642e-70,1.14087e-68,0.8,4.73605e-133,2.52765e-131,0.8,0,0
15225.2,1568.77,1,1,0,0.8,3.21793e-71,9.13258e-70,0.8,3.73755e-135,2.02279e-133,0.8,0,0
15243.2,1570.27,1,1,0,0.8,2.45127e-72,7.05436e-71,0.8,2.75571e-137,1.51233e-135,0.8,0,0
15261.3,1571.77,1,1,0,0.8,1.80109e-73,5.25582e-72,0.8,1.8967e-139,1.05548e-137,0.8,0,0
15279.3,1573.27,1,1,0,0.8,1.27592e-74,3.77532e-73,0.8,1.21765e-141,6.87066e-140,0.8,0,0
15297.3,1574.77,1,1,0,0.8,8.71083e-76,2.6134e-74,0.8,7.28516e-144,4.16803e-142,0.8,0,0
15315.3,1576.28,1,1,0,0.8,5.72867e-77,1.74262e-75,0.8,4.05866e-146,2.35438e-144,0.8,0,0
15333.3,1577.78,1,1,0,0.8,3.62754e-78,1.1188e-76,0.8,2.10368e-148,1.23728e-146,0.8,0,0
15351.4,1579.28,1,1,0,0.8,2.21073e-79,6.91286e-78,0.8,1.01358e-150,6.04402e-149,0.8,0,0
15369.4,1580.78,1,1,0,0.8,1.29607e-80,4.10883e-79,0.8,4.53563e-153,2.74205e-151,0.8,0,0
15387.4,1582.28,1,1,0,0.8,7.3061e-82,2.3482e-80,0.8,1.88337e-155,1.15433e-153,0.8,0,0
15405.4,1583.78,1,1,0,0.8,3.95831e-83,1.28975e-81,0.8,7.25048e-158,4.50514e-156,0.8,0,0
15423.4,1585.29,1,1,0,0.8,2.06012e-84,6.80494e-83,0.8,2.58547e-160,1.62861e-158,0.8,0,0
15441.4,1586.79,1,1,0,0.8,1.02951e-85,3.44735e-84,0.8,8.53221e-163,5.44832e-161,0.8,0,0
15459.5,1588.29,1,1,0,0.8,4.93756e-87,1.67603e-85,0.8,2.60336e-165,1.68519e-163,0.8,0,0
15477.5,1589.79,1,1,0,0.8,2.27158e-88,7.81627e-87,0.8,7.33766e-168,4.81474e-166,0.8,0,0
15495.5,1591.29,1,1,0,0.8,1.002e-89,3.49485e-88,0.8,1.90864e-170,1.26949e-168,0.8,0,0
15513.5,1592.79,1,1,0,0.8,4.23559e-91,1.49746e-89,0.8,4.57747e-173,3.08611e-171,0.8,0,0
15531.5,1594.29,1,1,0,0.8,1.71494e-92,6.14553e-91,0.8,1.01123e-175,6.91041e-174,0.8,0,0
15549.5,1595.8,1,1,0,0.8,6.6475e-94,2.41449e-92,0.8,2.05578e-178,1.42393e-176,0.8,0,0
15567.6,1597.3,1,1,0,0.8,2.46557e-95,9.07675e-94,0.8,3.84226e-181,2.6974e-179,0.8,0,0
15585.6,1598.8,1,1,0,0.8,8.74589e-97,3.26327e-95,0.8,6.5956e-184,4.69298e-182,0.8,0,0
15603.6,1600.3,1,1,0,0.8,2.96547e-98,1.12142e-96,0.8,1.03884e-186,7.4915e-185,0.8,0,0
15621.6,1601.8,1,1,0,0.8,9.60635e-100,3.68167e-98,0.8,1.49983e-189,1.09616e-187,0.8,0,0
15639.6,1603.3,1,1,0,0.8,2.97145e-101,1.15414e-99,0.8,1.98284e-192,1.46867e-190,0.8,0,0
15657.7,1604.8,1,1,0,0.8,8.77188e-103,3.45282e-101,0.8,2.39801e-195,1.80002e-193,0.8,0,0
15675.7,1606.31,1,1,0,0.8,2.47e-104,9.85279e-103,0.8,2.65023e-198,2.016e-196,0.8,0,0
15693.7,1607.81,1,1,0,0.8,6.63049e-106,2.68027e-104,0.8,2.67383e-201,2.06116e-199,0.8,0,0
15711.7,1609.31,1,1,0,0.8,1.6959e-107,6.9469e-106,0.8,2.46007e-204,1.9217e-202,0.8,0,0
15729.7,1610.81,1,1,0,0.8,4.13065e-109,1.71459e-107,0.8,2.0619e-207,1.63213e-205,0.8,0,0
15747.7,1612.31,1,1,0,0.8,9.57547e-111,4.02753e-109,0.8,1.57264e-210,1.2614e-208,0.8,0,0
15765.8,1613.81,1,1,0,0.8,2.11144e-112,8.99879e-111,0.8,1.09035e-213,8.86174e-212,0.8,0,0
15783.8,1615.32,1,1,0,0.8,4.42615e-114,1.91139e-112,0.8,6.86449e-217,5.65296e-215,0.8,0,0
15801.8,1616.82,1,1,0,0.8,8.81565e-116,3.85729e-114,0.8,3.9199e-220,3.27076e-218,0.8,0,0
15819.8,1618.32,1,1,0,0.8,1.66729e-117,7.39152e-116,0.8,2.0281e-223,1.71458e-221,0.8,0,0
15837.8,1619.82,1,1,0,0.8,2.99253e-119,1.34415e-117,0.8,9.49648e-227,8.13424e-225,0.8,0,0
15855.9,1621.32,1,1,0,0.8,5.0943e-121,2.31829e-119,0.8,4.01984e-230,3.48848e-228,0.8,0,0
15873.9,1622.82,1,1,0,0.8,8.22031e-123,3.78996e-121,0.8,1.53649e-233,1.3509e-231,0.8,0,0
15891.9,1624.32,1,1,0,0.8,1.25657e-124,5.86932e-123,0.8,5.29702e-237,4.71821e-235,0.8,0,0
15909.9,1625.83,1,1,0,0.8,1.81852e-126,8.60522e-125,0.8,1.64516e-240,1.48455e-238,0.8,0,0
15927.9,1627.33,1,1,0,0.8,2.49009e-128,1.19369e-126,0.8,4.5978e-244,4.20312e-242,0.8,0,0
15945.9,1628.83,1,1,0,0.8,3.2241e-130,1.56569e-128,0.8,1.15491e-247,1.06952e-245,0.8,0,0
15964,1630.33,1,1,0,0.8,3.94482e-132,1.94061e-130,0.8,2.60424e-251,2.44307e-249,0.8,0,0
15982,1631.83,1,1,0,0.8,4.55825e-134,2.27148e-132,0.8,5.26538e-255,5.00364e-253,0.8,0,0
16000,1633.33,1,1,0,0.8,4.97101e-136,2.50927e-134,0.8,9.53381e-259,9.17729e-257,0.8,0,0
16018,1634.83,1,1,0,0.8,5.11314e-138,2.61439e-136,0.8,1.54404e-262,1.50553e-260,0.8,0,0
16036,1636.34,1,1,0,0.8,4.9573e-140,2.56744e-138,0.8,2.23395e-266,2.20634e-264,0.8,0,0
16054.1,1637.84,1,1,0,0.8,4.52726e-142,2.37492e-140,0.8,2.8838e-270,2.88486e-268,0.8,0,0
16072.1,1639.34,1,1,0,0.8,3.89197e-144,2.06793e-142,0.8,3.31733e-274,3.36124e-272,0.8,0,0
16090.1,1640.84,1,1,0,0.8,3.14746e-146,1.69381e-144,0.8,3.39621e-278,3.48534e-276,0.8,0,0
16108.1,1642.34,1,1,0,0.8,2.39285e-148,1.30422e-146,0.8,3.09048e-282,3.21223e-280,0.8,0,0
16126.1,1643.84,1,1,0,0.8,1.709e-150,9.43401e-149,0.8,2.49644e-286,2.62798e-284,0.8,0,0
16144.1,1645.35,1,1,0,0.8,1.14588e-152,6.40627e-151,0.8,1.78778e-290,1.90601e-288,0.8,0,0
16162.2,1646.85,1,1,0,0.8,7.20798e-155,4.08111e-153,0.8,1.13354e-294,1.2239e-292,0.8,0,0
16180.2,1648.35,1,1,0,0.8,4.25068e-157,2.43732e-155,0.8,6.35487e-299,6.94874e-297,0.8,0,0
16198.2,1649.85,1,1,0,0.8,2.34839e-159,1.36365e-157,0.8,3.14592e-303,3.48359e-301,0.8,0,0
16216.2,1651.35,1,1,0,0.8,1.21462e-161,7.14241e-160,0.8,1.37332e-307,1.54e-305,0.8,0,0
16234.2,1652.85,1,1,0,0.8,5.87708e-164,3.49965e-162,0.8,5.27942e-312,5.99509e-310,0.8,0,0
16252.3,1654.35,1,1,0,0.8,2.65838e-166,1.60299e-164,0.8,1.78483e-316,2.05237e-314,0.8,0,0
16270.3,1655.86,1,1,0,0.8,1.1233e-168,6.85879e-167,0.8,5.30132e-321,6.17582e-319,0.8,0,0
16288.3,1657.36,1,1,0,0.8,4.4307e-171,2.7394e-169,0.8,0,0,0.8,0,0
16306.3,1658.86,1,1,0,0.8,1.63016e-173,1.02055e-171,0.8,0,0,0.8,0,0
16324.3,1660.36,1,1,0,0.8,5.59044e-176,3.54373e-174,0.8,0,0,0.8,0,0
16342.3,1661.86,1,1,0,0.8,1.78562e-178,1.14605e-176,0.8,0,0,0.8,0,0
16360.4,1663.36,1,1,0,0.8,5.30803e-181,3.44937e-179,0.8,0,0,0.8,0,0
16378.4,1664.86,1,1,0,0.8,1.46738e-183,9.65453e-182,0.8,0,0,0.8,0,0
16396.4,1666.37,1,1,0,0.8,3.76951e-186,2.51099e-184,0.8,0,0,0.8,0,0
16414.4,1667.87,1,1,0,0.8,8.99122e-189,6.06373e-187,0.8,0,0,0.8,0,0
16432.4,1669.37,1,1,0,0.8,1.98977e-191,1.35856e-189,0.8,0,0,0.8,0,0
16450.5,1670.87,1,1,0,0.8,4.08221e-194,2.82171e-192,0.8,0,0,0.8,0,0
16468.5,1672.37,1,1,0,0.8,7.75796e-197,5.42871e-195,0.8,0,0,0.8,0,0
16486.5,1673.87,1,1,0,0.8,1.36461e-199,9.66675e-198,0.8,0,0,0.8,0,0
16504.5,1675.38,1,1,0,0.8,2.21985e-202,1.59188e-200,0.8,0,0,0.8,0,0
16522.5,1676.88,1,1,0,0.8,3.33688e-205,2.42232e-203,0.8,0,0,0.8,0,0
16540.5,1678.38,1,1,0,0.8,4.63124e-208,3.40316e-206,0.8,0,0,0.8,0,0
16558.6,1679.88,1,1,0,0.8,5.92968e-211,4.41065e-209,0.8,0,0,0.8,0,0
16576.6,1681.38,1,1,0,0.8,6.99805e-214,5.26896e-212,0.8,0,0,0.8,0,0
16594.6,1682.88,1,1,0,0.8,7.6062e-217,5.79671e-215,0.8,0,0,0.8,0,0
16612.6,1684.38,1,1,0,0.8,7.60728e-220,5.86815e-218,0.8,0,0,0.8,0,0
16630.6,1685.89,1,1,0,0.8,6.99502e-223,5.46146e-221,0.8,0,0,0.8,0,0
16648.6,1687.39,1,1,0,0.8,5.90837e-226,4.66902e-224,0.8,0,0,0.8,0,0
16666.7,1688.89,1,1,0,0.8,4.5802e-229,3.66329e-227,0.8,0,0,0.8,0,0
16684.7,1690.39,1,1,0,0.8,3.25578e-232,2.63549e-230,0.8,0,0,0.8,0,0
16702.7,1691.89,1,1,0,0.8,2.12027e-235,1.73704e-233,0.8,0,0,0.8,0,0
16720.7,1693.39,1,1,0,0.8,1.26387e-238,1.04791e-236,0.8,0,0,0.8,0,0
16738.7,1694.89,1,1,0,0.8,6.88964e-242,5.78107e-240,0.8,0,0,0.8,0,0
16756.8,1696.4,1,1,0,0.8,3.43142e-245,2.91386e-243,0.8,0,0,0.8,0,0
16774.8,1697.9,1,1,0,0.8,1.56004e-248,1.34061e-246,0.8,0,0,0.8,0,0
16792.8,1699.4,1,1,0,0.8,6.46808e-252,5.62482e-250,0.8,0,0,0.8,0,0
16810.8,1700.9,1,1,0,0.8,2.44336e-255,2.15019e-253,0.8,0,0,0.8,0,0
16828.8,1702.4,1,1,0,0.8,8.4016e-259,7.48165e-257,0.8,0,0,0.8,0,0
16846.8,1703.9,1,1,0,0.8,2.62715e-262,2.36732e-260,0.8,0,0,0.8,0,0
16864.9,1705.41,1,1,0,0.8,7.46341e-266,6.80516e-264,0.8,0,0,0.8,0,0
16882.9,1706.91,1,1,0,0.8,1.92442e-269,1.7755e-267,0.8,0,0,0.8,0,0
16900.9,1708.41,1,1,0,0.8,4.49932e-273,4.20028e-271,0.8,0,0,0.8,0,0
16918.9,1709.91,1,1,0,0.8,9.52912e-277,9.00088e-275,0.8,0,0,0.8,0,0
16936.9,1711.41,1,1,0,0.8,1.82635e-280,1.74546e-278,0.8,0,0,0.8,0,0
16955,1712.91,1,1,0,0.8,3.16453e-284,3.05997e-282,0.8,0,0,0.8,0,0
16973,1714.41,1,1,0,0.8,4.95208e-288,4.84474e-286,0.8,0,0,0.8,0,0
16991,1715.92,1,1,0,0.8,6.99163e-292,6.92034e-290,0.8,0,0,0.8,0,0
17009,1717.42,1,1,0,0.8,8.89686e-296,8.90927e-294,0.8,0,0,0.8,0,0
17027,1718.92,1,1,0,0.8,1.01933e-299,1.03268e-297,0.8,0,0,0.8,0,0
17045,1720.42,1,1,0,0.8,1.0504e-303,1.07658e-301,0.8,0,0,0.8,0,0
17063.1,1721.92,1,1,0,0.8,9.7254e-308,1.00839e-305,0.8,0,0,0.8,0,0
17081.1,1723.42,1,1,0,0.8,8.08183e-312,8.47724e-310,0.8,0,0,0.8,0,0
17099.1,1724.92,1,1,0,0.8,6.02143e-316,6.38936e-314,0.8,0,0,0.8,0,0
17117.1,1726.43,1,1,0,0.8,4.01824e-320,4.31319e-318,0.8,0,0,0.8,0,0
17135.1,1727.93,1,1,0,0.8,0,0,0.8,0,0,0.8,0,0
17153.2,1729.43,1,1,0,0.8,0,0,0.8,0,0,0.8,0,0
17171.2,1730.93,1,1,0,0.8,0,0,0.8,0,0,0.8,0,0
17189.2,1732.43,1,1,0,0.8,0,0,0.8,0,0,0.8,0,0
17207.2,1733.93,1,1,0,0.8,0,0,0.8,0,0,0.8,0,0
17225.2,1735.44,1,1,0,0.8,0,0,0.8,0,0,0.8,0,0
17243.2,1736.94,1,1,0,0.8,0,0,0.8,0,0,0.8,0,0
17261.3,1738.44,1,1,0,0.8,0,0,0.8,0,0,0.8,0,0
17279.3,1739.94,1,1,0,0.8,0,0,0.8,0,0,0.8,0,0
17297.3,1741.44,1,1,0,0.8,0,0,0.8,0,0,0.8,0,0
17315.3,1742.94,1,1,0,0.8,0,0,0.8,0,0,0.8,0,0
17333.3,1744.44,1,1,0,0.8,0,0,0.8,0,0,0.8,0,0
17351.4,1745.95,1,1,0,0.8,0,0,0.8,0,0,0.8,0,0
17369.4,1747.45,1,1,0,0.8,0,0,0.8,0,0,0.8,0,0
17387.4,1748.95,1,1,0,0.8,0,0,0.8,0,0,0.8,0,0
17405.4,1750.45,1,1,0,0.8,0,0,0.8,0,0,0.8,0,0
17423.4,1751.95,1,1,0,0.8,0,0,0.8,0,0,0.8,0,0
17441.4,1753.45,1,1,0,0.8,0,0,0.8,0,0,0.8,0,0
17459.5,1754.95,1,1,0,0.8,0,0,0.8,0,0,0.8,0,0
17477.5,1756.46,1,1,0,0.8,0,0,0.8,0,0,0.8,0,0
17495.5,1757.96,1,1,0,0.8,0,0,0.8,0,0,0.8,0,0
17513.5,1759.46,1,1,0,0.8,0,0,0.8,0,0,0.8,0,0
17531.5,1760.96,1,1,0,0.8,0,0,0.8,0,0,0.8,0,0
17549.5,1762.46,1,1,0,0.8,0,0,0.8,0,0,0.8,0,0
17567.6,1763.96,1,1,0,0.8,0,0,0.8,0,0,0.8,0,0
17585.6,1765.47,1,1,0,0.8,0,0,0.8,0,0,0.8,0,0
17603.6,1766.97,1,1,0,0.8,0,0,0.8,0,0,0.8,0,0
17621.6,1768.47,1,1,0,0.8,0,0,0.8,0,0,0.8,0,0
17639.6,1769.97,1,1,0,0.8,0,0,0.8,0,0,0.8,0,0
17657.7,1771.47,1,1,0,0.8,0,0,0.8,0,0,0.8,0,0
17675.7,1772.97,1,1,0,0.8,0,0,0.8,0,0,0.8,0,0
17693.7,1774.47,1,1,0,0.8,0,0,0.8,0,0,0.8,0,0
17711.7,1775.98,1,1,0,0.8,0,0,0.8,0,0,0.8,0,0
17729.7,1777.48,1,1,0,0.8,0,0,0.8,0,0,0.8,0,0
17747.7,1778.98,1,1,0,0.8,0,0,0.8,0,0,0.8,0,0
17765.8,1780.48,1,1,0,0.8,0,0,0.8,0,0,0.8,0,0
17783.8,1781.98,1,1,0,0.8,0,0,0.8,0,0,0.8,0,0
17801.8,1783.48,1,1,0,0.8,0,0,0.8,0,0,0.8,0,0
17819.8,1784.98,1,1,0,0.8,0,0,0.8,0,0,0.8,0,0
17837.8,1786.49,1,1,0,0.8,0,0,0.8,0,0,0.8,0,0
17855.9,1787.99,1,1,0,0.8,0,0,0.8,0,0,0.8,0,0
17873.9,1789.49,1,1,0,0.8,0,0,0.8,0,0,0.8,0,0
17891.9,1790.99,1,1,0,0.8,0,0,0.8,0,0,0.8,0,0
17909.9,1792.49,1,1,0,0.8,0,0,0.8,0,0,0.8,0,0
17927.9,1793.99,1,1,0,0.8,0,0,0.8,0,0,0.8,0,0
17945.9,1795.5,1,1,0,0.8,0,0,0.8,0,0,0.8,0,0
17964,1797,1,1,0,0.8,0,0,0.8,0,0,0.8,0,0
17982,1798.5,1,1,0,0.8,0,0,0.8,0,0,0.8,0,0
18000,1800,1,1,0,0.8,0,0,0.8,0,0,0.8,0,0
