Time (s),Temp_at_0.0000m,Temp_at_0.0400m,Temp_at_0.1000m
0.0000,20.0000,20.0000,20.0000
4.0080,24.0227,21.8437,20.4526
8.0160,27.5046,23.6917,20.9193
12.0240,30.6886,25.5439,21.3957
16.0321,33.6564,27.4004,21.8800
20.0401,36.4530,29.2612,22.3714
24.0481,39.1078,31.1263,22.8692
28.0561,41.6415,32.9957,23.3730
32.0641,44.0697,34.8694,23.8825
36.0721,46.4044,36.7475,24.3973
40.0802,48.6554,38.6299,24.9173
44.0882,50.8306,40.5166,25.4422
48.0962,52.9368,42.4077,25.9719
52.1042,54.9795,44.3031,26.5063
56.1122,56.9637,46.2029,27.0451
60.1202,58.8936,48.1069,27.5884
64.1283,60.7729,50.0151,28.1360
68.1363,62.6049,51.9275,28.6878
72.1443,64.3925,53.8439,29.2438
76.1523,66.1383,55.7643,29.8039
80.1603,67.8448,57.6886,30.3679
84.1683,69.5139,59.6165,30.9359
88.1764,71.1477,61.5480,31.5078
92.1844,72.7479,63.4829,32.0836
96.1924,74.3162,65.4210,32.6632
100.2004,75.8541,67.3620,33.2465
104.2084,77.3629,69.3059,33.8335
108.2164,78.8438,71.2523,34.4242
112.2244,80.2982,73.2011,35.0186
116.2325,81.7270,75.1519,35.6165
120.2405,83.1313,77.1047,36.2181
124.2485,84.5120,79.0592,36.8232
128.2565,85.8701,81.0151,37.4318
132.2645,87.2064,82.9722,38.0439
136.2725,88.5217,84.9303,38.6595
140.2806,89.8167,86.8891,39.2786
144.2886,91.0921,88.8485,39.9011
148.2966,92.3485,90.8081,40.5270
152.3046,93.5867,92.7678,41.1563
156.3126,94.8071,94.7274,41.7889
160.3206,96.0103,96.6867,42.4250
164.3287,97.1970,98.6453,43.0643
168.3367,98.3675,100.6033,43.7070
172.3447,99.5223,102.5602,44.3530
176.3527,100.6620,104.5161,45.0023
180.3607,101.7868,106.4706,45.6549
184.3687,102.8974,108.4236,46.3108
188.3768,103.9940,110.3750,46.9699
192.3848,105.0770,112.3245,47.6323
196.3928,106.1468,114.2720,48.2979
200.4008,107.2037,116.2173,48.9668
204.4088,108.2481,118.1604,49.6388
208.4168,109.2803,120.1010,50.3141
212.4248,110.3006,122.0390,50.9926
216.4329,111.3092,123.9743,51.6743
220.4409,112.3065,125.9067,52.3591
224.4489,113.2927,127.8362,53.0472
228.4569,114.2681,129.7626,53.7384
232.4649,115.2330,131.6858,54.4328
236.4729,116.1875,133.6057,55.1303
240.4810,117.1320,135.5222,55.8310
244.4890,118.0665,137.4352,56.5348
248.4970,118.9915,139.3446,57.2418
252.5050,119.9069,141.2503,57.9519
256.5130,120.8132,143.1522,58.6651
260.5210,121.7104,145.0503,59.3815
264.5291,122.5987,146.9445,60.1009
268.5371,123.4784,148.8347,60.8235
272.5451,124.3495,150.7208,61.5492
276.5531,125.2124,152.6027,62.2780
280.5611,126.0670,154.4805,63.0098
284.5691,126.9137,156.3540,63.7448
288.5772,127.7525,158.2232,64.4829
292.5852,128.5836,160.0881,65.2240
296.5932,129.4071,161.9485,65.9683
300.6012,130.2232,163.8045,66.7156
304.6092,131.0321,165.6559,67.4659
308.6172,131.8338,167.5029,68.2194
312.6253,132.6285,169.3452,68.9759
316.6333,133.4163,171.1829,69.7354
320.6413,134.1973,173.0160,70.4980
324.6493,134.9717,174.8444,71.2637
328.6573,135.7395,176.6681,72.0324
332.6653,136.5009,178.4871,72.8042
336.6733,137.2560,180.3013,73.5789
340.6814,138.0049,182.1107,74.3567
344.6894,138.7477,183.9153,75.1376
348.6974,139.4845,185.7151,75.9214
352.7054,140.2154,187.5100,76.7083
356.7134,140.9404,189.3001,77.4982
360.7214,141.6598,191.0853,78.2910
364.7295,142.3735,192.8656,79.0869
368.7375,143.0817,194.6410,79.8858
372.7455,143.7844,196.4116,80.6876
376.7535,144.4818,198.1772,81.4925
380.7615,145.1739,199.9379,82.3003
384.7695,145.8608,201.6936,83.1111
388.7776,146.5425,203.4445,83.9248
392.7856,147.2192,205.1904,84.7415
396.7936,147.8910,206.9313,85.5612
400.8016,148.5578,208.6674,86.3838
404.8096,149.2198,210.3985,87.2093
408.8176,149.8770,212.1246,88.0378
412.8257,150.5296,213.8458,88.8692
416.8337,151.1775,215.5621,89.7035
420.8417,151.8209,217.2735,90.5407
424.8497,152.4598,218.9799,91.3808
428.8577,153.0942,220.6815,92.2238
432.8657,153.7243,222.3781,93.0696
436.8737,154.3500,224.0698,93.9184
440.8818,154.9715,225.7566,94.7700
444.8898,155.5889,227.4385,95.6245
448.8978,156.2020,229.1156,96.4818
452.9058,156.8111,230.7878,97.3420
456.9138,157.4162,232.4551,98.2050
460.9218,158.0172,234.1175,99.0708
464.9299,158.6144,235.7752,99.9394
468.9379,159.2077,237.4280,100.8108
472.9459,159.7971,239.0760,101.6850
476.9539,160.3828,240.7191,102.5620
480.9619,160.9648,242.3575,103.4418
484.9699,161.5430,243.9911,104.3243
488.9780,162.1177,245.6200,105.2096
492.9860,162.6887,247.2441,106.0976
496.9940,163.2562,248.8635,106.9884
501.0020,163.8202,250.4781,107.8818
505.0100,164.3807,252.0880,108.7780
509.0180,164.9378,253.6933,109.6768
513.0261,165.4916,255.2939,110.5784
517.0341,166.0420,256.8898,111.4826
521.0421,166.5891,258.4811,112.3894
525.0501,167.1329,260.0677,113.2989
529.0581,167.6736,261.6498,114.2111
533.0661,168.2110,263.2273,115.1258
537.0741,168.7453,264.8001,116.0432
541.0822,169.2765,266.3685,116.9631
545.0902,169.8046,267.9323,117.8857
549.0982,170.3297,269.4915,118.8108
553.1062,170.8518,271.0463,119.7385
557.1142,171.3709,272.5966,120.6687
561.1222,171.8871,274.1424,121.6014
565.1303,172.4004,275.6838,122.5367
569.1383,172.9108,277.2207,123.4745
573.1463,173.4183,278.7532,124.4147
577.1543,173.9231,280.2814,125.3574
581.1623,174.4250,281.8051,126.3026
585.1703,174.9242,283.3245,127.2503
589.1784,175.4207,284.8396,128.2003
593.1864,175.9146,286.3504,129.1528
597.1944,176.4057,287.8568,130.1077
601.2024,176.8942,289.3590,131.0650
605.2104,177.3801,290.8569,132.0247
609.2184,177.8635,292.3506,132.9867
613.2265,178.3443,293.8401,133.9510
617.2345,178.8225,295.3253,134.9177
621.2425,179.2983,296.8064,135.8868
625.2505,179.7716,298.2833,136.8581
629.2585,180.2424,299.7561,137.8317
633.2665,180.7109,301.2247,138.8076
637.2745,181.1769,302.6893,139.7857
641.2826,181.6405,304.1497,140.7661
645.2906,182.1019,305.6061,141.7487
649.2986,182.5608,307.0585,142.7335
653.3066,183.0175,308.5068,143.7205
657.3146,183.4719,309.9511,144.7097
661.3226,183.9240,311.3914,145.7011
665.3307,184.3740,312.8278,146.6946
669.3387,184.8216,314.2602,147.6902
673.3467,185.2671,315.6887,148.6880
677.3547,185.7105,317.1133,149.6879
681.3627,186.1517,318.5340,150.6898
685.3707,186.5907,319.9508,151.6939
689.3788,187.0277,321.3638,152.6999
693.3868,187.4625,322.7729,153.7081
697.3948,187.8953,324.1782,154.7182
701.4028,188.3260,325.5797,155.7304
705.4108,188.7547,326.9775,156.7446
709.4188,189.1814,328.3715,157.7607
713.4269,189.6061,329.7617,158.7788
717.4349,190.0289,331.1483,159.7989
721.4429,190.4496,332.5311,160.8208
725.4509,190.8685,333.9103,161.8447
729.4589,191.2854,335.2858,162.8705
733.4669,191.7004,336.6577,163.8982
737.4749,192.1135,338.0259,164.9278
741.4830,192.5248,339.3906,165.9592
745.4910,192.9342,340.7516,166.9924
749.4990,193.3418,342.1091,168.0275
753.5070,193.7476,343.4630,169.0644
757.5150,194.1515,344.8134,170.1030
761.5230,194.5537,346.1603,171.1435
765.5311,194.9541,347.5037,172.1857
769.5391,195.3527,348.8436,173.2296
773.5471,195.7497,350.1801,174.2753
777.5551,196.1448,351.5131,175.3226
781.5631,196.5383,352.8427,176.3717
785.5711,196.9301,354.1689,177.4225
789.5792,197.3202,355.4918,178.4749
793.5872,197.7086,356.8112,179.5290
797.5952,198.0954,358.1273,180.5847
801.6032,198.4806,359.4401,181.6420
805.6112,198.8641,360.7495,182.7009
809.6192,199.2460,362.0557,183.7614
813.6273,199.6264,363.3585,184.8235
817.6353,200.0051,364.6581,185.8872
821.6433,200.3823,365.9545,186.9524
825.6513,200.7579,367.2476,188.0191
829.6593,201.1320,368.5375,189.0873
833.6673,201.5046,369.8243,190.1570
837.6754,201.8756,371.1078,191.2283
841.6834,202.2451,372.3882,192.3009
845.6914,202.6132,373.6654,193.3751
849.6994,202.9797,374.9395,194.4506
853.7074,203.3448,376.2105,195.5276
857.7154,203.7085,377.4784,196.6060
861.7234,204.0707,378.7433,197.6858
865.7315,204.4315,380.0050,198.7670
869.7395,204.7908,381.2637,199.8495
873.7475,205.1487,382.5194,200.9333
877.7555,205.5053,383.7721,202.0186
881.7635,205.8604,385.0218,203.1051
885.7715,206.2142,386.2685,204.1929
889.7796,206.5666,387.5122,205.2820
893.7876,206.9177,388.7530,206.3724
897.7956,207.2674,389.9908,207.4641
901.8036,207.6158,391.2257,208.5570
905.8116,207.9629,392.4577,209.6511
909.8196,208.3086,393.6868,210.7465
913.8277,208.6531,394.9131,211.8430
917.8357,208.9963,396.1365,212.9408
921.8437,209.3382,397.3570,214.0397
925.8517,209.6788,398.5748,215.1398
929.8597,210.0181,399.7897,216.2410
933.8677,210.3562,401.0018,217.3434
937.8758,210.6931,402.2111,218.4468
941.8838,211.0287,403.4176,219.5514
945.8918,211.3631,404.6214,220.6571
949.8998,211.6963,405.8225,221.7639
953.9078,212.0283,407.0208,222.8717
957.9158,212.3591,408.2165,223.9806
961.9238,212.6887,409.4094,225.0905
965.9319,213.0172,410.5996,226.2015
969.9399,213.3444,411.7872,227.3134
973.9479,213.6705,412.9721,228.4264
977.9559,213.9955,414.1544,229.5403
981.9639,214.3193,415.3340,230.6552
985.9719,214.6420,416.5111,231.7711
989.9800,214.9635,417.6855,232.8879
993.9880,215.2840,418.8574,234.0057
997.9960,215.6033,420.0266,235.1244
1002.0040,215.9215,421.1933,236.2440
1006.0120,216.2387,422.3575,237.3645
1010.0200,216.5547,423.5192,238.4858
1014.0281,216.8697,424.6783,239.6081
1018.0361,217.1836,425.8349,240.7312
1022.0441,217.4965,426.9890,241.8551
1026.0521,217.8082,428.1406,242.9799
1030.0601,218.1190,429.2898,244.1055
1034.0681,218.4287,430.4365,245.2319
1038.0762,218.7374,431.5808,246.3591
1042.0842,219.0450,432.7226,247.4871
1046.0922,219.3517,433.8621,248.6158
1050.1002,219.6573,434.9991,249.7454
1054.1082,219.9619,436.1337,250.8756
1058.1162,220.2656,437.2660,252.0067
1062.1242,220.5682,438.3958,253.1384
1066.1323,220.8699,439.5234,254.2708
1070.1403,221.1706,440.6486,255.4040
1074.1483,221.4703,441.7714,256.5378
1078.1563,221.7691,442.8919,257.6723
1082.1643,222.0669,444.0102,258.8075
1086.1723,222.3638,445.1261,259.9434
1090.1804,222.6597,446.2397,261.0799
1094.1884,222.9547,447.3511,262.2170
1098.1964,223.2488,448.4602,263.3547
1102.2044,223.5419,449.5671,264.4931
1106.2124,223.8341,450.6717,265.6321
1110.2204,224.1255,451.7741,266.7716
1114.2285,224.4159,452.8743,267.9117
1118.2365,224.7054,453.9723,269.0524
1122.2445,224.9941,455.0681,270.1937
1126.2525,225.2818,456.1617,271.3355
1130.2605,225.5687,457.2531,272.4778
1134.2685,225.8547,458.3424,273.6207
1138.2766,226.1399,459.4295,274.7641
1142.2846,226.4241,460.5145,275.9080
1146.2926,226.7076,461.5973,277.0523
1150.3006,226.9901,462.6781,278.1972
1154.3086,227.2719,463.7567,279.3426
1158.3166,227.5528,464.8333,280.4884
1162.3246,227.8329,465.9077,281.6346
1166.3327,228.1121,466.9801,282.7813
1170.3407,228.3905,468.0504,283.9285
1174.3487,228.6681,469.1187,285.0760
1178.3567,228.9449,470.1849,286.2240
1182.3647,229.2209,471.2491,287.3724
1186.3727,229.4961,472.3112,288.5211
1190.3808,229.7706,473.3714,289.6703
1194.3888,230.0442,474.4295,290.8198
1198.3968,230.3170,475.4856,291.9697
1202.4048,230.5891,476.5398,293.1200
1206.4128,230.8604,477.5920,294.2706
1210.4208,231.1309,478.6422,295.4216
1214.4289,231.4006,479.6904,296.5728
1218.4369,231.6696,480.7368,297.7244
1222.4449,231.9379,481.7811,298.8763
1226.4529,232.2054,482.8236,300.0286
1230.4609,232.4721,483.8641,301.1811
1234.4689,232.7381,484.9027,302.3338
1238.4770,233.0034,485.9395,303.4869
1242.4850,233.2680,486.9743,304.6402
1246.4930,233.5318,488.0073,305.7938
1250.5010,233.7949,489.0383,306.9477
1254.5090,234.0573,490.0675,308.1017
1258.5170,234.3190,491.0949,309.2561
1262.5251,234.5800,492.1204,310.4106
1266.5331,234.8402,493.1441,311.5653
1270.5411,235.0998,494.1660,312.7203
1274.5491,235.3587,495.1860,313.8754
1278.5571,235.6169,496.2042,315.0308
1282.5651,235.8744,497.2206,316.1863
1286.5731,236.1312,498.2352,317.3420
1290.5812,236.3874,499.2481,318.4979
1294.5892,236.6429,500.2592,319.6539
1298.5972,236.8977,501.2684,320.8101
1302.6052,237.1518,502.2760,321.9664
1306.6132,237.4053,503.2818,323.1228
1310.6212,237.6582,504.2858,324.2794
1314.6293,237.9104,505.2881,325.4361
1318.6373,238.1619,506.2887,326.5929
1322.6453,238.4128,507.2875,327.7498
1326.6533,238.6631,508.2847,328.9068
1330.6613,238.9127,509.2801,330.0639
1334.6693,239.1617,510.2739,331.2211
1338.6774,239.4101,511.2659,332.3784
1342.6854,239.6578,512.2563,333.5357
1346.6934,239.9049,513.2450,334.6930
1350.7014,240.1514,514.2320,335.8505
1354.7094,240.3973,515.2174,337.0079
1358.7174,240.6426,516.2011,338.1654
1362.7255,240.8873,517.1832,339.3230
1366.7335,241.1314,518.1637,340.4805
1370.7415,241.3749,519.1425,341.6381
1374.7495,241.6178,520.1197,342.7957
1378.7575,241.8601,521.0953,343.9533
1382.7655,242.1018,522.0693,345.1109
1386.7735,242.3429,523.0417,346.2684
1390.7816,242.5835,524.0125,347.4260
1394.7896,242.8234,524.9817,348.5835
1398.7976,243.0628,525.9494,349.7410
1402.8056,243.3017,526.9154,350.8985
1406.8136,243.5399,527.8799,352.0559
1410.8216,243.7776,528.8429,353.2133
1414.8297,244.0147,529.8043,354.3706
1418.8377,244.2513,530.7641,355.5278
1422.8457,244.4874,531.7225,356.6850
1426.8537,244.7228,532.6793,357.8421
1430.8617,244.9578,533.6345,358.9991
1434.8697,245.1922,534.5883,360.1561
1438.8778,245.4260,535.5405,361.3129
1442.8858,245.6593,536.4913,362.4696
1446.8938,245.8921,537.4405,363.6263
1450.9018,246.1243,538.3883,364.7828
1454.9098,246.3560,539.3346,365.9392
1458.9178,246.5872,540.2794,367.0955
1462.9259,246.8179,541.2227,368.2516
1466.9339,247.0480,542.1646,369.4076
1470.9419,247.2777,543.1050,370.5635
1474.9499,247.5068,544.0439,371.7192
1478.9579,247.7354,544.9815,372.8748
1482.9659,247.9635,545.9175,374.0302
1486.9739,248.1911,546.8522,375.1854
1490.9820,248.4182,547.7854,376.3405
1494.9900,248.6448,548.7172,377.4954
1498.9980,248.8709,549.6476,378.6501
1503.0060,249.0965,550.5765,379.8047
1507.0140,249.3216,551.5041,380.9590
1511.0220,249.5462,552.4303,382.1132
1515.0301,249.7704,553.3551,383.2671
1519.0381,249.9940,554.2785,384.4209
1523.0461,250.2172,555.2005,385.5744
1527.0541,250.4399,556.1211,386.7277
1531.0621,250.6621,557.0404,387.8808
1535.0701,250.8839,557.9583,389.0336
1539.0782,251.1052,558.8749,390.1863
1543.0862,251.3260,559.7901,391.3386
1547.0942,251.5463,560.7039,392.4908
1551.1022,251.7662,561.6165,393.6427
1555.1102,251.9857,562.5276,394.7943
1559.1182,252.2046,563.4375,395.9457
1563.1263,252.4231,564.3460,397.0969
1567.1343,252.6412,565.2532,398.2477
1571.1423,252.8588,566.1591,399.3983
1575.1503,253.0760,567.0637,400.5486
1579.1583,253.2927,567.9670,401.6987
1583.1663,253.5090,568.8690,402.8484
1587.1743,253.7249,569.7697,403.9979
1591.1824,253.9403,570.6691,405.1470
1595.1904,254.1552,571.5672,406.2959
1599.1984,254.3698,572.4641,407.4445
1603.2064,254.5839,573.3596,408.5927
1607.2144,254.7976,574.2539,409.7407
1611.2224,255.0108,575.1470,410.8883
1615.2305,255.2237,576.0388,412.0356
1619.2385,255.4361,576.9293,413.1826
1623.2465,255.6481,577.8186,414.3292
1627.2545,255.8596,578.7067,415.4756
1631.2625,256.0708,579.5935,416.6215
1635.2705,256.2815,580.4790,417.7672
1639.2786,256.4919,581.3634,418.9125
1643.2866,256.7018,582.2465,420.0574
1647.2946,256.9113,583.1284,421.2020
1651.3026,257.1204,584.0091,422.3463
1655.3106,257.3291,584.8886,423.4901
1659.3186,257.5375,585.7669,424.6336
1663.3267,257.7454,586.6439,425.7768
1667.3347,257.9529,587.5198,426.9196
1671.3427,258.1600,588.3945,428.0619
1675.3507,258.3668,589.2680,429.2040
1679.3587,258.5731,590.1403,430.3456
1683.3667,258.7790,591.0114,431.4868
1687.3747,258.9846,591.8814,432.6277
1691.3828,259.1898,592.7502,433.7681
1695.3908,259.3946,593.6178,434.9082
1699.3988,259.5990,594.4843,436.0478
1703.4068,259.8031,595.3496,437.1871
1707.4148,260.0067,596.2138,438.3259
1711.4228,260.2100,597.0768,439.4643
1715.4309,260.4130,597.9387,440.6023
1719.4389,260.6155,598.7994,441.7399
1723.4469,260.8177,599.6590,442.8771
1727.4549,261.0195,600.5174,444.0138
1731.4629,261.2209,601.3748,445.1501
1735.4709,261.4220,602.2310,446.2860
1739.4790,261.6228,603.0861,447.4214
1743.4870,261.8231,603.9401,448.5564
1747.4950,262.0231,604.7929,449.6910
1751.5030,262.2228,605.6447,450.8251
1755.5110,262.4221,606.4953,451.9587
1759.5190,262.6210,607.3449,453.0920
1763.5271,262.8196,608.1934,454.2247
1767.5351,263.0178,609.0407,455.3570
1771.5431,263.2157,609.8870,456.4888
1775.5511,263.4133,610.7322,457.6202
1779.5591,263.6105,611.5763,458.7511
1783.5671,263.8073,612.4194,459.8815
1787.5752,264.0039,613.2613,461.0115
1791.5832,264.2000,614.1022,462.1409
1795.5912,264.3959,614.9420,463.2699
1799.5992,264.5914,615.7808,464.3984
1803.6072,264.7865,616.6185,465.5265
1807.6152,264.9814,617.4552,466.6540
1811.6232,265.1759,618.2908,467.7810
1815.6313,265.3701,619.1253,468.9076
1819.6393,265.5639,619.9589,470.0336
1823.6473,265.7574,620.7913,471.1592
1827.6553,265.9506,621.6228,472.2843
1831.6633,266.1435,622.4532,473.4088
1835.6713,266.3360,623.2825,474.5329
1839.6794,266.5283,624.1109,475.6564
1843.6874,266.7202,624.9382,476.7794
1847.6954,266.9118,625.7645,477.9019
1851.7034,267.1030,626.5898,479.0239
1855.7114,267.2940,627.4141,480.1454
1859.7194,267.4846,628.2373,481.2663
1863.7275,267.6750,629.0596,482.3867
1867.7355,267.8650,629.8809,483.5066
1871.7435,268.0547,630.7011,484.6260
1875.7515,268.2441,631.5204,485.7448
1879.7595,268.4332,632.3386,486.8631
1883.7675,268.6220,633.1559,487.9809
1887.7756,268.8105,633.9722,489.0981
1891.7836,268.9986,634.7875,490.2148
1895.7916,269.1865,635.6018,491.3309
1899.7996,269.3741,636.4152,492.4465
1903.8076,269.5614,637.2275,493.5615
1907.8156,269.7484,638.0389,494.6760
1911.8236,269.9351,638.8494,495.7899
1915.8317,270.1215,639.6588,496.9033
1919.8397,270.3076,640.4673,498.0161
1923.8477,270.4934,641.2749,499.1284
1927.8557,270.6789,642.0815,500.2401
1931.8637,270.8641,642.8871,501.3512
1935.8717,271.0491,643.6918,502.4618
1939.8798,271.2337,644.4955,503.5718
1943.8878,271.4181,645.2983,504.6813
1947.8958,271.6022,646.1002,505.7901
1951.9038,271.7860,646.9011,506.8984
1955.9118,271.9695,647.7011,508.0061
1959.9198,272.1528,648.5001,509.1132
1963.9279,272.3357,649.2982,510.2198
1967.9359,272.5184,650.0954,511.3258
1971.9439,272.7008,650.8917,512.4312
1975.9519,272.8830,651.6870,513.5360
1979.9599,273.0648,652.4814,514.6402
1983.9679,273.2464,653.2749,515.7438
1987.9760,273.4277,654.0675,516.8468
1991.9840,273.6088,654.8592,517.9493
1995.9920,273.7895,655.6500,519.0511
2000.0000,273.9700,656.4398,520.1524
