t,001_MLR( 0.0000_ 0.0000_ 0.0000),
         0.0000,        0.0000000,
         1.0000,        0.0000000,
         2.0000,        0.0000000,
         3.0000,        0.0000001,
         4.0000,        0.0000017,
         5.0000,        0.0000159,
         6.0000,        0.0001024,
         7.0000,        0.0004965,
         8.0000,        0.0019493,
         9.0000,        0.0064917,
        10.0000,        0.0189436,
        11.0000,        0.0495791,
        12.0000,        0.1183444,
        13.0000,        0.2606635,
        14.0000,        0.5336363,
        15.0000,        1.0186108,
        16.0000,        1.8120286,
        17.0000,        2.9958122,
        18.0000,        4.5913719,
        19.0000,        6.5268086,
        20.0000,        8.6523892,
        21.0000,       10.7989090,
        22.0000,       12.8333482,
        23.0000,       14.6791123,
        24.0000,       16.3057524,
        25.0000,       17.7094959,
        26.0000,       18.8988522,
        27.0000,       19.8878710,
        28.0000,       20.6942371,
        29.0000,       21.3390074,
        30.0000,       21.8464914,
        31.0000,       22.2434522,
        32.0000,       22.5570364,
        33.0000,       22.8114685,
        34.0000,       23.0246754,
        35.0000,       23.2071866,
        36.0000,       23.3640998,
        37.0000,       23.4981019,
        38.0000,       23.6113203,
        39.0000,       23.7057087,
        40.0000,       23.7831148,
        41.0000,       23.8453878,
        42.0000,       23.8942646,
        43.0000,       23.9312435,
        44.0000,       23.9576029,
        45.0000,       23.9745419,
        46.0000,       23.9831703,
        47.0000,       23.9844115,
        48.0000,       23.9790575,
        49.0000,       23.9678977,
        50.0000,       23.9516481,
        51.0000,       23.9308807,
        52.0000,       23.9061346,
        53.0000,       23.8779487,
        54.0000,       23.8468172,
        55.0000,       23.8131000,
        56.0000,       23.7772053,
        57.0000,       23.7395246,
        58.0000,       23.7003781,
        59.0000,       23.6600486,
        60.0000,       23.6188494,
        61.0000,       23.5770568,
        62.0000,       23.5349073,
        63.0000,       23.4926250,
        64.0000,       23.4504538,
        65.0000,       23.4086076,
        66.0000,       23.3672537,
        67.0000,       23.3265918,
        68.0000,       23.2867900,
        69.0000,       23.2480318,
        70.0000,       23.2104510,
        71.0000,       23.1741988,
        72.0000,       23.1394193,
        73.0000,       23.1062517,
        74.0000,       23.0748165,
        75.0000,       23.0452258,
        76.0000,       23.0176010,
        77.0000,       22.9920632,
        78.0000,       22.9686918,
        79.0000,       22.9475945,
        80.0000,       22.9288802,
        81.0000,       22.9126300,
        82.0000,       22.8989208,
        83.0000,       22.8878383,
        84.0000,       22.8794892,
        85.0000,       22.8739191,
        86.0000,       22.8712078,
        87.0000,       22.8714315,
        88.0000,       22.8746686,
        89.0000,       22.8809687,
        90.0000,       22.8903992,
        91.0000,       22.9030306,
        92.0000,       22.9189238,
        93.0000,       22.9381280,
        94.0000,       22.9607121,
        95.0000,       22.9867177,
        96.0000,       23.0162182,
        97.0000,       23.0492554,
        98.0000,       23.0858950,
        99.0000,       23.1261680,
       100.0000,       23.1701495,
       101.0000,       23.2178876,
       102.0000,       23.2694224,
       103.0000,       23.3248027,
       104.0000,       23.3841033,
       105.0000,       23.4473612,
       106.0000,       23.5146216,
       107.0000,       23.5859362,
       108.0000,       23.6613835,
       109.0000,       23.7409893,
       110.0000,       23.8248135,
       111.0000,       23.9129137,
       112.0000,       24.0053531,
       113.0000,       24.1021776,
       114.0000,       24.2034509,
       115.0000,       24.3092311,
       116.0000,       24.4195852,
       117.0000,       24.5345727,
       118.0000,       24.6542671,
       119.0000,       24.7787171,
       120.0000,       24.9080162,
       121.0000,       25.0422353,
       122.0000,       25.1814383,
       123.0000,       25.3257049,
       124.0000,       25.4751413,
       125.0000,       25.6298167,
       126.0000,       25.7898234,
       127.0000,       25.9552588,
       128.0000,       26.1262363,
       129.0000,       26.3028492,
       130.0000,       26.4852145,
       131.0000,       26.6734452,
       132.0000,       26.8676752,
       133.0000,       27.0680294,
       134.0000,       27.2746459,
       135.0000,       27.4876555,
       136.0000,       27.7072298,
       137.0000,       27.9335125,
       138.0000,       28.1666578,
       139.0000,       28.4068334,
       140.0000,       28.6542170,
       141.0000,       28.9089612,
       142.0000,       29.1712397,
       143.0000,       29.4412028,
       144.0000,       29.7190078,
       145.0000,       30.0047868,
       146.0000,       30.2986311,
       147.0000,       30.6006334,
       148.0000,       30.9108251,
       149.0000,       31.2291682,
       150.0000,       31.5555738,
       151.0000,       31.8898701,
       152.0000,       32.2317612,
       153.0000,       32.5808455,
       154.0000,       32.9365607,
       155.0000,       33.2982029,
       156.0000,       33.6648570,
       157.0000,       34.0354108,
       158.0000,       34.4085656,
       159.0000,       34.7827505,
       160.0000,       35.1561968,
       161.0000,       35.5269045,
       162.0000,       35.8926848,
       163.0000,       36.2511594,
       164.0000,       36.5998211,
       165.0000,       36.9361102,
       166.0000,       37.2574126,
       167.0000,       37.5611893,
       168.0000,       37.8450188,
       169.0000,       38.1066722,
       170.0000,       38.3441523,
       171.0000,       38.5557859,
       172.0000,       38.7402122,
       173.0000,       38.8964159,
       174.0000,       39.0237017,
       175.0000,       39.1217042,
       176.0000,       39.1902775,
       177.0000,       39.2294800,
       178.0000,       39.2394861,
       179.0000,       39.2204911,
       180.0000,       39.1726178,
       181.0000,       39.0958711,
       182.0000,       38.9899899,
       183.0000,       38.8544059,
       184.0000,       38.6881619,
       185.0000,       38.4898007,
       186.0000,       38.2573003,
       187.0000,       37.9879842,
       188.0000,       37.6783863,
       189.0000,       37.3241245,
       190.0000,       36.9197421,
       191.0000,       36.4584472,
       192.0000,       35.9318349,
       193.0000,       35.3295074,
       194.0000,       34.6385150,
       195.0000,       33.8426919,
       196.0000,       32.9217124,
       197.0000,       31.8498564,
       198.0000,       30.5944639,
       199.0000,       29.1139920,
       200.0000,       27.3561114,
       201.0000,       25.2568171,
       202.0000,       22.7439956,
       203.0000,       19.7544944,
       204.0000,       16.2861213,
       205.0000,       12.5192312,
       206.0000,        8.9912883,
       207.0000,        6.5255937,
       208.0000,        5.4930086,
       209.0000,        5.3505934,
       210.0000,        5.4674122,
       211.0000,        5.6263059,
       212.0000,        5.7951386,
       213.0000,        5.9691961,
       214.0000,        6.1456860,
       215.0000,        6.3223124,
       216.0000,        6.4972308,
       217.0000,        6.6689879,
       218.0000,        6.8364526,
       219.0000,        6.9987538,
       220.0000,        7.1552295,
       221.0000,        7.3053867,
       222.0000,        7.4488704,
       223.0000,        7.5854396,
       224.0000,        7.7149491,
       225.0000,        7.8373347,
       226.0000,        7.9526017,
       227.0000,        8.0608145,
       228.0000,        8.1620883,
       229.0000,        8.2565815,
       230.0000,        8.3444882,
       231.0000,        8.4260321,
       232.0000,        8.5014602,
       233.0000,        8.5710374,
       234.0000,        8.6350413,
       235.0000,        8.6937576,
       236.0000,        8.7474758,
       237.0000,        8.7964861,
       238.0000,        8.8410754,
       239.0000,        8.8815254,
       240.0000,        8.9181102,
       241.0000,        8.9510943,
       242.0000,        8.9807317,
       243.0000,        9.0072643,
       244.0000,        9.0309219,
       245.0000,        9.0519212,
       246.0000,        9.0704662,
       247.0000,        9.0867476,
       248.0000,        9.1009436,
       249.0000,        9.1132198,
       250.0000,        9.1237297,
       251.0000,        9.1326155,
       252.0000,        9.1400082,
       253.0000,        9.1460285,
       254.0000,        9.1507873,
       255.0000,        9.1543863,
       256.0000,        9.1569185,
       257.0000,        9.1584693,
       258.0000,        9.1591164,
       259.0000,        9.1589307,
       260.0000,        9.1579769,
       261.0000,        9.1563139,
       262.0000,        9.1539953,
       263.0000,        9.1510699,
       264.0000,        9.1475818,
       265.0000,        9.1435713,
       266.0000,        9.1390750,
       267.0000,        9.1341260,
       268.0000,        9.1287544,
       269.0000,        9.1229876,
       270.0000,        9.1168503,
       271.0000,        9.1103651,
       272.0000,        9.1035523,
       273.0000,        9.0964307,
       274.0000,        9.0890169,
       275.0000,        9.0813264,
       276.0000,        9.0733730,
       277.0000,        9.0651694,
       278.0000,        9.0567270,
       279.0000,        9.0480564,
       280.0000,        9.0391669,
       281.0000,        9.0300673,
       282.0000,        9.0207654,
       283.0000,        9.0112684,
       284.0000,        9.0015827,
       285.0000,        8.9917143,
       286.0000,        8.9816685,
       287.0000,        8.9714501,
       288.0000,        8.9610638,
       289.0000,        8.9505133,
       290.0000,        8.9398024,
       291.0000,        8.9289343,
       292.0000,        8.9179119,
       293.0000,        8.9067380,
       294.0000,        8.8954149,
       295.0000,        8.8839446,
       296.0000,        8.8723290,
       297.0000,        8.8605698,
       298.0000,        8.8486683,
       299.0000,        8.8366258,
       300.0000,        8.8244433,
       301.0000,        8.8121216,
       302.0000,        8.7996613,
       303.0000,        8.7870630,
       304.0000,        8.7743270,
       305.0000,        8.7614535,
       306.0000,        8.7484424,
       307.0000,        8.7352937,
       308.0000,        8.7220071,
       309.0000,        8.7085822,
       310.0000,        8.6950185,
       311.0000,        8.6813154,
       312.0000,        8.6674719,
       313.0000,        8.6534872,
       314.0000,        8.6393603,
       315.0000,        8.6250899,
       316.0000,        8.6106747,
       317.0000,        8.5961134,
       318.0000,        8.5814042,
       319.0000,        8.5665456,
       320.0000,        8.5515357,
       321.0000,        8.5363725,
       322.0000,        8.5210538,
       323.0000,        8.5055776,
       324.0000,        8.4899413,
       325.0000,        8.4741424,
       326.0000,        8.4581784,
       327.0000,        8.4420462,
       328.0000,        8.4257431,
       329.0000,        8.4092657,
       330.0000,        8.3926108,
       331.0000,        8.3757749,
       332.0000,        8.3587544,
       333.0000,        8.3415454,
       334.0000,        8.3241439,
       335.0000,        8.3065457,
       336.0000,        8.2887463,
       337.0000,        8.2707411,
       338.0000,        8.2525253,
       339.0000,        8.2340937,
       340.0000,        8.2154410,
       341.0000,        8.1965617,
       342.0000,        8.1774499,
       343.0000,        8.1580995,
       344.0000,        8.1385040,
       345.0000,        8.1186569,
       346.0000,        8.0985510,
       347.0000,        8.0781791,
       348.0000,        8.0575334,
       349.0000,        8.0366059,
       350.0000,        8.0153880,
       351.0000,        7.9938710,
       352.0000,        7.9720454,
       353.0000,        7.9499011,
       354.0000,        7.9274287,
       355.0000,        7.9046173,
       356.0000,        7.8814557,
       357.0000,        7.8579318,
       358.0000,        7.8340326,
       359.0000,        7.8097456,
       360.0000,        7.7850573,
       361.0000,        7.7599529,
       362.0000,        7.7344172,
       363.0000,        7.7084334,
       364.0000,        7.6819848,
       365.0000,        7.6550538,
       366.0000,        7.6276213,
       367.0000,        7.5996671,
       368.0000,        7.5711698,
       369.0000,        7.5421063,
       370.0000,        7.5124538,
       371.0000,        7.4821867,
       372.0000,        7.4512781,
       373.0000,        7.4196989,
       374.0000,        7.3874183,
       375.0000,        7.3544051,
       376.0000,        7.3206242,
       377.0000,        7.2860387,
       378.0000,        7.2506085,
       379.0000,        7.2142916,
       380.0000,        7.1770435,
       381.0000,        7.1388153,
       382.0000,        7.0995545,
       383.0000,        7.0592041,
       384.0000,        7.0177051,
       385.0000,        6.9749920,
       386.0000,        6.9309939,
       387.0000,        6.8856334,
       388.0000,        6.8388289,
       389.0000,        6.7904906,
       390.0000,        6.7405199,
       391.0000,        6.6888093,
       392.0000,        6.6352427,
       393.0000,        6.5796930,
       394.0000,        6.5220193,
       395.0000,        6.4620661,
       396.0000,        6.3996651,
       397.0000,        6.3346284,
       398.0000,        6.2667472,
       399.0000,        6.1957892,
       400.0000,        6.1214997,
       401.0000,        6.0435905,
       402.0000,        5.9617386,
       403.0000,        5.8755850,
       404.0000,        5.7847229,
       405.0000,        5.6886920,
       406.0000,        5.5869742,
       407.0000,        5.4789799,
       408.0000,        5.3640354,
       409.0000,        5.2413772,
       410.0000,        5.1101290,
       411.0000,        4.9692872,
       412.0000,        4.8177086,
       413.0000,        4.6540803,
       414.0000,        4.4769136,
       415.0000,        4.2845214,
       416.0000,        4.0750256,
       417.0000,        3.8463752,
       418.0000,        3.5964229,
       419.0000,        3.3230735,
       420.0000,        3.0245886,
       421.0000,        2.7001101,
       422.0000,        2.3505370,
       423.0000,        1.9798425,
       424.0000,        1.5967796,
       425.0000,        1.2164886,
       426.0000,        0.8607006,
       427.0000,        0.5545066,
       428.0000,        0.3186346,
       429.0000,        0.1602704,
       430.0000,        0.0695662,
       431.0000,        0.0258309,
       432.0000,        0.0081715,
       433.0000,        0.0021997,
       434.0000,        0.0005041,
       435.0000,        0.0000984,
       436.0000,        0.0000164,
       437.0000,        0.0000023,
       438.0000,        0.0000003,
       439.0000,        0.0000000,
       440.0000,        0.0000000,
       441.0000,        0.0000000,
       442.0000,        0.0000000,
       443.0000,        0.0000000,
       444.0000,        0.0000000,
       445.0000,        0.0000000,
       446.0000,        0.0000000,
       447.0000,        0.0000000,
       448.0000,        0.0000000,
       449.0000,        0.0000000,
       450.0000,        0.0000000,
       451.0000,        0.0000000,
       452.0000,        0.0000000,
       453.0000,        0.0000000,
       454.0000,        0.0000000,
       455.0000,        0.0000000,
       456.0000,        0.0000000,
       457.0000,        0.0000000,
       458.0000,        0.0000000,
       459.0000,        0.0000000,
       460.0000,        0.0000000,
       461.0000,        0.0000000,
       462.0000,        0.0000000,
       463.0000,        0.0000000,
       464.0000,        0.0000000,
       465.0000,        0.0000000,
       466.0000,        0.0000000,
       467.0000,        0.0000000,
       468.0000,        0.0000000,
       469.0000,        0.0000000,
       470.0000,        0.0000000,
       471.0000,        0.0000000,
       472.0000,        0.0000000,
       473.0000,        0.0000000,
       474.0000,        0.0000000,
       475.0000,        0.0000000,
       476.0000,        0.0000000,
       477.0000,        0.0000000,
       478.0000,        0.0000000,
       479.0000,        0.0000000,
       480.0000,        0.0000000,
       481.0000,        0.0000000,
       482.0000,        0.0000000,
       483.0000,        0.0000000,
       484.0000,        0.0000000,
       485.0000,        0.0000000,
       486.0000,        0.0000000,
       487.0000,        0.0000000,
       488.0000,        0.0000000,
       489.0000,        0.0000000,
       490.0000,        0.0000000,
       491.0000,        0.0000000,
       492.0000,        0.0000000,
       493.0000,        0.0000000,
       494.0000,        0.0000000,
       495.0000,        0.0000000,
       496.0000,        0.0000000,
       497.0000,        0.0000000,
       498.0000,        0.0000000,
       499.0000,        0.0000000,
       500.0000,        0.0000000,
       501.0000,        0.0000000,
       502.0000,        0.0000000,
       503.0000,        0.0000000,
       504.0000,        0.0000000,
       505.0000,        0.0000000,
       506.0000,        0.0000000,
       507.0000,        0.0000000,
       508.0000,        0.0000000,
       509.0000,        0.0000000,
       510.0000,        0.0000000,
       511.0000,        0.0000000,
       512.0000,        0.0000000,
       513.0000,        0.0000000,
       514.0000,        0.0000000,
       515.0000,        0.0000000,
       516.0000,        0.0000000,
       517.0000,        0.0000000,
       518.0000,        0.0000000,
       519.0000,        0.0000000,
       520.0000,        0.0000000,
       521.0000,        0.0000000,
       522.0000,        0.0000000,
       523.0000,        0.0000000,
       524.0000,        0.0000000,
       525.0000,        0.0000000,
       526.0000,        0.0000000,
       527.0000,        0.0000000,
       528.0000,        0.0000000,
       529.0000,        0.0000000,
       530.0000,        0.0000000,
       531.0000,        0.0000000,
       532.0000,        0.0000000,
       533.0000,        0.0000000,
       534.0000,        0.0000000,
       535.0000,        0.0000000,
       536.0000,        0.0000000,
       537.0000,        0.0000000,
       538.0000,        0.0000000,
       539.0000,        0.0000000,
       540.0000,        0.0000000,
       541.0000,        0.0000000,
       542.0000,        0.0000000,
       543.0000,        0.0000000,
       544.0000,        0.0000000,
       545.0000,        0.0000000,
       546.0000,        0.0000000,
       547.0000,        0.0000000,
       548.0000,        0.0000000,
       549.0000,        0.0000000,
       550.0000,        0.0000000,
       551.0000,        0.0000000,
       552.0000,        0.0000000,
       553.0000,        0.0000000,
       554.0000,        0.0000000,
       555.0000,        0.0000000,
       556.0000,        0.0000000,
       557.0000,        0.0000000,
       558.0000,        0.0000000,
       559.0000,        0.0000000,
       560.0000,        0.0000000,
       561.0000,        0.0000000,
       562.0000,        0.0000000,
       563.0000,        0.0000000,
       564.0000,        0.0000000,
       565.0000,        0.0000000,
       566.0000,        0.0000000,
       567.0000,        0.0000000,
       568.0000,        0.0000000,
       569.0000,        0.0000000,
       570.0000,        0.0000000,
       571.0000,        0.0000000,
       572.0000,        0.0000000,
       573.0000,        0.0000000,
       574.0000,        0.0000000,
       575.0000,        0.0000000,
       576.0000,        0.0000000,
       577.0000,        0.0000000,
       578.0000,        0.0000000,
       579.0000,        0.0000000,
       580.0000,        0.0000000,
       581.0000,        0.0000000,
       582.0000,        0.0000000,
       583.0000,        0.0000000,
       584.0000,        0.0000000,
       585.0000,        0.0000000,
       586.0000,        0.0000000,
       587.0000,        0.0000000,
       588.0000,        0.0000000,
       589.0000,        0.0000000,
       590.0000,        0.0000000,
       591.0000,        0.0000000,
       592.0000,        0.0000000,
       593.0000,        0.0000000,
       594.0000,        0.0000000,
       595.0000,        0.0000000,
       596.0000,        0.0000000,
       597.0000,        0.0000000,
       598.0000,        0.0000000,
       599.0000,        0.0000000,
       600.0000,        0.0000000,
