t,001_TEMPERATURE( 0.0000_ 0.0000_ 0.0000),002_MLR( 0.0000_ 0.0000_ 0.0000),003_YI( 0.0000_ 0.0000_ 0.0000),004_REACTION_RATE_K( 0.0000_ 0.0000_ 0.0000),
         0.0000,       26.8500000,        0.0000000,        1.0000000,        0.0000000,
        10.0000,       27.6833333,        0.0000000,        1.0000000,        0.0000000,
        20.0000,       28.5166667,        0.0000000,        1.0000000,        0.0000000,
        30.0000,       29.3500000,        0.0000000,        1.0000000,        0.0000000,
        40.0000,       30.1833333,        0.0000000,        1.0000000,        0.0000000,
        50.0000,       31.0166667,        0.0000000,        1.0000000,        0.0000000,
        60.0000,       31.8500000,        0.0000000,        1.0000000,        0.0000000,
        70.0000,       32.6833333,        0.0000000,        1.0000000,        0.0000000,
        80.0000,       33.5166667,        0.0000000,        1.0000000,        0.0000000,
        90.0000,       34.3500000,        0.0000000,        1.0000000,        0.0000000,
       100.0000,       35.1833333,        0.0000000,        1.0000000,        0.0000000,
       110.0000,       36.0166667,        0.0000000,        1.0000000,        0.0000000,
       120.0000,       36.8500000,        0.0000000,        1.0000000,        0.0000000,
       130.0000,       37.6833333,        0.0000000,        1.0000000,        0.0000000,
       140.0000,       38.5166667,        0.0000000,        1.0000000,        0.0000000,
       150.0000,       39.3500000,        0.0000000,        1.0000000,        0.0000000,
       160.0000,       40.1833333,        0.0000000,        1.0000000,        0.0000000,
       170.0000,       41.0166667,        0.0000000,        1.0000000,        0.0000000,
       180.0000,       41.8500000,        0.0000000,        1.0000000,        0.0000000,
       190.0000,       42.6833333,        0.0000000,        1.0000000,        0.0000000,
       200.0000,       43.5166667,        0.0000000,        1.0000000,        0.0000000,
       210.0000,       44.3500000,        0.0000000,        1.0000000,        0.0000000,
       220.0000,       45.1833333,        0.0000000,        1.0000000,        0.0000000,
       230.0000,       46.0166667,        0.0000000,        1.0000000,        0.0000000,
       240.0000,       46.8500000,        0.0000000,        1.0000000,        0.0000000,
       250.0000,       47.6833333,        0.0000000,        1.0000000,        0.0000000,
       260.0000,       48.5166667,        0.0000000,        1.0000000,        0.0000000,
       270.0000,       49.3500000,        0.0000000,        1.0000000,        0.0000000,
       280.0000,       50.1833333,        0.0000000,        1.0000000,        0.0000000,
       290.0000,       51.0166667,        0.0000000,        1.0000000,        0.0000000,
       300.0000,       51.8500000,        0.0000000,        1.0000000,        0.0000000,
       310.0000,       52.6833333,        0.0000000,        1.0000000,        0.0000000,
       320.0000,       53.5166667,        0.0000000,        1.0000000,        0.0000000,
       330.0000,       54.3500000,        0.0000000,        1.0000000,        0.0000000,
       340.0000,       55.1833333,        0.0000000,        1.0000000,        0.0000000,
       350.0000,       56.0166667,        0.0000000,        1.0000000,        0.0000000,
       360.0000,       56.8500000,        0.0000000,        1.0000000,        0.0000000,
       370.0000,       57.6833333,        0.0000000,        1.0000000,        0.0000000,
       380.0000,       58.5166667,        0.0000000,        1.0000000,        0.0000000,
       390.0000,       59.3500000,        0.0000000,        1.0000000,        0.0000000,
       400.0000,       60.1833333,        0.0000000,        1.0000000,        0.0000000,
       410.0000,       61.0166667,        0.0000000,        1.0000000,        0.0000000,
       420.0000,       61.8500000,        0.0000000,        1.0000000,        0.0000000,
       430.0000,       62.6833333,        0.0000000,        1.0000000,        0.0000000,
       440.0000,       63.5166667,        0.0000000,        1.0000000,        0.0000000,
       450.0000,       64.3500000,        0.0000000,        1.0000000,        0.0000000,
       460.0000,       65.1833333,        0.0000000,        1.0000000,        0.0000000,
       470.0000,       66.0166667,        0.0000000,        1.0000000,        0.0000000,
       480.0000,       66.8500000,        0.0000000,        1.0000000,        0.0000000,
       490.0000,       67.6833333,        0.0000000,        1.0000000,        0.0000000,
       500.0000,       68.5166667,        0.0000000,        1.0000000,        0.0000000,
       510.0000,       69.3500000,        0.0000000,        1.0000000,        0.0000000,
       520.0000,       70.1833333,        0.0000000,        1.0000000,        0.0000000,
       530.0000,       71.0166667,        0.0000000,        1.0000000,        0.0000000,
       540.0000,       71.8500000,        0.0000000,        1.0000000,        0.0000000,
       550.0000,       72.6833333,        0.0000000,        1.0000000,        0.0000000,
       560.0000,       73.5166667,        0.0000000,        1.0000000,        0.0000000,
       570.0000,       74.3500000,        0.0000000,        1.0000000,        0.0000000,
       580.0000,       75.1833333,        0.0000000,        1.0000000,        0.0000000,
       590.0000,       76.0166667,        0.0000000,        1.0000000,        0.0000000,
       600.0000,       76.8500000,        0.0000000,        1.0000000,        0.0000000,
       610.0000,       77.6833333,        0.0000000,        1.0000000,        0.0000000,
       620.0000,       78.5166667,        0.0000000,        1.0000000,        0.0000000,
       630.0000,       79.3500000,        0.0000000,        1.0000000,        0.0000000,
       640.0000,       80.1833333,        0.0000000,        1.0000000,        0.0000000,
       650.0000,       81.0166667,        0.0000000,        1.0000000,        0.0000000,
       660.0000,       81.8500000,        0.0000000,        1.0000000,        0.0000000,
       670.0000,       82.6833333,        0.0000000,        1.0000000,        0.0000000,
       680.0000,       83.5166667,        0.0000000,        1.0000000,        0.0000000,
       690.0000,       84.3500000,        0.0000000,        1.0000000,        0.0000000,
       700.0000,       85.1833333,        0.0000000,        1.0000000,        0.0000000,
       710.0000,       86.0166667,        0.0000000,        1.0000000,        0.0000000,
       720.0000,       86.8500000,        0.0000000,        1.0000000,        0.0000000,
       730.0000,       87.6833333,        0.0000000,        1.0000000,        0.0000000,
       740.0000,       88.5166667,        0.0000000,        1.0000000,        0.0000000,
       750.0000,       89.3500000,        0.0000000,        1.0000000,        0.0000000,
       760.0000,       90.1833333,        0.0000000,        1.0000000,        0.0000000,
       770.0000,       91.0166667,        0.0000000,        1.0000000,        0.0000000,
       780.0000,       91.8500000,        0.0000000,        1.0000000,        0.0000000,
       790.0000,       92.6833333,        0.0000000,        1.0000000,        0.0000000,
       800.0000,       93.5166667,        0.0000000,        1.0000000,        0.0000000,
       810.0000,       94.3500000,        0.0000000,        1.0000000,        0.0000000,
       820.0000,       95.1833333,        0.0000000,        1.0000000,        0.0000000,
       830.0000,       96.0166667,        0.0000000,        1.0000000,        0.0000000,
       840.0000,       96.8500000,        0.0000000,        1.0000000,        0.0000000,
       850.0000,       97.6833333,        0.0000000,        1.0000000,        0.0000000,
       860.0000,       98.5166667,        0.0000000,        1.0000000,        0.0000000,
       870.0000,       99.3500000,        0.0000001,        1.0000000,        0.0000001,
       880.0000,      100.1833333,        0.0000001,        1.0000000,        0.0000001,
       890.0000,      101.0166667,        0.0000002,        1.0000000,        0.0000002,
       900.0000,      101.8500000,        0.0000002,        1.0000000,        0.0000002,
       910.0000,      102.6833333,        0.0000002,        1.0000000,        0.0000002,
       920.0000,      103.5166667,        0.0000002,        1.0000000,        0.0000002,
       930.0000,      104.3500000,        0.0000002,        1.0000000,        0.0000002,
       940.0000,      105.1833333,        0.0000003,        1.0000000,        0.0000003,
       950.0000,      106.0166667,        0.0000003,        1.0000000,        0.0000003,
       960.0000,      106.8500000,        0.0000003,        1.0000000,        0.0000003,
       970.0000,      107.6833333,        0.0000004,        1.0000000,        0.0000004,
       980.0000,      108.5166667,        0.0000004,        1.0000000,        0.0000004,
       990.0000,      109.3500000,        0.0000005,        1.0000000,        0.0000005,
      1000.0000,      110.1833333,        0.0000005,        1.0000000,        0.0000005,
      1010.0000,      111.0166667,        0.0000006,        1.0000000,        0.0000006,
      1020.0000,      111.8500000,        0.0000007,        1.0000000,        0.0000007,
      1030.0000,      112.6833333,        0.0000007,        1.0000000,        0.0000007,
      1040.0000,      113.5166667,        0.0000008,        1.0000000,        0.0000008,
      1050.0000,      114.3500000,        0.0000009,        1.0000000,        0.0000009,
      1060.0000,      115.1833333,        0.0000010,        1.0000000,        0.0000010,
      1070.0000,      116.0166667,        0.0000011,        1.0000000,        0.0000011,
      1080.0000,      116.8500000,        0.0000013,        1.0000000,        0.0000013,
      1090.0000,      117.6833333,        0.0000014,        1.0000000,        0.0000014,
      1100.0000,      118.5166667,        0.0000016,        1.0000000,        0.0000016,
      1110.0000,      119.3500000,        0.0000018,        1.0000000,        0.0000018,
      1120.0000,      120.1833333,        0.0000020,        1.0000000,        0.0000020,
      1130.0000,      121.0166667,        0.0000022,        1.0000000,        0.0000022,
      1140.0000,      121.8500000,        0.0000024,        1.0000000,        0.0000024,
      1150.0000,      122.6833333,        0.0000027,        1.0000000,        0.0000027,
      1160.0000,      123.5166667,        0.0000030,        1.0000000,        0.0000030,
      1170.0000,      124.3500000,        0.0000033,        1.0000000,        0.0000033,
      1180.0000,      125.1833333,        0.0000037,        1.0000000,        0.0000037,
      1190.0000,      126.0166667,        0.0000041,        1.0000000,        0.0000041,
      1200.0000,      126.8500000,        0.0000045,        1.0000000,        0.0000045,
      1210.0000,      127.6833333,        0.0000050,        1.0000000,        0.0000050,
      1220.0000,      128.5166667,        0.0000055,        1.0000000,        0.0000055,
      1230.0000,      129.3500000,        0.0000061,        1.0000000,        0.0000061,
      1240.0000,      130.1833333,        0.0000067,        1.0000000,        0.0000067,
      1250.0000,      131.0166667,        0.0000075,        1.0000000,        0.0000075,
      1260.0000,      131.8500000,        0.0000082,        1.0000000,        0.0000082,
      1270.0000,      132.6833333,        0.0000091,        1.0000000,        0.0000091,
      1280.0000,      133.5166667,        0.0000100,        1.0000000,        0.0000100,
      1290.0000,      134.3500000,        0.0000111,        1.0000000,        0.0000111,
      1300.0000,      135.1833333,        0.0000122,        1.0000000,        0.0000122,
      1310.0000,      136.0166667,        0.0000135,        1.0000000,        0.0000135,
      1320.0000,      136.8500000,        0.0000149,        1.0000000,        0.0000149,
      1330.0000,      137.6833333,        0.0000164,        1.0000000,        0.0000164,
      1340.0000,      138.5166667,        0.0000180,        1.0000000,        0.0000180,
      1350.0000,      139.3500000,        0.0000199,        1.0000000,        0.0000199,
      1360.0000,      140.1833333,        0.0000219,        1.0000000,        0.0000219,
      1370.0000,      141.0166667,        0.0000241,        1.0000000,        0.0000241,
      1380.0000,      141.8500000,        0.0000265,        1.0000000,        0.0000265,
      1390.0000,      142.6833333,        0.0000291,        1.0000000,        0.0000291,
      1400.0000,      143.5166667,        0.0000320,        1.0000000,        0.0000320,
      1410.0000,      144.3500000,        0.0000351,        1.0000000,        0.0000351,
      1420.0000,      145.1833333,        0.0000385,        1.0000000,        0.0000385,
      1430.0000,      146.0166667,        0.0000423,        1.0000000,        0.0000423,
      1440.0000,      146.8500000,        0.0000464,        1.0000000,        0.0000464,
      1450.0000,      147.6833333,        0.0000509,        1.0000000,        0.0000509,
      1460.0000,      148.5166667,        0.0000558,        1.0000000,        0.0000558,
      1470.0000,      149.3500000,        0.0000612,        1.0000000,        0.0000612,
      1480.0000,      150.1833333,        0.0000670,        1.0000000,        0.0000670,
      1490.0000,      151.0166667,        0.0000734,        1.0000000,        0.0000734,
      1500.0000,      151.8500000,        0.0000804,        1.0000000,        0.0000804,
      1510.0000,      152.6833333,        0.0000880,        1.0000000,        0.0000880,
      1520.0000,      153.5166667,        0.0000963,        1.0000000,        0.0000963,
      1530.0000,      154.3500000,        0.0001053,        1.0000000,        0.0001053,
      1540.0000,      155.1833333,        0.0001151,        1.0000000,        0.0001151,
      1550.0000,      156.0166667,        0.0001258,        1.0000000,        0.0001258,
      1560.0000,      156.8500000,        0.0001375,        1.0000000,        0.0001375,
      1570.0000,      157.6833333,        0.0001501,        1.0000000,        0.0001502,
      1580.0000,      158.5166667,        0.0001639,        1.0000000,        0.0001639,
      1590.0000,      159.3500000,        0.0001789,        1.0000000,        0.0001789,
      1600.0000,      160.1833333,        0.0001952,        1.0000000,        0.0001952,
      1610.0000,      161.0166667,        0.0002129,        1.0000000,        0.0002129,
      1620.0000,      161.8500000,        0.0002322,        1.0000000,        0.0002322,
      1630.0000,      162.6833333,        0.0002531,        1.0000000,        0.0002531,
      1640.0000,      163.5166667,        0.0002758,        1.0000000,        0.0002758,
      1650.0000,      164.3500000,        0.0003004,        1.0000000,        0.0003004,
      1660.0000,      165.1833333,        0.0003271,        1.0000000,        0.0003271,
      1670.0000,      166.0166667,        0.0003561,        1.0000000,        0.0003561,
      1680.0000,      166.8500000,        0.0003875,        1.0000000,        0.0003875,
      1690.0000,      167.6833333,        0.0004215,        1.0000000,        0.0004215,
      1700.0000,      168.5166667,        0.0004584,        1.0000000,        0.0004584,
      1710.0000,      169.3500000,        0.0004984,        1.0000000,        0.0004984,
      1720.0000,      170.1833333,        0.0005417,        1.0000000,        0.0005417,
      1730.0000,      171.0166667,        0.0005885,        1.0000000,        0.0005886,
      1740.0000,      171.8500000,        0.0006392,        1.0000000,        0.0006393,
      1750.0000,      172.6833333,        0.0006941,        1.0000000,        0.0006941,
      1760.0000,      173.5166667,        0.0007534,        1.0000000,        0.0007535,
      1770.0000,      174.3500000,        0.0008176,        1.0000000,        0.0008177,
      1780.0000,      175.1833333,        0.0008870,        1.0000000,        0.0008870,
      1790.0000,      176.0166667,        0.0009619,        1.0000000,        0.0009620,
      1800.0000,      176.8500000,        0.0010429,        1.0000000,        0.0010430,
      1810.0000,      177.6833333,        0.0011303,        1.0000000,        0.0011305,
      1820.0000,      178.5166667,        0.0012247,        1.0000000,        0.0012249,
      1830.0000,      179.3500000,        0.0013266,        1.0000000,        0.0013269,
      1840.0000,      180.1833333,        0.0014366,        1.0000000,        0.0014369,
      1850.0000,      181.0166667,        0.0015552,        1.0000000,        0.0015555,
      1860.0000,      181.8500000,        0.0016832,        1.0000000,        0.0016835,
      1870.0000,      182.6833333,        0.0018211,        1.0000000,        0.0018215,
      1880.0000,      183.5166667,        0.0019697,        1.0000000,        0.0019702,
      1890.0000,      184.3500000,        0.0021299,        1.0000000,        0.0021304,
      1900.0000,      185.1833333,        0.0023024,        1.0000000,        0.0023031,
      1910.0000,      186.0166667,        0.0024882,        1.0000000,        0.0024890,
      1920.0000,      186.8500000,        0.0026883,        1.0000000,        0.0026892,
      1930.0000,      187.6833333,        0.0029036,        1.0000000,        0.0029046,
      1940.0000,      188.5166667,        0.0031352,        1.0000000,        0.0031365,
      1950.0000,      189.3500000,        0.0033844,        1.0000000,        0.0033859,
      1960.0000,      190.1833333,        0.0036524,        1.0000000,        0.0036541,
      1970.0000,      191.0166667,        0.0039406,        1.0000000,        0.0039425,
      1980.0000,      191.8500000,        0.0042503,        1.0000000,        0.0042525,
      1990.0000,      192.6833333,        0.0045830,        1.0000000,        0.0045857,
      2000.0000,      193.5166667,        0.0049405,        1.0000000,        0.0049436,
      2010.0000,      194.3500000,        0.0053244,        1.0000000,        0.0053280,
      2020.0000,      195.1833333,        0.0057366,        1.0000000,        0.0057408,
      2030.0000,      196.0166667,        0.0061790,        1.0000000,        0.0061840,
      2040.0000,      196.8500000,        0.0066538,        1.0000000,        0.0066596,
      2050.0000,      197.6833333,        0.0071632,        1.0000000,        0.0071698,
      2060.0000,      198.5166667,        0.0077095,        1.0000000,        0.0077172,
      2070.0000,      199.3500000,        0.0082952,        1.0000000,        0.0083042,
      2080.0000,      200.1833333,        0.0089231,        1.0000000,        0.0089335,
      2090.0000,      201.0166667,        0.0095960,        1.0000000,        0.0096081,
      2100.0000,      201.8500000,        0.0103169,        1.0000000,        0.0103310,
      2110.0000,      202.6833333,        0.0110891,        1.0000000,        0.0111054,
      2120.0000,      203.5166667,        0.0119159,        1.0000000,        0.0119348,
      2130.0000,      204.3500000,        0.0128011,        1.0000000,        0.0128230,
      2140.0000,      205.1833333,        0.0137485,        1.0000000,        0.0137739,
      2150.0000,      206.0166667,        0.0147622,        1.0000000,        0.0147915,
      2160.0000,      206.8500000,        0.0158466,        1.0000000,        0.0158805,
      2170.0000,      207.6833333,        0.0170062,        1.0000000,        0.0170454,
      2180.0000,      208.5166667,        0.0182459,        1.0000000,        0.0182912,
      2190.0000,      209.3500000,        0.0195711,        1.0000000,        0.0196234,
      2200.0000,      210.1833333,        0.0209871,        1.0000000,        0.0210474,
      2210.0000,      211.0166667,        0.0224998,        1.0000000,        0.0225694,
      2220.0000,      211.8500000,        0.0241153,        1.0000000,        0.0241956,
      2230.0000,      212.6833333,        0.0258403,        1.0000000,        0.0259328,
      2240.0000,      213.5166667,        0.0276815,        1.0000000,        0.0277881,
      2250.0000,      214.3500000,        0.0296464,        1.0000000,        0.0297691,
      2260.0000,      215.1833333,        0.0317427,        1.0000000,        0.0318839,
      2270.0000,      216.0166667,        0.0339785,        1.0000000,        0.0341408,
      2280.0000,      216.8500000,        0.0363624,        1.0000000,        0.0365491,
      2290.0000,      217.6833333,        0.0389037,        1.0000000,        0.0391182,
      2300.0000,      218.5166667,        0.0416118,        1.0000000,        0.0418582,
      2310.0000,      219.3500000,        0.0444970,        1.0000000,        0.0447799,
      2320.0000,      220.1833333,        0.0475700,        1.0000000,        0.0478946,
      2330.0000,      221.0166667,        0.0508420,        1.0000000,        0.0512143,
      2340.0000,      221.8500000,        0.0543250,        1.0000000,        0.0547518,
      2350.0000,      222.6833333,        0.0580315,        1.0000000,        0.0585205,
      2360.0000,      223.5166667,        0.0619745,        1.0000000,        0.0625346,
      2370.0000,      224.3500000,        0.0661681,        1.0000000,        0.0668092,
      2380.0000,      225.1833333,        0.0706266,        1.0000000,        0.0713602,
      2390.0000,      226.0166667,        0.0753655,        1.0000000,        0.0762045,
      2400.0000,      226.8500000,        0.0804006,        1.0000000,        0.0813598,
      2410.0000,      227.6833333,        0.0857490,        1.0000000,        0.0868449,
      2420.0000,      228.5166667,        0.0914281,        1.0000000,        0.0926797,
      2430.0000,      229.3500000,        0.0974565,        1.0000000,        0.0988853,
      2440.0000,      230.1833333,        0.1038534,        1.0000000,        0.1054837,
      2450.0000,      231.0166667,        0.1106391,        1.0000000,        0.1124983,
      2460.0000,      231.8500000,        0.1178345,        1.0000000,        0.1199540,
      2470.0000,      232.6833333,        0.1254617,        1.0000000,        0.1278767,
      2480.0000,      233.5166667,        0.1335437,        1.0000000,        0.1362941,
      2490.0000,      234.3500000,        0.1421041,        1.0000000,        0.1452350,
      2500.0000,      235.1833333,        0.1511679,        1.0000000,        0.1547303,
      2510.0000,      236.0166667,        0.1607607,        1.0000000,        0.1648122,
      2520.0000,      236.8500000,        0.1709092,        1.0000000,        0.1755148,
      2530.0000,      237.6833333,        0.1816410,        1.0000000,        0.1868741,
      2540.0000,      238.5166667,        0.1929848,        1.0000000,        0.1989279,
      2550.0000,      239.3500000,        0.2049698,        1.0000000,        0.2117161,
      2560.0000,      240.1833333,        0.2176264,        1.0000000,        0.2252808,
      2570.0000,      241.0166667,        0.2309858,        1.0000000,        0.2396665,
      2580.0000,      241.8500000,        0.2450799,        1.0000000,        0.2549196,
      2590.0000,      242.6833333,        0.2599412,        1.0000000,        0.2710895,
      2600.0000,      243.5166667,        0.2756032,        1.0000000,        0.2882278,
      2610.0000,      244.3500000,        0.2920996,        1.0000000,        0.3063891,
      2620.0000,      245.1833333,        0.3094647,        1.0000000,        0.3256308,
      2630.0000,      246.0166667,        0.3277331,        1.0000000,        0.3460133,
      2640.0000,      246.8500000,        0.3469396,        1.0000000,        0.3676000,
      2650.0000,      247.6833333,        0.3671190,        1.0000000,        0.3904578,
      2660.0000,      248.5166667,        0.3883060,        1.0000000,        0.4146571,
      2670.0000,      249.3500000,        0.4105346,        1.0000000,        0.4402716,
      2680.0000,      250.1833333,        0.4338385,        1.0000000,        0.4673793,
      2690.0000,      251.0166667,        0.4582504,        1.0000000,        0.4960617,
      2700.0000,      251.8500000,        0.4838016,        1.0000000,        0.5264047,
      2710.0000,      252.6833333,        0.5105220,        1.0000000,        0.5584987,
      2720.0000,      253.5166667,        0.5384396,        1.0000000,        0.5924384,
      2730.0000,      254.3500000,        0.5675799,        1.0000000,        0.6283235,
      2740.0000,      255.1833333,        0.5979655,        1.0000000,        0.6662586,
      2750.0000,      256.0166667,        0.6296159,        1.0000000,        0.7063536,
      2760.0000,      256.8500000,        0.6625466,        1.0000000,        0.7487239,
      2770.0000,      257.6833333,        0.6967685,        1.0000000,        0.7934906,
      2780.0000,      258.5166667,        0.7322877,        1.0000000,        0.8407808,
      2790.0000,      259.3500000,        0.7691041,        1.0000000,        0.8907281,
      2800.0000,      260.1833333,        0.8072114,        1.0000000,        0.9434723,
      2810.0000,      261.0166667,        0.8465958,        1.0000000,        0.9991605,
      2820.0000,      261.8500000,        0.8872353,        1.0000000,        1.0579466,
      2830.0000,      262.6833333,        0.9290989,        1.0000000,        1.1199922,
      2840.0000,      263.5166667,        0.9721457,        1.0000000,        1.1854668,
      2850.0000,      264.3500000,        1.0163240,        1.0000000,        1.2545479,
      2860.0000,      265.1833333,        1.0615700,        1.0000000,        1.3274219,
      2870.0000,      266.0166667,        1.1078073,        1.0000000,        1.4042839,
      2880.0000,      266.8500000,        1.1549456,        1.0000000,        1.4853383,
      2890.0000,      267.6833333,        1.2028798,        1.0000000,        1.5707995,
      2900.0000,      268.5166667,        1.2514891,        1.0000000,        1.6608919,
      2910.0000,      269.3500000,        1.3006359,        1.0000000,        1.7558507,
      2920.0000,      270.1833333,        1.3501652,        1.0000000,        1.8559220,
      2930.0000,      271.0166667,        1.3999038,        1.0000000,        1.9613637,
      2940.0000,      271.8500000,        1.4496596,        1.0000000,        2.0724456,
      2950.0000,      272.6833333,        1.4992208,        1.0000000,        2.1894504,
      2960.0000,      273.5166667,        1.5483564,        1.0000000,        2.3126737,
      2970.0000,      274.3500000,        1.5968153,        1.0000000,        2.4424249,
      2980.0000,      275.1833333,        1.6443266,        1.0000000,        2.5790278,
      2990.0000,      276.0166667,        1.6906006,        1.0000000,        2.7228210,
      3000.0000,      276.8500000,        1.7353290,        1.0000000,        2.8741588,
      3010.0000,      277.6833333,        1.7781862,        1.0000000,        3.0334117,
      3020.0000,      278.5166667,        1.8188311,        1.0000000,        3.2009670,
      3030.0000,      279.3500000,        1.8569091,        1.0000000,        3.3772296,
      3040.0000,      280.1833333,        1.8920544,        1.0000000,        3.5626230,
      3050.0000,      281.0166667,        1.9238935,        1.0000000,        3.7575896,
      3060.0000,      281.8500000,        1.9520484,        1.0000000,        3.9625918,
      3070.0000,      282.6833333,        1.9761412,        1.0000000,        4.1781126,
      3080.0000,      283.5166667,        1.9957989,        1.0000000,        4.4046570,
      3090.0000,      284.3500000,        2.0106582,        1.0000000,        4.6427520,
      3100.0000,      285.1833333,        2.0203722,        1.0000000,        4.8929483,
      3110.0000,      286.0166667,        2.0246159,        1.0000000,        5.1558210,
      3120.0000,      286.8500000,        2.0230938,        1.0000000,        5.4319703,
      3130.0000,      287.6833333,        2.0155464,        1.0000000,        5.7220231,
      3140.0000,      288.5166667,        2.0017576,        1.0000000,        6.0266336,
      3150.0000,      289.3500000,        1.9815620,        1.0000000,        6.3464846,
      3160.0000,      290.1833333,        1.9548522,        1.0000000,        6.6822885,
      3170.0000,      291.0166667,        1.9215853,        1.0000000,        7.0347888,
      3180.0000,      291.8500000,        1.8817893,        1.0000000,        7.4047611,
      3190.0000,      292.6833333,        1.8355685,        1.0000000,        7.7930143,
      3200.0000,      293.5166667,        1.7831075,        1.0000000,        8.2003920,
      3210.0000,      294.3500000,        1.7246744,        1.0000000,        8.6277741,
      3220.0000,      295.1833333,        1.6606221,        1.0000000,        9.0760778,
      3230.0000,      296.0166667,        1.5913875,        1.0000000,        9.5462595,
      3240.0000,      296.8500000,        1.5174894,        1.0000000,       10.0393160,
      3250.0000,      297.6833334,        1.4395231,        1.0000000,       10.5562863,
      3260.0000,      298.5166667,        1.3581539,        1.0000000,       11.0982528,
      3270.0000,      299.3500000,        1.2741071,        1.0000000,       11.6663438,
      3280.0000,      300.1833334,        1.1881570,        1.0000000,       12.2617343,
      3290.0000,      301.0166667,        1.1011126,        1.0000000,       12.8856486,
      3300.0000,      301.8500000,        1.0138022,        1.0000000,       13.5393617,
      3310.0000,      302.6833334,        0.9270568,        1.0000000,       14.2242013,
      3320.0000,      303.5166667,        0.8416920,        1.0000000,       14.9415501,
      3330.0000,      304.3500000,        0.7584898,        1.0000000,       15.6928475,
      3340.0000,      305.1833334,        0.6781810,        1.0000000,       16.4795918,
      3350.0000,      306.0166667,        0.6014281,        1.0000000,       17.3033428,
      3360.0000,      306.8500000,        0.5288105,        1.0000000,       18.1657235,
      3370.0000,      307.6833334,        0.4608118,        1.0000000,       19.0684230,
      3380.0000,      308.5166667,        0.3978099,        1.0000000,       20.0131987,
      3390.0000,      309.3500000,        0.3400710,        1.0000000,       21.0018786,
      3400.0000,      310.1833334,        0.2877473,        1.0000000,       22.0363646,
      3410.0000,      311.0166667,        0.2408782,        1.0000000,       23.1186344,
      3420.0000,      311.8500000,        0.1993960,        1.0000000,       24.2507448,
      3430.0000,      312.6833334,        0.1631352,        1.0000000,       25.4348345,
      3440.0000,      313.5166667,        0.1318440,        1.0000000,       26.6731271,
      3450.0000,      314.3500000,        0.1051998,        1.0000000,       27.9679339,
      3460.0000,      315.1833334,        0.0828248,        1.0000000,       29.3216575,
      3470.0000,      316.0166667,        0.0643038,        1.0000000,       30.7367947,
      3480.0000,      316.8500000,        0.0492006,        1.0000000,       32.2159403,
      3490.0000,      317.6833334,        0.0370748,        1.0000000,       33.7617902,
      3500.0000,      318.5166667,        0.0274958,        1.0000000,       35.3771453,
      3510.0000,      319.3500000,        0.0200551,        1.0000000,       37.0649150,
      3520.0000,      320.1833334,        0.0143759,        1.0000000,       38.8281212,
      3530.0000,      321.0166667,        0.0101195,        1.0000000,       40.6699023,
      3540.0000,      321.8500000,        0.0069896,        1.0000000,       42.5935173,
      3550.0000,      322.6833334,        0.0047331,        1.0000000,       44.6023498,
      3560.0000,      323.5166667,        0.0031396,        1.0000000,       46.6999127,
      3570.0000,      324.3500000,        0.0020382,        1.0000000,       48.8898524,
      3580.0000,      325.1833334,        0.0012937,        1.0000000,       51.1759536,
      3590.0000,      326.0166667,        0.0008021,        1.0000000,       53.5621441,
      3600.0000,      326.8500000,        0.0004852,        1.0000000,       56.0524998,
      3610.0000,      327.6833334,        0.0002862,        1.0000000,       58.6512496,
      3620.0000,      328.5166667,        0.0001643,        1.0000000,       61.3627806,
      3630.0000,      329.3500000,        0.0000918,        1.0000000,       64.1916439,
      3640.0000,      330.1833334,        0.0000498,        1.0000000,       67.1425596,
      3650.0000,      331.0166667,        0.0000262,        1.0000000,       70.2204233,
      3660.0000,      331.8500000,        0.0000134,        1.0000000,       73.4303111,
      3670.0000,      332.6833334,        0.0000066,        1.0000000,       76.7774866,
      3680.0000,      333.5166667,        0.0000031,        1.0000000,       80.2674064,
      3690.0000,      334.3500000,        0.0000014,        1.0000000,       83.9057273,
      3700.0000,      335.1833334,        0.0000006,        1.0000000,       87.6983123,
      3710.0000,      336.0166667,        0.0000003,        1.0000000,       91.6512380,
      3720.0000,      336.8500000,        0.0000001,        1.0000000,       95.7708012,
      3730.0000,      337.6833334,        0.0000000,        1.0000000,      100.0635268,
      3740.0000,      338.5166667,        0.0000000,        1.0000000,      104.5361745,
      3750.0000,      339.3500000,        0.0000000,        1.0000000,        0.0000000,
      3760.0000,      340.1833334,        0.0000000,        1.0000000,        0.0000000,
      3770.0000,      341.0166667,        0.0000000,        1.0000000,        0.0000000,
      3780.0000,      341.8500000,        0.0000000,        1.0000000,        0.0000000,
      3790.0000,      342.6833334,        0.0000000,        1.0000000,        0.0000000,
      3800.0000,      343.5166667,        0.0000000,        1.0000000,        0.0000000,
      3810.0000,      344.3500000,        0.0000000,        1.0000000,        0.0000000,
      3820.0000,      345.1833334,        0.0000000,        1.0000000,        0.0000000,
      3830.0000,      346.0166667,        0.0000000,        1.0000000,        0.0000000,
      3840.0000,      346.8500000,        0.0000000,        1.0000000,        0.0000000,
      3850.0000,      347.6833334,        0.0000000,        1.0000000,        0.0000000,
      3860.0000,      348.5166667,        0.0000000,        1.0000000,        0.0000000,
      3870.0000,      349.3500000,        0.0000000,        1.0000000,        0.0000000,
      3880.0000,      350.1833334,        0.0000000,        1.0000000,        0.0000000,
      3890.0000,      351.0166667,        0.0000000,        1.0000000,        0.0000000,
      3900.0000,      351.8500000,        0.0000000,        1.0000000,        0.0000000,
      3910.0000,      352.6833334,        0.0000000,        1.0000000,        0.0000000,
      3920.0000,      353.5166667,        0.0000000,        1.0000000,        0.0000000,
      3930.0000,      354.3500000,        0.0000000,        1.0000000,        0.0000000,
      3940.0000,      355.1833334,        0.0000000,        1.0000000,        0.0000000,
      3950.0000,      356.0166667,        0.0000000,        1.0000000,        0.0000000,
      3960.0000,      356.8500000,        0.0000000,        1.0000000,        0.0000000,
      3970.0000,      357.6833334,        0.0000000,        1.0000000,        0.0000000,
      3980.0000,      358.5166667,        0.0000000,        1.0000000,        0.0000000,
      3990.0000,      359.3500000,        0.0000000,        1.0000000,        0.0000000,
      4000.0000,      360.1833334,        0.0000000,        1.0000000,        0.0000000,
      4010.0000,      361.0166667,        0.0000000,        1.0000000,        0.0000000,
      4020.0000,      361.8500000,        0.0000000,        1.0000000,        0.0000000,
      4030.0000,      362.6833334,        0.0000000,        1.0000000,        0.0000000,
      4040.0000,      363.5166667,        0.0000000,        1.0000000,        0.0000000,
      4050.0000,      364.3500000,        0.0000000,        1.0000000,        0.0000000,
      4060.0000,      365.1833334,        0.0000000,        1.0000000,        0.0000000,
      4070.0000,      366.0166667,        0.0000000,        1.0000000,        0.0000000,
      4080.0000,      366.8500000,        0.0000000,        1.0000000,        0.0000000,
      4090.0000,      367.6833334,        0.0000000,        1.0000000,        0.0000000,
      4100.0000,      368.5166667,        0.0000000,        1.0000000,        0.0000000,
      4110.0000,      369.3500000,        0.0000000,        1.0000000,        0.0000000,
      4120.0000,      370.1833334,        0.0000000,        1.0000000,        0.0000000,
      4130.0000,      371.0166667,        0.0000000,        1.0000000,        0.0000000,
      4140.0000,      371.8500000,        0.0000000,        1.0000000,        0.0000000,
      4150.0000,      372.6833334,        0.0000000,        1.0000000,        0.0000000,
      4160.0000,      373.5166667,        0.0000000,        1.0000000,        0.0000000,
      4170.0000,      374.3500000,        0.0000000,        1.0000000,        0.0000000,
      4180.0000,      375.1833334,        0.0000000,        1.0000000,        0.0000000,
      4190.0000,      376.0166667,        0.0000000,        1.0000000,        0.0000000,
      4200.0000,      376.8500000,        0.0000000,        1.0000000,        0.0000000,
      4210.0000,      377.6833334,        0.0000000,        1.0000000,        0.0000000,
      4220.0000,      378.5166667,        0.0000000,        1.0000000,        0.0000000,
      4230.0000,      379.3500000,        0.0000000,        1.0000000,        0.0000000,
      4240.0000,      380.1833334,        0.0000000,        1.0000000,        0.0000000,
      4250.0000,      381.0166667,        0.0000000,        1.0000000,        0.0000000,
      4260.0000,      381.8500000,        0.0000000,        1.0000000,        0.0000000,
      4270.0000,      382.6833334,        0.0000000,        1.0000000,        0.0000000,
      4280.0000,      383.5166667,        0.0000000,        1.0000000,        0.0000000,
      4290.0000,      384.3500000,        0.0000000,        1.0000000,        0.0000000,
      4300.0000,      385.1833334,        0.0000000,        1.0000000,        0.0000000,
      4310.0000,      386.0166667,        0.0000000,        1.0000000,        0.0000000,
      4320.0000,      386.8500000,        0.0000000,        1.0000000,        0.0000000,
      4330.0000,      387.6833334,        0.0000000,        1.0000000,        0.0000000,
      4340.0000,      388.5166667,        0.0000000,        1.0000000,        0.0000000,
      4350.0000,      389.3500000,        0.0000000,        1.0000000,        0.0000000,
      4360.0000,      390.1833334,        0.0000000,        1.0000000,        0.0000000,
      4370.0000,      391.0166667,        0.0000000,        1.0000000,        0.0000000,
      4380.0000,      391.8500000,        0.0000000,        1.0000000,        0.0000000,
      4390.0000,      392.6833334,        0.0000000,        1.0000000,        0.0000000,
      4400.0000,      393.5166667,        0.0000000,        1.0000000,        0.0000000,
      4410.0000,      394.3500000,        0.0000000,        1.0000000,        0.0000000,
      4420.0000,      395.1833334,        0.0000000,        1.0000000,        0.0000000,
      4430.0000,      396.0166667,        0.0000000,        1.0000000,        0.0000000,
      4440.0000,      396.8500000,        0.0000000,        1.0000000,        0.0000000,
      4450.0000,      397.6833334,        0.0000000,        1.0000000,        0.0000000,
      4460.0000,      398.5166667,        0.0000000,        1.0000000,        0.0000000,
      4470.0000,      399.3500000,        0.0000000,        1.0000000,        0.0000000,
      4480.0000,      400.1833334,        0.0000000,        1.0000000,        0.0000000,
      4490.0000,      401.0166667,        0.0000000,        1.0000000,        0.0000000,
      4500.0000,      401.8500000,        0.0000000,        1.0000000,        0.0000000,
      4510.0000,      402.6833334,        0.0000000,        1.0000000,        0.0000000,
      4520.0000,      403.5166667,        0.0000000,        1.0000000,        0.0000000,
      4530.0000,      404.3500000,        0.0000000,        1.0000000,        0.0000000,
      4540.0000,      405.1833334,        0.0000000,        1.0000000,        0.0000000,
      4550.0000,      406.0166667,        0.0000000,        1.0000000,        0.0000000,
      4560.0000,      406.8500000,        0.0000000,        1.0000000,        0.0000000,
      4570.0000,      407.6833334,        0.0000000,        1.0000000,        0.0000000,
      4580.0000,      408.5166667,        0.0000000,        1.0000000,        0.0000000,
      4590.0000,      409.3500000,        0.0000000,        1.0000000,        0.0000000,
      4600.0000,      410.1833334,        0.0000000,        1.0000000,        0.0000000,
      4610.0000,      411.0166667,        0.0000000,        1.0000000,        0.0000000,
      4620.0000,      411.8500000,        0.0000000,        1.0000000,        0.0000000,
      4630.0000,      412.6833334,        0.0000000,        1.0000000,        0.0000000,
      4640.0000,      413.5166667,        0.0000000,        1.0000000,        0.0000000,
      4650.0000,      414.3500000,        0.0000000,        1.0000000,        0.0000000,
      4660.0000,      415.1833334,        0.0000000,        1.0000000,        0.0000000,
      4670.0000,      416.0166667,        0.0000000,        1.0000000,        0.0000000,
      4680.0000,      416.8500000,        0.0000000,        1.0000000,        0.0000000,
      4690.0000,      417.6833334,        0.0000000,        1.0000000,        0.0000000,
      4700.0000,      418.5166667,        0.0000000,        1.0000000,        0.0000000,
      4710.0000,      419.3500000,        0.0000000,        1.0000000,        0.0000000,
      4720.0000,      420.1833334,        0.0000000,        1.0000000,        0.0000000,
      4730.0000,      421.0166667,        0.0000000,        1.0000000,        0.0000000,
      4740.0000,      421.8500000,        0.0000000,        1.0000000,        0.0000000,
      4750.0000,      422.6833334,        0.0000000,        1.0000000,        0.0000000,
      4760.0000,      423.5166667,        0.0000000,        1.0000000,        0.0000000,
      4770.0000,      424.3500000,        0.0000000,        1.0000000,        0.0000000,
      4780.0000,      425.1833334,        0.0000000,        1.0000000,        0.0000000,
      4790.0000,      426.0166667,        0.0000000,        1.0000000,        0.0000000,
      4800.0000,      426.8500000,        0.0000000,        1.0000000,        0.0000000,
      4810.0000,      427.6833334,        0.0000000,        1.0000000,        0.0000000,
      4820.0000,      428.5166667,        0.0000000,        1.0000000,        0.0000000,
      4830.0000,      429.3500000,        0.0000000,        1.0000000,        0.0000000,
      4840.0000,      430.1833334,        0.0000000,        1.0000000,        0.0000000,
      4850.0000,      431.0166667,        0.0000000,        1.0000000,        0.0000000,
      4860.0000,      431.8500000,        0.0000000,        1.0000000,        0.0000000,
      4870.0000,      432.6833334,        0.0000000,        1.0000000,        0.0000000,
      4880.0000,      433.5166667,        0.0000000,        1.0000000,        0.0000000,
      4890.0000,      434.3500000,        0.0000000,        1.0000000,        0.0000000,
      4900.0000,      435.1833334,        0.0000000,        1.0000000,        0.0000000,
      4910.0000,      436.0166667,        0.0000000,        1.0000000,        0.0000000,
      4920.0000,      436.8500000,        0.0000000,        1.0000000,        0.0000000,
      4930.0000,      437.6833334,        0.0000000,        1.0000000,        0.0000000,
      4940.0000,      438.5166667,        0.0000000,        1.0000000,        0.0000000,
      4950.0000,      439.3500000,        0.0000000,        1.0000000,        0.0000000,
      4960.0000,      440.1833334,        0.0000000,        1.0000000,        0.0000000,
      4970.0000,      441.0166667,        0.0000000,        1.0000000,        0.0000000,
      4980.0000,      441.8500000,        0.0000000,        1.0000000,        0.0000000,
      4990.0000,      442.6833334,        0.0000000,        1.0000000,        0.0000000,
      5000.0000,      443.5166667,        0.0000000,        1.0000000,        0.0000000,
