Time,Back,8 cm,6 cm,4 cm,2 cm,Front
0.0,20.00,20.00,20.00,20.00,20.00,20.00
70.35175879396985,20.00,20.00,20.00,20.02,23.09,72.40
140.7035175879397,20.00,20.00,20.01,20.63,30.92,81.84
211.05527638190955,20.00,20.00,20.13,22.32,38.02,87.05
281.4070351758794,20.00,20.03,20.50,24.68,43.87,90.52
351.75879396984925,20.01,20.11,21.16,27.31,48.69,93.06
422.1105527638191,20.05,20.28,22.06,29.98,52.73,95.03
492.46231155778895,20.13,20.56,23.14,32.58,56.16,96.62
562.8140703517588,20.29,20.94,24.35,35.06,59.13,97.93
633.1658291457286,20.52,21.43,25.63,37.41,61.71,99.04
703.5175879396985,20.84,22.01,26.96,39.61,64.00,100.00
773.8693467336684,21.25,22.67,28.31,41.67,66.04,100.83
844.2211055276382,21.75,23.42,29.67,43.60,67.87,101.57
914.572864321608,22.34,24.23,31.02,45.42,69.53,102.23
984.9246231155779,23.01,25.09,32.36,47.12,71.04,102.82
1055.2763819095478,23.74,26.00,33.68,48.73,72.42,103.36
1125.6281407035176,24.54,26.95,34.97,50.25,73.69,103.85
1195.9798994974874,25.39,27.94,36.25,51.68,74.87,104.30
1266.3316582914572,26.29,28.95,37.50,53.05,75.97,104.71
1336.6834170854272,27.23,29.99,38.73,54.34,76.99,105.10
1407.035175879397,28.20,31.04,39.94,55.58,77.95,105.45
1477.3869346733668,29.20,32.11,41.12,56.76,78.85,105.79
1547.7386934673368,30.22,33.18,42.29,57.90,79.70,106.10
1618.0904522613066,31.26,34.26,43.43,58.98,80.51,106.39
1688.4422110552764,32.32,35.35,44.55,60.03,81.28,106.67
1758.7939698492462,33.38,36.43,45.66,61.05,82.01,106.94
1829.145728643216,34.46,37.52,46.74,62.03,82.70,107.19
1899.497487437186,35.53,38.60,47.81,62.97,83.37,107.43
1969.8492462311558,36.61,39.68,48.85,63.89,84.01,107.66
2040.2010050251256,37.69,40.75,49.89,64.79,84.63,107.88
2110.5527638190956,38.77,41.82,50.90,65.66,85.23,108.09
2180.904522613065,39.84,42.88,51.90,66.50,85.81,108.29
2251.256281407035,40.91,43.93,52.88,67.33,86.37,108.49
2321.608040201005,41.97,44.97,53.85,68.14,86.91,108.68
2391.959798994975,43.03,46.01,54.80,68.92,87.43,108.86
2462.311557788945,44.08,47.03,55.74,69.69,87.95,109.04
2532.6633165829144,45.11,48.04,56.66,70.45,88.45,109.21
2603.0150753768844,46.14,49.04,57.57,71.19,88.93,109.38
2673.3668341708544,47.16,50.03,58.46,71.91,89.41,109.55
2743.718592964824,48.17,51.01,59.35,72.63,89.87,109.71
2814.070351758794,49.17,51.98,60.22,73.32,90.33,109.87
2884.422110552764,50.16,52.93,61.07,74.01,90.77,110.02
2954.7738693467336,51.13,53.87,61.91,74.68,91.21,110.17
3025.1256281407036,52.10,54.81,62.75,75.34,91.64,110.32
3095.4773869346736,53.05,55.73,63.56,75.99,92.06,110.46
3165.829145728643,53.99,56.63,64.37,76.63,92.47,110.60
3236.180904522613,54.92,57.53,65.17,77.26,92.87,110.74
3306.532663316583,55.84,58.41,65.95,77.88,93.27,110.88
3376.884422110553,56.74,59.29,66.72,78.49,93.66,111.01
3447.236180904523,57.64,60.15,67.48,79.09,94.04,111.14
3517.5879396984924,58.52,60.99,68.23,79.68,94.42,111.27
3587.9396984924624,59.39,61.83,68.97,80.26,94.79,111.40
3658.291457286432,60.25,62.66,69.70,80.83,95.16,111.52
3728.643216080402,61.10,63.47,70.42,81.39,95.51,111.65
3798.994974874372,61.93,64.28,71.13,81.94,95.87,111.77
3869.3467336683416,62.76,65.07,71.82,82.49,96.22,111.89
3939.6984924623116,63.57,65.85,72.51,83.03,96.56,112.00
4010.0502512562816,64.37,66.62,73.19,83.56,96.89,112.12
4080.402010050251,65.16,67.38,73.86,84.08,97.23,112.23
4150.753768844221,65.94,68.13,74.52,84.59,97.55,112.34
4221.105527638191,66.71,68.87,75.16,85.10,97.88,112.45
4291.457286432161,67.47,69.60,75.80,85.60,98.19,112.56
4361.80904522613,68.22,70.31,76.43,86.09,98.50,112.67
4432.160804020101,68.95,71.02,77.06,86.58,98.81,112.77
4502.51256281407,69.68,71.72,77.67,87.05,99.12,112.88
4572.86432160804,70.40,72.41,78.27,87.52,99.41,112.98
4643.21608040201,71.10,73.08,78.87,87.99,99.71,113.08
4713.56783919598,71.80,73.75,79.45,88.45,100.00,113.18
4783.91959798995,72.49,74.41,80.03,88.90,100.29,113.28
4854.27135678392,73.16,75.06,80.60,89.34,100.57,113.37
4924.62311557789,73.83,75.70,81.16,89.78,100.84,113.47
4994.974874371859,74.49,76.33,81.72,90.21,101.12,113.56
5065.326633165829,75.14,76.96,82.26,90.63,101.39,113.65
5135.678391959799,75.78,77.57,82.80,91.05,101.65,113.74
5206.030150753769,76.41,78.17,83.33,91.47,101.92,113.83
5276.381909547738,77.03,78.77,83.86,91.87,102.17,113.92
5346.733668341709,77.64,79.36,84.37,92.28,102.43,114.01
5417.085427135678,78.25,79.94,84.88,92.67,102.68,114.09
5487.437185929648,78.84,80.51,85.38,93.06,102.93,114.18
5557.788944723618,79.43,81.07,85.87,93.44,103.17,114.26
5628.140703517588,80.01,81.63,86.36,93.82,103.41,114.34
5698.492462311558,80.58,82.17,86.84,94.20,103.65,114.42
5768.844221105528,81.14,82.71,87.31,94.57,103.88,114.50
5839.195979899498,81.69,83.25,87.78,94.93,104.11,114.58
5909.547738693467,82.24,83.77,88.24,95.29,104.34,114.66
5979.899497487438,82.78,84.29,88.69,95.64,104.56,114.73
6050.251256281407,83.31,84.80,89.14,95.99,104.78,114.81
6120.603015075377,83.83,85.30,89.58,96.33,105.00,114.88
6190.954773869347,84.35,85.79,90.01,96.67,105.21,114.96
6261.306532663317,84.86,86.28,90.44,97.00,105.42,115.03
6331.658291457286,85.36,86.76,90.86,97.33,105.63,115.10
6402.010050251256,85.85,87.24,91.28,97.65,105.84,115.17
6472.361809045226,86.34,87.70,91.69,97.97,106.04,115.24
6542.713567839196,86.82,88.16,92.09,98.28,106.24,115.31
6613.065326633166,87.29,88.62,92.49,98.59,106.43,115.37
6683.417085427136,87.76,89.06,92.88,98.90,106.63,115.44
6753.768844221106,88.22,89.51,93.27,99.20,106.82,115.50
6824.120603015075,88.67,89.94,93.65,99.50,107.00,115.57
6894.472361809046,89.12,90.37,94.03,99.79,107.19,115.63
6964.824120603015,89.56,90.79,94.40,100.08,107.37,115.69
7035.175879396985,89.99,91.21,94.76,100.36,107.55,115.76
7105.527638190955,90.42,91.62,95.12,100.64,107.73,115.82
7175.879396984925,90.84,92.02,95.48,100.92,107.91,115.88
7246.231155778894,91.26,92.42,95.83,101.19,108.08,115.93
7316.582914572864,91.67,92.82,96.17,101.46,108.25,115.99
7386.934673366834,92.07,93.20,96.51,101.72,108.42,116.05
7457.286432160804,92.47,93.59,96.84,101.98,108.58,116.11
7527.638190954774,92.86,93.96,97.17,102.24,108.74,116.16
7597.989949748744,93.25,94.33,97.50,102.49,108.90,116.22
7668.341708542714,93.63,94.70,97.82,102.74,109.06,116.27
7738.693467336683,94.01,95.06,98.14,102.99,109.22,116.32
7809.045226130654,94.38,95.42,98.45,103.23,109.37,116.38
7879.396984924623,94.74,95.77,98.76,103.47,109.52,116.43
7949.748743718593,95.10,96.11,99.06,103.71,109.67,116.48
8020.100502512563,95.46,96.45,99.36,103.94,109.82,116.53
8090.452261306533,95.81,96.79,99.65,104.17,109.97,116.58
8160.804020100502,96.15,97.12,99.94,104.39,110.11,116.63
8231.155778894472,96.49,97.45,100.23,104.62,110.25,116.67
8301.507537688442,96.83,97.77,100.51,104.83,110.39,116.72
8371.859296482413,97.16,98.08,100.79,105.05,110.53,116.77
8442.211055276382,97.48,98.40,101.06,105.26,110.66,116.82
8512.562814070352,97.81,98.71,101.33,105.47,110.79,116.86
8582.914572864322,98.12,99.01,101.60,105.68,110.93,116.91
8653.266331658291,98.43,99.31,101.86,105.89,111.05,116.95
8723.61809045226,98.74,99.60,102.12,106.09,111.18,116.99
8793.969849246232,99.04,99.89,102.38,106.29,111.31,117.04
8864.321608040202,99.34,100.18,102.63,106.48,111.43,117.08
8934.673366834171,99.64,100.46,102.87,106.67,111.55,117.12
9005.02512562814,99.93,100.74,103.12,106.86,111.67,117.16
9075.37688442211,100.21,101.02,103.36,107.05,111.79,117.20
9145.72864321608,100.50,101.29,103.60,107.24,111.91,117.24
9216.08040201005,100.77,101.55,103.83,107.42,112.03,117.28
9286.43216080402,101.05,101.82,104.06,107.60,112.14,117.32
9356.78391959799,101.32,102.08,104.29,107.77,112.25,117.36
9427.13567839196,101.59,102.33,104.51,107.95,112.36,117.40
9497.48743718593,101.85,102.58,104.73,108.12,112.47,117.43
9567.8391959799,102.11,102.83,104.95,108.29,112.58,117.47
9638.190954773869,102.36,103.08,105.17,108.46,112.68,117.51
9708.54271356784,102.61,103.32,105.38,108.62,112.79,117.54
9778.89447236181,102.86,103.56,105.59,108.78,112.89,117.58
9849.24623115578,103.11,103.79,105.79,108.94,112.99,117.61
9919.597989949749,103.35,104.02,105.99,109.10,113.09,117.64
9989.949748743718,103.58,104.25,106.19,109.26,113.19,117.68
10060.301507537688,103.82,104.47,106.39,109.41,113.29,117.71
10130.653266331658,104.05,104.70,106.58,109.56,113.38,117.74
10201.005025125629,104.28,104.91,106.78,109.71,113.48,117.78
10271.356783919598,104.50,105.13,106.96,109.86,113.57,117.81
10341.708542713568,104.72,105.34,107.15,110.00,113.66,117.84
10412.060301507538,104.94,105.55,107.33,110.14,113.75,117.87
10482.412060301507,105.15,105.76,107.51,110.28,113.84,117.90
10552.763819095477,105.37,105.96,107.69,110.42,113.93,117.93
10623.115577889448,105.58,106.16,107.87,110.56,114.02,117.96
10693.467336683418,105.78,106.36,108.04,110.69,114.10,117.99
10763.819095477387,105.98,106.55,108.21,110.83,114.19,118.02
10834.170854271357,106.18,106.74,108.38,110.96,114.27,118.05
10904.522613065326,106.38,106.93,108.55,111.09,114.35,118.07
10974.874371859296,106.57,107.12,108.71,111.21,114.43,118.10
11045.226130653267,106.77,107.30,108.87,111.34,114.51,118.13
11115.577889447237,106.96,107.48,109.03,111.46,114.59,118.15
11185.929648241206,107.14,107.66,109.18,111.58,114.67,118.18
11256.281407035176,107.32,107.84,109.34,111.70,114.74,118.21
11326.633165829146,107.51,108.01,109.49,111.82,114.82,118.23
11396.984924623115,107.68,108.18,109.64,111.94,114.89,118.26
11467.336683417085,107.86,108.35,109.79,112.05,114.96,118.28
11537.688442211056,108.03,108.52,109.93,112.17,115.04,118.31
11608.040201005026,108.20,108.68,110.08,112.28,115.11,118.33
11678.391959798995,108.37,108.84,110.22,112.39,115.18,118.36
11748.743718592965,108.54,109.00,110.36,112.50,115.25,118.38
11819.095477386934,108.70,109.16,110.50,112.60,115.31,118.40
11889.447236180904,108.86,109.31,110.63,112.71,115.38,118.42
11959.798994974875,109.02,109.47,110.77,112.81,115.45,118.45
12030.150753768845,109.18,109.62,110.90,112.92,115.51,118.47
12100.502512562814,109.33,109.76,111.03,113.02,115.57,118.49
12170.854271356784,109.48,109.91,111.15,113.12,115.64,118.51
12241.206030150754,109.63,110.05,111.28,113.22,115.70,118.53
12311.557788944723,109.78,110.20,111.41,113.31,115.76,118.55
12381.909547738695,109.93,110.34,111.53,113.41,115.82,118.58
12452.261306532664,110.07,110.47,111.65,113.50,115.88,118.60
12522.613065326634,110.21,110.61,111.77,113.59,115.94,118.62
12592.964824120603,110.35,110.74,111.89,113.69,116.00,118.64
12663.316582914573,110.49,110.88,112.00,113.78,116.06,118.65
12733.668341708542,110.63,111.01,112.12,113.86,116.11,118.67
12804.020100502512,110.76,111.13,112.23,113.95,116.17,118.69
12874.371859296483,110.89,111.26,112.34,114.04,116.22,118.71
12944.723618090453,111.02,111.38,112.45,114.12,116.28,118.73
13015.075376884422,111.15,111.51,112.56,114.21,116.33,118.75
13085.427135678392,111.27,111.63,112.66,114.29,116.38,118.77
13155.778894472362,111.40,111.75,112.77,114.37,116.43,118.78
13226.130653266331,111.52,111.87,112.87,114.45,116.48,118.80
13296.482412060303,111.64,111.98,112.97,114.53,116.53,118.82
13366.834170854272,111.76,112.10,113.07,114.61,116.58,118.83
13437.185929648242,111.88,112.21,113.17,114.69,116.63,118.85
13507.537688442211,112.00,112.32,113.27,114.76,116.68,118.87
13577.88944723618,112.11,112.43,113.36,114.84,116.73,118.88
13648.24120603015,112.22,112.54,113.46,114.91,116.77,118.90
13718.59296482412,112.33,112.64,113.55,114.98,116.82,118.92
13788.944723618091,112.44,112.75,113.64,115.05,116.87,118.93
13859.29648241206,112.55,112.85,113.73,115.12,116.91,118.95
13929.64824120603,112.66,112.95,113.82,115.19,116.95,118.96
14000.0,112.76,113.05,113.91,115.26,117.00,118.98
