Time (s),Temperature (K),Rate Constant k (1/s),Mass Fraction Y (-),Mass m (kg),MLR = -dm/dt (g/s)
0,300,3.61138e-16,1,1,3.61138e-13
8.40841,300.701,4.20542e-16,1,1,4.20542e-13
16.8168,301.401,4.89371e-16,1,1,4.89371e-13
25.2252,302.102,5.69064e-16,1,1,5.69064e-13
33.6336,302.803,6.61274e-16,1,1,6.61274e-13
42.042,303.504,7.67892e-16,1,1,7.67892e-13
50.4505,304.204,8.91086e-16,1,1,8.91086e-13
58.8589,304.905,1.03334e-15,1,1,1.03334e-12
67.2673,305.606,1.19749e-15,1,1,1.19749e-12
75.6757,306.306,1.38677e-15,1,1,1.38677e-12
84.0841,307.007,1.6049e-15,1,1,1.6049e-12
92.4925,307.708,1.85611e-15,1,1,1.85611e-12
100.901,308.408,2.14522e-15,1,1,2.14522e-12
109.309,309.109,2.47774e-15,1,1,2.47774e-12
117.718,309.81,2.85993e-15,1,1,2.85993e-12
126.126,310.511,3.29894e-15,1,1,3.29894e-12
134.535,311.211,3.80289e-15,1,1,3.80289e-12
142.943,311.912,4.38102e-15,1,1,4.38102e-12
151.351,312.613,5.04385e-15,1,1,5.04385e-12
159.76,313.313,5.8033e-15,1,1,5.8033e-12
168.168,314.014,6.67292e-15,1,1,6.67292e-12
176.577,314.715,7.66809e-15,1,1,7.66809e-12
184.985,315.415,8.80622e-15,1,1,8.80622e-12
193.393,316.116,1.01071e-14,1,1,1.01071e-11
201.802,316.817,1.1593e-14,1,1,1.1593e-11
210.21,317.518,1.32894e-14,1,1,1.32894e-11
218.619,318.218,1.52249e-14,1,1,1.52249e-11
227.027,318.919,1.74318e-14,1,1,1.74318e-11
235.435,319.62,1.99468e-14,1,1,1.99468e-11
243.844,320.32,2.28111e-14,1,1,2.28111e-11
252.252,321.021,2.60715e-14,1,1,2.60715e-11
260.661,321.722,2.97806e-14,1,1,2.97806e-11
269.069,322.422,3.39977e-14,1,1,3.39977e-11
277.477,323.123,3.87897e-14,1,1,3.87897e-11
285.886,323.824,4.42318e-14,1,1,4.42318e-11
294.294,324.525,5.04089e-14,1,1,5.04089e-11
302.703,325.225,5.74163e-14,1,1,5.74163e-11
311.111,325.926,6.53612e-14,1,1,6.53612e-11
319.52,326.627,7.43641e-14,1,1,7.43641e-11
327.928,327.327,8.45603e-14,1,1,8.45603e-11
336.336,328.028,9.61018e-14,1,1,9.61018e-11
344.745,328.729,1.09159e-13,1,1,1.09159e-10
353.153,329.429,1.23923e-13,1,1,1.23923e-10
361.562,330.13,1.40608e-13,1,1,1.40608e-10
369.97,330.831,1.59455e-13,1,1,1.59455e-10
378.378,331.532,1.80731e-13,1,1,1.80731e-10
386.787,332.232,2.04739e-13,1,1,2.04739e-10
395.195,332.933,2.31813e-13,1,1,2.31813e-10
403.604,333.634,2.62331e-13,1,1,2.62331e-10
412.012,334.334,2.96712e-13,1,1,2.96712e-10
420.42,335.035,3.35427e-13,1,1,3.35427e-10
428.829,335.736,3.79e-13,1,1,3.79e-10
437.237,336.436,4.28014e-13,1,1,4.28014e-10
445.646,337.137,4.83124e-13,1,1,4.83124e-10
454.054,337.838,5.45054e-13,1,1,5.45054e-10
462.462,338.539,6.14617e-13,1,1,6.14617e-10
470.871,339.239,6.92714e-13,1,1,6.92714e-10
479.279,339.94,7.8035e-13,1,1,7.8035e-10
487.688,340.641,8.78641e-13,1,1,8.78641e-10
496.096,341.341,9.88832e-13,1,1,9.88832e-10
504.505,342.042,1.1123e-12,1,1,1.1123e-09
512.913,342.743,1.25059e-12,1,1,1.25059e-09
521.321,343.443,1.4054e-12,1,1,1.4054e-09
529.73,344.144,1.57862e-12,1,1,1.57862e-09
538.138,344.845,1.77235e-12,1,1,1.77235e-09
546.547,345.546,1.98892e-12,1,1,1.98892e-09
554.955,346.246,2.23092e-12,1,1,2.23092e-09
563.363,346.947,2.5012e-12,1,1,2.5012e-09
571.772,347.648,2.80293e-12,1,1,2.80293e-09
580.18,348.348,3.13962e-12,1,1,3.13962e-09
588.589,349.049,3.51516e-12,1,1,3.51516e-09
596.997,349.75,3.93383e-12,1,1,3.93383e-09
605.405,350.45,4.40039e-12,1,1,4.40039e-09
613.814,351.151,4.92009e-12,1,1,4.92009e-09
622.222,351.852,5.49871e-12,1,1,5.49871e-09
630.631,352.553,6.14267e-12,1,1,6.14267e-09
639.039,353.253,6.85903e-12,1,1,6.85903e-09
647.447,353.954,7.65558e-12,1,1,7.65558e-09
655.856,354.655,8.54094e-12,1,1,8.54094e-09
664.264,355.355,9.52457e-12,1,1,9.52457e-09
672.673,356.056,1.06169e-11,1,1,1.06169e-08
681.081,356.757,1.18295e-11,1,1,1.18295e-08
689.489,357.457,1.3175e-11,1,1,1.3175e-08
697.898,358.158,1.46674e-11,1,1,1.46674e-08
706.306,358.859,1.63219e-11,1,1,1.63219e-08
714.715,359.56,1.81555e-11,1,1,1.81555e-08
723.123,360.26,2.01868e-11,1,1,2.01868e-08
731.532,360.961,2.24361e-11,1,1,2.24361e-08
739.94,361.662,2.49258e-11,1,1,2.49258e-08
748.348,362.362,2.76805e-11,1,1,2.76805e-08
756.757,363.063,3.07272e-11,1,1,3.07272e-08
765.165,363.764,3.40955e-11,1,1,3.40955e-08
773.574,364.464,3.78179e-11,1,1,3.78179e-08
781.982,365.165,4.19301e-11,1,1,4.19301e-08
790.39,365.866,4.6471e-11,1,1,4.6471e-08
798.799,366.567,5.14834e-11,1,1,5.14834e-08
807.207,367.267,5.70143e-11,1,1,5.70143e-08
815.616,367.968,6.31147e-11,1,1,6.31147e-08
824.024,368.669,6.98409e-11,1,1,6.98409e-08
832.432,369.369,7.72542e-11,1,1,7.72542e-08
840.841,370.07,8.54218e-11,1,1,8.54218e-08
849.249,370.771,9.4417e-11,1,1,9.4417e-08
857.658,371.471,1.0432e-10,1,1,1.0432e-07
866.066,372.172,1.15219e-10,1,1,1.15219e-07
874.474,372.873,1.27208e-10,1,1,1.27208e-07
882.883,373.574,1.40393e-10,1,1,1.40393e-07
891.291,374.274,1.54887e-10,1,1,1.54887e-07
899.7,374.975,1.70815e-10,1,1,1.70815e-07
908.108,375.676,1.88313e-10,1,1,1.88313e-07
916.517,376.376,2.07527e-10,1,1,2.07527e-07
924.925,377.077,2.28619e-10,1,1,2.28619e-07
933.333,377.778,2.51764e-10,1,1,2.51764e-07
941.742,378.478,2.77154e-10,1,1,2.77154e-07
950.15,379.179,3.04996e-10,1,1,3.04996e-07
958.559,379.88,3.35516e-10,1,1,3.35516e-07
966.967,380.581,3.68961e-10,1,1,3.68961e-07
975.375,381.281,4.05598e-10,1,1,4.05598e-07
983.784,381.982,4.45718e-10,1,1,4.45718e-07
992.192,382.683,4.89637e-10,1,1,4.89637e-07
1000.6,383.383,5.37699e-10,1,1,5.37699e-07
1009.01,384.084,5.90277e-10,1,1,5.90277e-07
1017.42,384.785,6.47777e-10,1,1,6.47777e-07
1025.83,385.485,7.10637e-10,1,1,7.10637e-07
1034.23,386.186,7.79335e-10,1,1,7.79335e-07
1042.64,386.887,8.54389e-10,1,1,8.54389e-07
1051.05,387.588,9.36359e-10,1,1,9.36359e-07
1059.46,388.288,1.02585e-09,1,1,1.02585e-06
1067.87,388.989,1.12353e-09,1,1,1.12353e-06
1076.28,389.69,1.23011e-09,1,1,1.23011e-06
1084.68,390.39,1.34636e-09,1,1,1.34636e-06
1093.09,391.091,1.47312e-09,1,1,1.47312e-06
1101.5,391.792,1.6113e-09,1,1,1.6113e-06
1109.91,392.492,1.76187e-09,1,1,1.76187e-06
1118.32,393.193,1.9259e-09,1,1,1.9259e-06
1126.73,393.894,2.10453e-09,1,1,2.10453e-06
1135.14,394.595,2.29901e-09,1,1,2.29901e-06
1143.54,395.295,2.51067e-09,1,1,2.51067e-06
1151.95,395.996,2.74096e-09,1,1,2.74096e-06
1160.36,396.697,2.99145e-09,1,1,2.99145e-06
1168.77,397.397,3.26383e-09,1,1,3.26383e-06
1177.18,398.098,3.55991e-09,1,1,3.55991e-06
1185.59,398.799,3.88167e-09,1,1,3.88167e-06
1193.99,399.499,4.23123e-09,1,1,4.23123e-06
1202.4,400.2,4.61087e-09,1,1,4.61087e-06
1210.81,400.901,5.02307e-09,1,1,5.02307e-06
1219.22,401.602,5.47048e-09,0.999999,0.999999,5.47048e-06
1227.63,402.302,5.95597e-09,0.999999,0.999999,5.95597e-06
1236.04,403.003,6.48263e-09,0.999999,0.999999,6.48263e-06
1244.44,403.704,7.05379e-09,0.999999,0.999999,7.05379e-06
1252.85,404.404,7.67302e-09,0.999999,0.999999,7.67302e-06
1261.26,405.105,8.34419e-09,0.999999,0.999999,8.34418e-06
1269.67,405.806,9.07143e-09,0.999999,0.999999,9.07143e-06
1278.08,406.507,9.85922e-09,0.999999,0.999999,9.85921e-06
1286.49,407.207,1.07124e-08,0.999999,0.999999,1.07123e-05
1294.89,407.908,1.1636e-08,0.999999,0.999999,1.1636e-05
1303.3,408.609,1.26357e-08,0.999999,0.999999,1.26357e-05
1311.71,409.309,1.37174e-08,0.999999,0.999999,1.37174e-05
1320.12,410.01,1.48875e-08,0.999999,0.999999,1.48875e-05
1328.53,410.711,1.61529e-08,0.999998,0.999998,1.61529e-05
1336.94,411.411,1.7521e-08,0.999998,0.999998,1.7521e-05
1345.35,412.112,1.89998e-08,0.999998,0.999998,1.89997e-05
1353.75,412.813,2.05977e-08,0.999998,0.999998,2.05976e-05
1362.16,413.514,2.23238e-08,0.999998,0.999998,2.23238e-05
1370.57,414.214,2.4188e-08,0.999998,0.999998,2.4188e-05
1378.98,414.915,2.62008e-08,0.999997,0.999997,2.62007e-05
1387.39,415.616,2.83734e-08,0.999997,0.999997,2.83734e-05
1395.8,416.316,3.0718e-08,0.999997,0.999997,3.07179e-05
1404.2,417.017,3.32474e-08,0.999997,0.999997,3.32473e-05
1412.61,417.718,3.59756e-08,0.999996,0.999996,3.59755e-05
1421.02,418.418,3.89173e-08,0.999996,0.999996,3.89172e-05
1429.43,419.119,4.20885e-08,0.999996,0.999996,4.20884e-05
1437.84,419.82,4.55063e-08,0.999995,0.999995,4.55061e-05
1446.25,420.521,4.91887e-08,0.999995,0.999995,4.91885e-05
1454.65,421.221,5.31554e-08,0.999994,0.999994,5.31551e-05
1463.06,421.922,5.74272e-08,0.999994,0.999994,5.74269e-05
1471.47,422.623,6.20264e-08,0.999993,0.999993,6.2026e-05
1479.88,423.323,6.69768e-08,0.999993,0.999993,6.69763e-05
1488.29,424.024,7.2304e-08,0.999992,0.999992,7.23034e-05
1496.7,424.725,7.80351e-08,0.999992,0.999992,7.80345e-05
1505.11,425.425,8.41994e-08,0.999991,0.999991,8.41987e-05
1513.51,426.126,9.0828e-08,0.99999,0.99999,9.08271e-05
1521.92,426.827,9.79539e-08,0.99999,0.99999,9.79529e-05
1530.33,427.528,1.05613e-07,0.999989,0.999989,0.000105612
1538.74,428.228,1.13843e-07,0.999988,0.999988,0.000113841
1547.15,428.929,1.22683e-07,0.999987,0.999987,0.000122682
1555.56,429.63,1.32179e-07,0.999986,0.999986,0.000132177
1563.96,430.33,1.42374e-07,0.999985,0.999985,0.000142372
1572.37,431.031,1.53319e-07,0.999983,0.999983,0.000153317
1580.78,431.732,1.65066e-07,0.999982,0.999982,0.000165063
1589.19,432.432,1.7767e-07,0.99998,0.99998,0.000177666
1597.6,433.133,1.91191e-07,0.999979,0.999979,0.000191187
1606.01,433.834,2.05692e-07,0.999977,0.999977,0.000205687
1614.41,434.535,2.21241e-07,0.999975,0.999975,0.000221235
1622.82,435.235,2.37909e-07,0.999974,0.999974,0.000237903
1631.23,435.936,2.55774e-07,0.999971,0.999971,0.000255767
1639.64,436.637,2.74916e-07,0.999969,0.999969,0.000274908
1648.05,437.337,2.95422e-07,0.999967,0.999967,0.000295413
1656.46,438.038,3.17385e-07,0.999964,0.999964,0.000317374
1664.86,438.739,3.40903e-07,0.999962,0.999962,0.00034089
1673.27,439.439,3.6608e-07,0.999959,0.999959,0.000366064
1681.68,440.14,3.93027e-07,0.999955,0.999955,0.000393009
1690.09,440.841,4.21862e-07,0.999952,0.999952,0.000421842
1698.5,441.542,4.52711e-07,0.999948,0.999948,0.000452688
1706.91,442.242,4.85707e-07,0.999944,0.999944,0.00048568
1715.32,442.943,5.20993e-07,0.99994,0.99994,0.000520961
1723.72,443.644,5.58718e-07,0.999936,0.999936,0.000558682
1732.13,444.344,5.99042e-07,0.999931,0.999931,0.000599001
1740.54,445.045,6.42136e-07,0.999925,0.999925,0.000642088
1748.95,445.746,6.8818e-07,0.99992,0.99992,0.000688125
1757.36,446.446,7.37365e-07,0.999914,0.999914,0.000737301
1765.77,447.147,7.89894e-07,0.999907,0.999907,0.000789821
1774.17,447.848,8.45983e-07,0.999901,0.999901,0.000845899
1782.58,448.549,9.05861e-07,0.999893,0.999893,0.000905764
1790.99,449.249,9.6977e-07,0.999885,0.999885,0.000969659
1799.4,449.95,1.03797e-06,0.999877,0.999877,0.00103784
1807.81,450.651,1.11073e-06,0.999868,0.999868,0.00111058
1816.22,451.351,1.18834e-06,0.999858,0.999858,0.00118817
1824.62,452.052,1.2711e-06,0.999848,0.999848,0.00127091
1833.03,452.753,1.35935e-06,0.999837,0.999837,0.00135912
1841.44,453.453,1.45342e-06,0.999825,0.999825,0.00145316
1849.85,454.154,1.55368e-06,0.999812,0.999812,0.00155339
1858.26,454.855,1.66051e-06,0.999799,0.999799,0.00166018
1866.67,455.556,1.77433e-06,0.999784,0.999784,0.00177395
1875.08,456.256,1.89557e-06,0.999769,0.999769,0.00189513
1883.48,456.957,2.02468e-06,0.999752,0.999752,0.00202417
1891.89,457.658,2.16214e-06,0.999735,0.999735,0.00216157
1900.3,458.358,2.30847e-06,0.999716,0.999716,0.00230782
1908.71,459.059,2.46422e-06,0.999696,0.999696,0.00246347
1917.12,459.76,2.62995e-06,0.999675,0.999675,0.00262909
1925.53,460.46,2.80627e-06,0.999652,0.999652,0.00280529
1933.93,461.161,2.99382e-06,0.999627,0.999627,0.00299271
1942.34,461.862,3.19328e-06,0.999601,0.999601,0.00319201
1950.75,462.563,3.40536e-06,0.999574,0.999574,0.00340391
1959.16,463.263,3.63082e-06,0.999544,0.999544,0.00362917
1967.57,463.964,3.87046e-06,0.999513,0.999513,0.00386857
1975.98,464.665,4.12512e-06,0.999479,0.999479,0.00412297
1984.38,465.365,4.39569e-06,0.999443,0.999443,0.00439324
1992.79,466.066,4.68311e-06,0.999405,0.999405,0.00468033
2001.2,466.767,4.98838e-06,0.999364,0.999364,0.00498521
2009.61,467.467,5.31254e-06,0.999321,0.999321,0.00530894
2018.02,468.168,5.6567e-06,0.999275,0.999275,0.0056526
2026.43,468.869,6.02203e-06,0.999226,0.999226,0.00601737
2034.83,469.57,6.40975e-06,0.999174,0.999174,0.00640446
2043.24,470.27,6.82117e-06,0.999118,0.999118,0.00681515
2051.65,470.971,7.25765e-06,0.999059,0.999059,0.00725082
2060.06,471.672,7.72064e-06,0.998996,0.998996,0.00771289
2068.47,472.372,8.21166e-06,0.998929,0.998929,0.00820286
2076.88,473.073,8.73231e-06,0.998858,0.998858,0.00872233
2085.29,473.774,9.28428e-06,0.998782,0.998782,0.00927297
2093.69,474.474,9.86935e-06,0.998702,0.998702,0.00985654
2102.1,475.175,1.04894e-05,0.998616,0.998616,0.0104749
2110.51,475.876,1.11464e-05,0.998526,0.998526,0.01113
2118.92,476.577,1.18425e-05,0.998429,0.998429,0.0118239
2127.33,477.277,1.25797e-05,0.998327,0.998327,0.0125587
2135.74,477.978,1.33606e-05,0.998218,0.998218,0.0133367
2144.14,478.679,1.41873e-05,0.998102,0.998102,0.0141604
2152.55,479.379,1.50626e-05,0.997979,0.997979,0.0150322
2160.96,480.08,1.59891e-05,0.997849,0.997849,0.0159547
2169.37,480.781,1.69696e-05,0.997711,0.997711,0.0169308
2177.78,481.481,1.80072e-05,0.997564,0.997564,0.0179633
2186.19,482.182,1.91049e-05,0.997409,0.997409,0.0190554
2194.59,482.883,2.0266e-05,0.997243,0.997243,0.0202101
2203,483.584,2.1494e-05,0.997068,0.997068,0.021431
2211.41,484.284,2.27925e-05,0.996883,0.996883,0.0227215
2219.82,484.985,2.41654e-05,0.996686,0.996686,0.0240854
2228.23,485.686,2.56167e-05,0.996477,0.996477,0.0255265
2236.64,486.386,2.71506e-05,0.996256,0.996256,0.0270489
2245.05,487.087,2.87715e-05,0.996022,0.996022,0.028657
2253.45,487.788,3.0484e-05,0.995774,0.995774,0.0303552
2261.86,488.488,3.22932e-05,0.995511,0.995511,0.0321482
2270.27,489.189,3.42041e-05,0.995233,0.995233,0.034041
2278.68,489.89,3.62221e-05,0.994938,0.994938,0.0360387
2287.09,490.591,3.83528e-05,0.994626,0.994626,0.0381467
2295.5,491.291,4.06023e-05,0.994296,0.994296,0.0403707
2303.9,491.992,4.29768e-05,0.993947,0.993947,0.0427166
2312.31,492.693,4.54827e-05,0.993577,0.993577,0.0451906
2320.72,493.393,4.81271e-05,0.993187,0.993187,0.0477992
2329.13,494.094,5.0917e-05,0.992773,0.992773,0.050549
2337.54,494.795,5.386e-05,0.992336,0.992336,0.0534472
2345.95,495.495,5.69641e-05,0.991874,0.991874,0.0565012
2354.35,496.196,6.02376e-05,0.991385,0.991385,0.0597187
2362.76,496.897,6.36891e-05,0.990869,0.990869,0.0631076
2371.17,497.598,6.73279e-05,0.990323,0.990323,0.0666764
2379.58,498.298,7.11634e-05,0.989746,0.989746,0.0704337
2387.99,498.999,7.52057e-05,0.989138,0.989138,0.0743888
2396.4,499.7,7.94653e-05,0.988495,0.988495,0.0785511
2404.8,500.4,8.39533e-05,0.987816,0.987816,0.0829304
2413.21,501.101,8.8681e-05,0.987099,0.987099,0.087537
2421.62,501.802,9.36607e-05,0.986343,0.986343,0.0923815
2430.03,502.503,9.89049e-05,0.985544,0.985544,0.0974752
2438.44,503.203,0.000104427,0.984702,0.984702,0.102829
2446.85,503.904,0.000110241,0.983814,0.983814,0.108456
2455.26,504.605,0.00011636,0.982877,0.982877,0.114368
2463.66,505.305,0.000122802,0.981889,0.981889,0.120578
2472.07,506.006,0.00012958,0.980848,0.980848,0.127098
2480.48,506.707,0.000136712,0.979751,0.979751,0.133944
2488.89,507.407,0.000144215,0.978594,0.978594,0.141128
2497.3,508.108,0.000152108,0.977376,0.977376,0.148667
2505.71,508.809,0.000160409,0.976092,0.976092,0.156574
2514.11,509.51,0.000169139,0.974741,0.974741,0.164867
2522.52,510.21,0.000178318,0.973318,0.973318,0.17356
2530.93,510.911,0.000187967,0.97182,0.97182,0.18267
2539.34,511.612,0.00019811,0.970244,0.970244,0.192215
2547.75,512.312,0.000208771,0.968586,0.968586,0.202212
2556.16,513.013,0.000219973,0.966842,0.966842,0.212679
2564.56,513.714,0.000231744,0.965007,0.965007,0.223634
2572.97,514.414,0.000244109,0.963079,0.963079,0.235097
2581.38,515.115,0.000257099,0.961051,0.961051,0.247085
2589.79,515.816,0.000270741,0.958921,0.958921,0.259619
2598.2,516.517,0.000285067,0.956683,0.956683,0.272719
2606.61,517.217,0.000300109,0.954332,0.954332,0.286404
2615.02,517.918,0.000315901,0.951864,0.951864,0.300695
2623.42,518.619,0.000332478,0.949273,0.949273,0.315613
2631.83,519.319,0.000349877,0.946553,0.946553,0.331177
2640.24,520.02,0.000368135,0.9437,0.9437,0.34741
2648.65,520.721,0.000387294,0.940708,0.940708,0.36433
2657.06,521.421,0.000407393,0.93757,0.93757,0.38196
2665.47,522.122,0.000428478,0.934281,0.934281,0.400319
2673.87,522.823,0.000450593,0.930835,0.930835,0.419428
2682.28,523.524,0.000473786,0.927224,0.927224,0.439305
2690.69,524.224,0.000498105,0.923443,0.923443,0.459972
2699.1,524.925,0.000523603,0.919485,0.919485,0.481445
2707.51,525.626,0.000550333,0.915343,0.915343,0.503743
2715.92,526.326,0.00057835,0.91101,0.91101,0.526883
2724.32,527.027,0.000607714,0.906478,0.906478,0.55088
2732.73,527.728,0.000638485,0.901742,0.901742,0.575748
2741.14,528.428,0.000670725,0.896792,0.896792,0.601501
2749.55,529.129,0.000704502,0.891622,0.891622,0.628149
2757.96,529.83,0.000739884,0.886224,0.886224,0.655703
2766.37,530.531,0.000776942,0.88059,0.88059,0.684167
2774.77,531.231,0.000815751,0.874714,0.874714,0.713548
2783.18,531.932,0.000856388,0.868586,0.868586,0.743847
2791.59,532.633,0.000898935,0.8622,0.8622,0.775062
2800,533.333,0.000943476,0.855547,0.855547,0.807188
2808.41,534.034,0.000990098,0.84862,0.84862,0.840217
2816.82,534.735,0.00103889,0.841412,0.841412,0.874136
2825.23,535.435,0.00108995,0.833915,0.833915,0.908929
2833.63,536.136,0.00114338,0.826122,0.826122,0.944572
2842.04,536.837,0.00119928,0.818025,0.818025,0.98104
2850.45,537.538,0.00125775,0.809618,0.809618,1.0183
2858.86,538.238,0.00131891,0.800895,0.800895,1.05631
2867.27,538.939,0.00138288,0.791849,0.791849,1.09503
2875.68,539.64,0.00144977,0.782475,0.782475,1.13441
2884.08,540.34,0.0015197,0.772767,0.772767,1.17438
2892.49,541.041,0.00159282,0.762721,0.762721,1.21488
2900.9,541.742,0.00166925,0.752332,0.752332,1.25583
2909.31,542.442,0.00174914,0.741597,0.741597,1.29716
2917.72,543.143,0.00183263,0.730514,0.730514,1.33876
2926.13,543.844,0.00191987,0.719079,0.719079,1.38054
2934.53,544.545,0.00201103,0.707293,0.707293,1.42239
2942.94,545.245,0.00210626,0.695155,0.695155,1.46418
2951.35,545.946,0.00220574,0.682667,0.682667,1.50579
2959.76,546.647,0.00230965,0.66983,0.66983,1.54707
2968.17,547.347,0.00241816,0.656647,0.656647,1.58788
2976.58,548.048,0.00253148,0.643124,0.643124,1.62806
2984.98,548.749,0.0026498,0.629266,0.629266,1.66743
2993.39,549.449,0.00277332,0.615081,0.615081,1.70582
3001.8,550.15,0.00290227,0.600578,0.600578,1.74304
3010.21,550.851,0.00303686,0.585768,0.585768,1.77889
3018.62,551.552,0.00317732,0.570663,0.570663,1.81318
3027.03,552.252,0.0033239,0.555276,0.555276,1.84568
3035.44,552.953,0.00347685,0.539625,0.539625,1.87619
3043.84,553.654,0.00363642,0.523726,0.523726,1.90449
3052.25,554.354,0.00380288,0.507599,0.507599,1.93034
3060.66,555.055,0.00397651,0.491266,0.491266,1.95353
3069.07,555.756,0.00415761,0.47475,0.47475,1.97382
3077.48,556.456,0.00434646,0.458076,0.458076,1.99101
3085.89,557.157,0.00454338,0.441272,0.441272,2.00486
3094.29,557.858,0.00474869,0.424365,0.424365,2.01518
3102.7,558.559,0.00496274,0.407388,0.407388,2.02176
3111.11,559.259,0.00518585,0.390372,0.390372,2.02441
3119.52,559.96,0.00541841,0.37335,0.37335,2.02296
3127.93,560.661,0.00566077,0.356359,0.356359,2.01726
3136.34,561.361,0.00591332,0.339433,0.339433,2.00718
3144.74,562.062,0.00617647,0.322612,0.322612,1.9926
3153.15,562.763,0.00645063,0.305932,0.305932,1.97346
3161.56,563.463,0.00673624,0.289433,0.289433,1.94969
3169.97,564.164,0.00703373,0.273153,0.273153,1.92128
3178.38,564.865,0.00734357,0.257131,0.257131,1.88826
3186.79,565.566,0.00766624,0.241406,0.241406,1.85068
3195.2,566.266,0.00800224,0.226016,0.226016,1.80864
3203.6,566.967,0.00835208,0.210999,0.210999,1.76228
3212.01,567.668,0.00871629,0.196388,0.196388,1.71177
3220.42,568.368,0.00909543,0.182219,0.182219,1.65736
3228.83,569.069,0.00949006,0.168523,0.168523,1.59929
3237.24,569.77,0.00990078,0.155329,0.155329,1.53788
3245.65,570.47,0.0103282,0.142665,0.142665,1.47348
3254.05,571.171,0.010773,0.130554,0.130554,1.40645
3262.46,571.872,0.0112357,0.119016,0.119016,1.33723
3270.87,572.573,0.0117171,0.108068,0.108068,1.26625
3279.28,573.273,0.0122179,0.0977225,0.0977225,1.19397
3287.69,573.974,0.0127388,0.0879888,0.0879888,1.12087
3296.1,574.675,0.0132806,0.0788714,0.0788714,1.04746
3304.5,575.375,0.013844,0.070371,0.070371,0.974213
3312.91,576.076,0.0144298,0.0624841,0.0624841,0.901633
3321.32,576.777,0.0150389,0.0552032,0.0552032,0.830194
3329.73,577.477,0.0156721,0.0485165,0.0485165,0.760358
3338.14,578.178,0.0163304,0.042409,0.042409,0.692555
3346.55,578.879,0.0170146,0.0368616,0.0368616,0.627187
3354.95,579.58,0.0177258,0.0318525,0.0318525,0.564609
3363.36,580.28,0.0184648,0.0273567,0.0273567,0.505136
3371.77,580.981,0.0192328,0.0233471,0.0233471,0.449029
3380.18,581.682,0.0200307,0.0197945,0.0197945,0.396497
3388.59,582.382,0.0208597,0.016668,0.016668,0.347689
3397,583.083,0.0217208,0.013936,0.013936,0.302701
3405.41,583.784,0.0226154,0.0115661,0.0115661,0.261571
3413.81,584.484,0.0235445,0.00952585,0.00952585,0.224281
3422.22,585.185,0.0245094,0.00778331,0.00778331,0.190764
3430.63,585.886,0.0255114,0.00630715,0.00630715,0.160904
3439.04,586.587,0.0265518,0.00506726,0.00506726,0.134545
3447.45,587.287,0.027632,0.00403497,0.00403497,0.111494
3455.86,587.988,0.0287534,0.00318338,0.00318338,0.0915332
3464.26,588.689,0.0299175,0.0024875,0.0024875,0.07442
3472.67,589.389,0.0311258,0.00192445,0.00192445,0.0599001
3481.08,590.09,0.0323799,0.00147351,0.00147351,0.0477122
3489.49,590.791,0.0336813,0.00111618,0.00111618,0.0375945
3497.9,591.491,0.0350318,0.000836132,0.000836132,0.0292912
3506.31,592.192,0.036433,0.000619141,0.000619141,0.0225572
3514.71,592.893,0.0378867,0.000452994,0.000452994,0.0171625
3523.12,593.594,0.0393949,0.000327331,0.000327331,0.0128951
3531.53,594.294,0.0409592,0.000233492,0.000233492,0.00956364
3539.94,594.995,0.0425818,0.000164337,0.000164337,0.00699779
3548.35,595.696,0.0442647,0.000114069,0.000114069,0.00504922
3556.76,596.396,0.0460098,7.80437e-05,7.80437e-05,0.00359078
3565.17,597.097,0.0478194,5.2604e-05,5.2604e-05,0.00251549
3573.57,597.798,0.0496957,3.49116e-05,3.49116e-05,0.00173496
3581.98,598.498,0.051641,2.28004e-05,2.28004e-05,0.00117744
3590.39,599.199,0.0536575,1.46448e-05,1.46448e-05,0.000785801
3598.8,599.9,0.0557479,9.24534e-06,9.24534e-06,0.000515408
3607.21,600.601,0.0579145,5.73312e-06,5.73312e-06,0.000332031
3615.62,601.301,0.0601599,3.48982e-06,3.48982e-06,0.000209948
3624.02,602.002,0.0624869,2.08385e-06,2.08385e-06,0.000130214
3632.43,602.703,0.0648982,1.21977e-06,1.21977e-06,7.91611e-05
3640.84,603.403,0.0673966,6.99402e-07,6.99402e-07,4.71373e-05
3649.25,604.104,0.069985,3.92543e-07,3.92543e-07,2.74721e-05
3657.66,604.805,0.0726665,2.15489e-07,2.15489e-07,1.56588e-05
3666.07,605.506,0.0754442,1.1561e-07,1.1561e-07,8.7221e-06
3674.47,606.206,0.0783213,6.05676e-08,6.05676e-08,4.74373e-06
3682.88,606.907,0.081301,3.09594e-08,3.09594e-08,2.51703e-06
3691.29,607.608,0.0843869,1.54265e-08,1.54265e-08,1.3018e-06
3699.7,608.308,0.0875824,7.48646e-09,7.48646e-09,6.55682e-07
3708.11,609.009,0.090891,3.53516e-09,3.53516e-09,3.21314e-07
3716.52,609.71,0.0943167,1.62272e-09,1.62272e-09,1.5305e-07
3724.92,610.41,0.0978631,7.23354e-10,7.23354e-10,7.07897e-08
3733.33,611.111,0.101534,3.12808e-10,3.12808e-10,3.17608e-08
3741.74,611.812,0.105334,1.31088e-10,1.31088e-10,1.38081e-08
3750.15,612.513,0.109267,5.31779e-11,5.31779e-11,5.81061e-09
3758.56,613.213,0.113338,2.08585e-11,2.08585e-11,2.36406e-09
3766.97,613.914,0.11755,7.90158e-12,7.90158e-12,9.28832e-10
3775.38,614.615,0.121909,2.88732e-12,2.88732e-12,3.5199e-10
3783.78,615.315,0.126419,1.01644e-12,1.01644e-12,1.28497e-10
3792.19,616.016,0.131084,3.44285e-13,3.44285e-13,4.51304e-11
3800.6,616.717,0.135911,1.12052e-13,1.12052e-13,1.52292e-11
3809.01,617.417,0.140904,3.4994e-14,3.4994e-14,4.93081e-12
3817.42,618.118,0.146069,1.04718e-14,1.04718e-14,1.5296e-12
3825.83,618.819,0.15141,2.99824e-15,2.99824e-15,4.53963e-13
3834.23,619.52,0.156934,8.20111e-16,8.20111e-16,1.28703e-13
3842.64,620.22,0.162646,2.13975e-16,2.13975e-16,3.48022e-14
3851.05,620.921,0.168553,5.31666e-17,5.31666e-17,8.96138e-15
3859.46,621.622,0.17466,1.25597e-17,1.25597e-17,2.19368e-15
3867.87,622.322,0.180974,2.81605e-18,2.81605e-18,5.09631e-16
3876.28,623.023,0.187501,5.98213e-19,5.98213e-19,1.12165e-16
3884.68,623.724,0.194248,1.2018e-19,1.2018e-19,2.33448e-17
3893.09,624.424,0.201222,2.27908e-20,2.27908e-20,4.58601e-18
3901.5,625.125,0.20843,4.07185e-21,4.07185e-21,8.48695e-19
3909.91,625.826,0.215879,6.84009e-22,6.84009e-22,1.47663e-19
3918.32,626.527,0.223576,1.07814e-22,1.07814e-22,2.41048e-20
3926.73,627.227,0.23153,1.59116e-23,1.59116e-23,3.68402e-21
3935.14,627.928,0.239749,2.19393e-24,2.19393e-24,5.25992e-22
3943.54,628.629,0.248239,2.81983e-25,2.81983e-25,6.99994e-23
3951.95,629.329,0.257011,3.37059e-26,3.37059e-26,8.66278e-24
3960.36,630.03,0.266072,3.73791e-27,3.73791e-27,9.94552e-25
3968.77,630.731,0.275431,3.83637e-28,3.83637e-28,1.05665e-25
3977.18,631.431,0.285097,3.63474e-29,3.63474e-29,1.03625e-26
3985.59,632.132,0.29508,3.17066e-30,3.17066e-30,9.35598e-28
3993.99,632.833,0.30539,2.53965e-31,2.53965e-31,7.75583e-29
4002.4,633.534,0.316035,1.86268e-32,1.86268e-32,5.88672e-30
4010.81,634.234,0.327027,1.24737e-33,1.24737e-33,4.07923e-31
4019.22,634.935,0.338376,7.60434e-35,7.60434e-35,2.57312e-32
4027.63,635.636,0.350092,4.20741e-36,4.20741e-36,1.47298e-33
4036.04,636.336,0.362186,2.10617e-37,2.10617e-37,7.62825e-35
4044.44,637.037,0.374671,9.50808e-39,9.50808e-39,3.5624e-36
4052.85,637.738,0.387557,3.85807e-40,3.85807e-40,1.49522e-37
4061.26,638.438,0.400856,1.40228e-41,1.40228e-41,5.62114e-39
4069.67,639.139,0.414581,4.54946e-43,4.54946e-43,1.88612e-40
4078.08,639.84,0.428745,1.31269e-44,1.31269e-44,5.62809e-42
4086.49,640.541,0.443359,3.35598e-46,3.35598e-46,1.48791e-43
4094.89,641.241,0.458439,7.57287e-48,7.57287e-48,3.4717e-45
4103.3,641.942,0.473996,1.50232e-49,1.50232e-49,7.12094e-47
4111.71,642.643,0.490046,2.60948e-51,2.60948e-51,1.27876e-48
4120.12,643.343,0.506603,3.95194e-53,3.95194e-53,2.00206e-50
4128.53,644.044,0.523681,5.19582e-55,5.19582e-55,2.72095e-52
4136.94,644.745,0.541295,5.90411e-57,5.90411e-57,3.19587e-54
4145.35,645.445,0.559463,5.77193e-59,5.77193e-59,3.22918e-56
4153.75,646.146,0.578198,4.83181e-61,4.83181e-61,2.79374e-58
4162.16,646.847,0.597518,3.44678e-63,3.44678e-63,2.05951e-60
4170.57,647.548,0.61744,2.08481e-65,2.08481e-65,1.28725e-62
4178.98,648.248,0.637981,1.06375e-67,1.06375e-67,6.78655e-65
4187.39,648.949,0.659158,4.55453e-70,4.55453e-70,3.00215e-67
4195.8,649.65,0.680991,1.62748e-72,1.62748e-72,1.1083e-69
4204.2,650.35,0.703497,4.82647e-75,4.82647e-75,3.39541e-72
4212.61,651.051,0.726697,1.18111e-77,1.18111e-77,8.58312e-75
4221.02,651.752,0.750608,2.37102e-80,2.37102e-80,1.77971e-77
4229.43,652.452,0.775253,3.8808e-83,3.8808e-83,3.00861e-80
4237.84,653.153,0.800652,5.14678e-86,5.14678e-86,4.12078e-83
4246.25,653.854,0.826825,5.49522e-89,5.49522e-89,4.54359e-86
4254.65,654.555,0.853796,4.69247e-92,4.69247e-92,4.00641e-89
4263.06,655.255,0.881585,3.18298e-95,3.18298e-95,2.80607e-92
4271.47,655.956,0.910217,1.70314e-98,1.70314e-98,1.55022e-95
4279.88,656.657,0.939715,7.13721e-102,7.13721e-102,6.70694e-99
4288.29,657.357,0.970102,2.32523e-105,2.32523e-105,2.25571e-102
4296.7,658.058,1.0014,5.84474e-109,5.84474e-109,5.85295e-106
4305.11,658.759,1.03365,1.12471e-112,1.12471e-112,1.16255e-109
4313.51,659.459,1.06686,1.64366e-116,1.64366e-116,1.75355e-113
4321.92,660.16,1.10106,1.80926e-120,1.80926e-120,1.9921e-117
4330.33,660.861,1.13628,1.48741e-124,1.48741e-124,1.69011e-121
4338.74,661.562,1.17255,9.05365e-129,9.05365e-129,1.06159e-125
4347.15,662.262,1.2099,4.04389e-133,4.04389e-133,4.8927e-130
4355.56,662.963,1.24835,1.31332e-137,1.31332e-137,1.63948e-134
4363.96,663.664,1.28795,3.07211e-142,3.07211e-142,3.95671e-139
4372.37,664.364,1.32871,5.12616e-147,5.12616e-147,6.81115e-144
4380.78,665.065,1.37067,6.04103e-152,6.04103e-152,8.28023e-149
4389.19,665.766,1.41386,4.97682e-157,4.97682e-157,7.03652e-154
4397.6,666.466,1.45832,2.83631e-162,2.83631e-162,4.13624e-159
4406.01,667.167,1.50408,1.10619e-167,1.10619e-167,1.6638e-164
4414.41,667.868,1.55117,2.91992e-173,2.91992e-173,4.5293e-170
4422.82,668.569,1.59964,5.15743e-179,5.15743e-179,8.25e-176
4431.23,669.269,1.64951,6.02479e-185,6.02479e-185,9.93795e-182
4439.64,669.97,1.70083,4.59926e-191,4.59926e-191,7.82255e-188
4448.05,670.671,1.75363,2.26631e-197,2.26631e-197,3.97428e-194
4456.46,671.371,1.80796,7.11782e-204,7.11782e-204,1.28687e-200
4464.86,672.072,1.86385,1.40646e-210,1.40646e-210,2.62144e-207
4473.27,672.773,1.92135,1.72535e-217,1.72535e-217,3.31499e-214
4481.68,673.473,1.98049,1.29613e-224,1.29613e-224,2.56698e-221
4490.09,674.174,2.04133,5.87955e-232,5.87955e-232,1.20021e-228
4498.5,674.875,2.10391,1.58747e-239,1.58747e-239,3.33988e-236
4506.91,675.576,2.16827,2.51364e-247,2.51364e-247,5.45024e-244
4515.32,676.276,2.23445,2.29904e-255,2.29904e-255,5.13709e-252
4523.72,676.977,2.30252,1.19582e-263,1.19582e-263,2.7534e-260
4532.13,677.678,2.37251,3.48113e-272,3.48113e-272,8.25901e-269
4540.54,678.378,2.44447,5.57935e-281,5.57935e-281,1.36385e-277
4548.95,679.079,2.51846,4.8411e-290,4.8411e-290,1.21921e-286
4557.36,679.78,2.59454,2.23512e-299,2.23512e-299,5.79911e-296
4565.77,680.48,2.67275,5.39463e-309,5.39463e-309,1.44185e-305
4574.17,681.181,2.75314,6.68392e-319,6.68392e-319,1.84018e-315
4582.58,681.882,2.83579,0,0,0
4590.99,682.583,2.92073,0,0,0
4599.4,683.283,3.00804,0,0,0
4607.81,683.984,3.09777,0,0,0
4616.22,684.685,3.18999,0,0,0
4624.62,685.385,3.28475,0,0,0
4633.03,686.086,3.38213,0,0,0
4641.44,686.787,3.48219,0,0,0
4649.85,687.487,3.58499,0,0,0
4658.26,688.188,3.69061,0,0,0
4666.67,688.889,3.79912,0,0,0
4675.08,689.59,3.91059,0,0,0
4683.48,690.29,4.02509,0,0,0
4691.89,690.991,4.1427,0,0,0
4700.3,691.692,4.2635,0,0,0
4708.71,692.392,4.38757,0,0,0
4717.12,693.093,4.51498,0,0,0
4725.53,693.794,4.64583,0,0,0
4733.93,694.494,4.78019,0,0,0
4742.34,695.195,4.91816,0,0,0
4750.75,695.896,5.05982,0,0,0
4759.16,696.597,5.20526,0,0,0
4767.57,697.297,5.35457,0,0,0
4775.98,697.998,5.50786,0,0,0
4784.38,698.699,5.66522,0,0,0
4792.79,699.399,5.82674,0,0,0
4801.2,700.1,5.99253,0,0,0
4809.61,700.801,6.16269,0,0,0
4818.02,701.502,6.33733,0,0,0
4826.43,702.202,6.51655,0,0,0
4834.83,702.903,6.70047,0,0,0
4843.24,703.604,6.8892,0,0,0
4851.65,704.304,7.08285,0,0,0
4860.06,705.005,7.28155,0,0,0
4868.47,705.706,7.48541,0,0,0
4876.88,706.406,7.69455,0,0,0
4885.29,707.107,7.9091,0,0,0
4893.69,707.808,8.1292,0,0,0
4902.1,708.509,8.35497,0,0,0
4910.51,709.209,8.58654,0,0,0
4918.92,709.91,8.82405,0,0,0
4927.33,710.611,9.06765,0,0,0
4935.74,711.311,9.31747,0,0,0
4944.14,712.012,9.57366,0,0,0
4952.55,712.713,9.83637,0,0,0
4960.96,713.413,10.1058,0,0,0
4969.37,714.114,10.382,0,0,0
4977.78,714.815,10.6652,0,0,0
4986.19,715.516,10.9555,0,0,0
4994.59,716.216,11.2532,0,0,0
5003,716.917,11.5583,0,0,0
5011.41,717.618,11.8711,0,0,0
5019.82,718.318,12.1917,0,0,0
5028.23,719.019,12.5203,0,0,0
5036.64,719.72,12.8572,0,0,0
5045.05,720.42,13.2024,0,0,0
5053.45,721.121,13.5561,0,0,0
5061.86,721.822,13.9187,0,0,0
5070.27,722.523,14.2902,0,0,0
5078.68,723.223,14.6708,0,0,0
5087.09,723.924,15.0609,0,0,0
5095.5,724.625,15.4605,0,0,0
5103.9,725.325,15.8699,0,0,0
5112.31,726.026,16.2894,0,0,0
5120.72,726.727,16.7191,0,0,0
5129.13,727.427,17.1592,0,0,0
5137.54,728.128,17.6101,0,0,0
5145.95,728.829,18.0719,0,0,0
5154.35,729.53,18.5449,0,0,0
5162.76,730.23,19.0294,0,0,0
5171.17,730.931,19.5255,0,0,0
5179.58,731.632,20.0336,0,0,0
5187.99,732.332,20.5539,0,0,0
5196.4,733.033,21.0866,0,0,0
5204.8,733.734,21.6322,0,0,0
5213.21,734.434,22.1907,0,0,0
5221.62,735.135,22.7626,0,0,0
5230.03,735.836,23.3481,0,0,0
5238.44,736.537,23.9475,0,0,0
5246.85,737.237,24.561,0,0,0
5255.26,737.938,25.1891,0,0,0
5263.66,738.639,25.832,0,0,0
5272.07,739.339,26.4901,0,0,0
5280.48,740.04,27.1636,0,0,0
5288.89,740.741,27.853,0,0,0
5297.3,741.441,28.5584,0,0,0
5305.71,742.142,29.2804,0,0,0
5314.11,742.843,30.0192,0,0,0
5322.52,743.544,30.7752,0,0,0
5330.93,744.244,31.5488,0,0,0
5339.34,744.945,32.3402,0,0,0
5347.75,745.646,33.15,0,0,0
5356.16,746.346,33.9785,0,0,0
5364.56,747.047,34.8261,0,0,0
5372.97,747.748,35.6932,0,0,0
5381.38,748.448,36.5802,0,0,0
5389.79,749.149,37.4875,0,0,0
5398.2,749.85,38.4156,0,0,0
5406.61,750.551,39.3648,0,0,0
5415.02,751.251,40.3357,0,0,0
5423.42,751.952,41.3286,0,0,0
5431.83,752.653,42.3441,0,0,0
5440.24,753.353,43.3825,0,0,0
5448.65,754.054,44.4444,0,0,0
5457.06,754.755,45.5303,0,0,0
5465.47,755.455,46.6405,0,0,0
5473.87,756.156,47.7758,0,0,0
5482.28,756.857,48.9365,0,0,0
5490.69,757.558,50.1231,0,0,0
5499.1,758.258,51.3363,0,0,0
5507.51,758.959,52.5765,0,0,0
5515.92,759.66,53.8443,0,0,0
5524.32,760.36,55.1402,0,0,0
5532.73,761.061,56.4649,0,0,0
5541.14,761.762,57.8189,0,0,0
5549.55,762.462,59.2027,0,0,0
5557.96,763.163,60.617,0,0,0
5566.37,763.864,62.0625,0,0,0
5574.77,764.565,63.5396,0,0,0
5583.18,765.265,65.0491,0,0,0
5591.59,765.966,66.5917,0,0,0
5600,766.667,68.1678,0,0,0
5608.41,767.367,69.7783,0,0,0
5616.82,768.068,71.4238,0,0,0
5625.23,768.769,73.105,0,0,0
5633.63,769.469,74.8226,0,0,0
5642.04,770.17,76.5774,0,0,0
5650.45,770.871,78.3699,0,0,0
5658.86,771.572,80.2011,0,0,0
5667.27,772.272,82.0716,0,0,0
5675.68,772.973,83.9822,0,0,0
5684.08,773.674,85.9337,0,0,0
5692.49,774.374,87.927,0,0,0
5700.9,775.075,89.9627,0,0,0
5709.31,775.776,92.0417,0,0,0
5717.72,776.476,94.1649,0,0,0
5726.13,777.177,96.3331,0,0,0
5734.53,777.878,98.5472,0,0,0
5742.94,778.579,100.808,0,0,0
5751.35,779.279,103.117,0,0,0
5759.76,779.98,105.474,0,0,0
5768.17,780.681,107.88,0,0,0
5776.58,781.381,110.337,0,0,0
5784.98,782.082,112.846,0,0,0
5793.39,782.783,115.407,0,0,0
5801.8,783.483,118.021,0,0,0
5810.21,784.184,120.69,0,0,0
5818.62,784.885,123.414,0,0,0
5827.03,785.586,126.194,0,0,0
5835.44,786.286,129.032,0,0,0
5843.84,786.987,131.929,0,0,0
5852.25,787.688,134.885,0,0,0
5860.66,788.388,137.902,0,0,0
5869.07,789.089,140.981,0,0,0
5877.48,789.79,144.123,0,0,0
5885.89,790.49,147.33,0,0,0
5894.29,791.191,150.602,0,0,0
5902.7,791.892,153.94,0,0,0
5911.11,792.593,157.347,0,0,0
5919.52,793.293,160.822,0,0,0
5927.93,793.994,164.369,0,0,0
5936.34,794.695,167.986,0,0,0
5944.74,795.395,171.677,0,0,0
5953.15,796.096,175.442,0,0,0
5961.56,796.797,179.283,0,0,0
5969.97,797.497,183.202,0,0,0
5978.38,798.198,187.198,0,0,0
5986.79,798.899,191.275,0,0,0
5995.2,799.6,195.433,0,0,0
6003.6,800.3,199.674,0,0,0
6012.01,801.001,203.999,0,0,0
6020.42,801.702,208.41,0,0,0
6028.83,802.402,212.908,0,0,0
6037.24,803.103,217.496,0,0,0
6045.65,803.804,222.174,0,0,0
6054.05,804.505,226.944,0,0,0
6062.46,805.205,231.808,0,0,0
6070.87,805.906,236.768,0,0,0
6079.28,806.607,241.825,0,0,0
6087.69,807.307,246.981,0,0,0
6096.1,808.008,252.237,0,0,0
6104.5,808.709,257.596,0,0,0
6112.91,809.409,263.06,0,0,0
6121.32,810.11,268.629,0,0,0
6129.73,810.811,274.307,0,0,0
6138.14,811.512,280.094,0,0,0
6146.55,812.212,285.993,0,0,0
6154.95,812.913,292.006,0,0,0
6163.36,813.614,298.134,0,0,0
6171.77,814.314,304.381,0,0,0
6180.18,815.015,310.747,0,0,0
6188.59,815.716,317.235,0,0,0
6197,816.416,323.846,0,0,0
6205.41,817.117,330.584,0,0,0
6213.81,817.818,337.451,0,0,0
6222.22,818.519,344.448,0,0,0
6230.63,819.219,351.577,0,0,0
6239.04,819.92,358.842,0,0,0
6247.45,820.621,366.244,0,0,0
6255.86,821.321,373.785,0,0,0
6264.26,822.022,381.469,0,0,0
6272.67,822.723,389.297,0,0,0
6281.08,823.423,397.271,0,0,0
6289.49,824.124,405.396,0,0,0
6297.9,824.825,413.672,0,0,0
6306.31,825.526,422.103,0,0,0
6314.71,826.226,430.69,0,0,0
6323.12,826.927,439.438,0,0,0
6331.53,827.628,448.348,0,0,0
6339.94,828.328,457.423,0,0,0
6348.35,829.029,466.666,0,0,0
6356.76,829.73,476.079,0,0,0
6365.17,830.43,485.666,0,0,0
6373.57,831.131,495.43,0,0,0
6381.98,831.832,505.372,0,0,0
6390.39,832.533,515.498,0,0,0
6398.8,833.233,525.808,0,0,0
6407.21,833.934,536.307,0,0,0
6415.62,834.635,546.997,0,0,0
6424.02,835.335,557.882,0,0,0
6432.43,836.036,568.965,0,0,0
6440.84,836.737,580.248,0,0,0
6449.25,837.437,591.736,0,0,0
6457.66,838.138,603.432,0,0,0
6466.07,838.839,615.339,0,0,0
6474.47,839.54,627.46,0,0,0
6482.88,840.24,639.799,0,0,0
6491.29,840.941,652.36,0,0,0
6499.7,841.642,665.146,0,0,0
6508.11,842.342,678.16,0,0,0
6516.52,843.043,691.407,0,0,0
6524.92,843.744,704.89,0,0,0
6533.33,844.444,718.613,0,0,0
6541.74,845.145,732.579,0,0,0
6550.15,845.846,746.794,0,0,0
6558.56,846.547,761.259,0,0,0
6566.97,847.247,775.981,0,0,0
6575.38,847.948,790.962,0,0,0
6583.78,848.649,806.206,0,0,0
6592.19,849.349,821.719,0,0,0
6600.6,850.05,837.504,0,0,0
6609.01,850.751,853.565,0,0,0
6617.42,851.451,869.908,0,0,0
6625.83,852.152,886.535,0,0,0
6634.23,852.853,903.452,0,0,0
6642.64,853.554,920.663,0,0,0
6651.05,854.254,938.174,0,0,0
6659.46,854.955,955.987,0,0,0
6667.87,855.656,974.109,0,0,0
6676.28,856.356,992.544,0,0,0
6684.68,857.057,1011.3,0,0,0
6693.09,857.758,1030.37,0,0,0
6701.5,858.458,1049.78,0,0,0
6709.91,859.159,1069.51,0,0,0
6718.32,859.86,1089.59,0,0,0
6726.73,860.561,1110,0,0,0
6735.14,861.261,1130.77,0,0,0
6743.54,861.962,1151.89,0,0,0
6751.95,862.663,1173.37,0,0,0
6760.36,863.363,1195.21,0,0,0
6768.77,864.064,1217.43,0,0,0
6777.18,864.765,1240.01,0,0,0
6785.59,865.465,1262.99,0,0,0
6793.99,866.166,1286.34,0,0,0
6802.4,866.867,1310.1,0,0,0
6810.81,867.568,1334.25,0,0,0
6819.22,868.268,1358.8,0,0,0
6827.63,868.969,1383.77,0,0,0
6836.04,869.67,1409.15,0,0,0
6844.44,870.37,1434.96,0,0,0
6852.85,871.071,1461.2,0,0,0
6861.26,871.772,1487.87,0,0,0
6869.67,872.472,1514.99,0,0,0
6878.08,873.173,1542.56,0,0,0
6886.49,873.874,1570.58,0,0,0
6894.89,874.575,1599.07,0,0,0
6903.3,875.275,1628.02,0,0,0
6911.71,875.976,1657.46,0,0,0
6920.12,876.677,1687.37,0,0,0
6928.53,877.377,1717.78,0,0,0
6936.94,878.078,1748.69,0,0,0
6945.35,878.779,1780.1,0,0,0
6953.75,879.479,1812.02,0,0,0
6962.16,880.18,1844.47,0,0,0
6970.57,880.881,1877.44,0,0,0
6978.98,881.582,1910.95,0,0,0
6987.39,882.282,1945,0,0,0
6995.8,882.983,1979.6,0,0,0
7004.2,883.684,2014.76,0,0,0
7012.61,884.384,2050.49,0,0,0
7021.02,885.085,2086.79,0,0,0
7029.43,885.786,2123.68,0,0,0
7037.84,886.486,2161.16,0,0,0
7046.25,887.187,2199.24,0,0,0
7054.65,887.888,2237.93,0,0,0
7063.06,888.589,2277.24,0,0,0
7071.47,889.289,2317.18,0,0,0
7079.88,889.99,2357.75,0,0,0
7088.29,890.691,2398.96,0,0,0
7096.7,891.391,2440.83,0,0,0
7105.11,892.092,2483.37,0,0,0
7113.51,892.793,2526.57,0,0,0
7121.92,893.493,2570.46,0,0,0
7130.33,894.194,2615.04,0,0,0
7138.74,894.895,2660.32,0,0,0
7147.15,895.596,2706.31,0,0,0
7155.56,896.296,2753.03,0,0,0
7163.96,896.997,2800.47,0,0,0
7172.37,897.698,2848.66,0,0,0
7180.78,898.398,2897.6,0,0,0
7189.19,899.099,2947.3,0,0,0
7197.6,899.8,2997.77,0,0,0
7206.01,900.501,3049.03,0,0,0
7214.41,901.201,3101.09,0,0,0
7222.82,901.902,3153.95,0,0,0
7231.23,902.603,3207.62,0,0,0
7239.64,903.303,3262.12,0,0,0
7248.05,904.004,3317.47,0,0,0
7256.46,904.705,3373.66,0,0,0
7264.86,905.405,3430.72,0,0,0
7273.27,906.106,3488.65,0,0,0
7281.68,906.807,3547.47,0,0,0
7290.09,907.508,3607.18,0,0,0
7298.5,908.208,3667.81,0,0,0
7306.91,908.909,3729.36,0,0,0
7315.32,909.61,3791.85,0,0,0
7323.72,910.31,3855.28,0,0,0
7332.13,911.011,3919.68,0,0,0
7340.54,911.712,3985.05,0,0,0
7348.95,912.412,4051.4,0,0,0
7357.36,913.113,4118.76,0,0,0
7365.77,913.814,4187.13,0,0,0
7374.17,914.515,4256.53,0,0,0
7382.58,915.215,4326.97,0,0,0
7390.99,915.916,4398.47,0,0,0
7399.4,916.617,4471.03,0,0,0
7407.81,917.317,4544.68,0,0,0
7416.22,918.018,4619.43,0,0,0
7424.62,918.719,4695.29,0,0,0
7433.03,919.419,4772.27,0,0,0
7441.44,920.12,4850.4,0,0,0
7449.85,920.821,4929.69,0,0,0
7458.26,921.522,5010.14,0,0,0
7466.67,922.222,5091.79,0,0,0
7475.08,922.923,5174.64,0,0,0
7483.48,923.624,5258.71,0,0,0
7491.89,924.324,5344.01,0,0,0
7500.3,925.025,5430.57,0,0,0
7508.71,925.726,5518.39,0,0,0
7517.12,926.426,5607.5,0,0,0
7525.53,927.127,5697.91,0,0,0
7533.93,927.828,5789.63,0,0,0
7542.34,928.529,5882.69,0,0,0
7550.75,929.229,5977.1,0,0,0
7559.16,929.93,6072.89,0,0,0
7567.57,930.631,6170.06,0,0,0
7575.98,931.331,6268.63,0,0,0
7584.38,932.032,6368.63,0,0,0
7592.79,932.733,6470.07,0,0,0
7601.2,933.433,6572.96,0,0,0
7609.61,934.134,6677.34,0,0,0
7618.02,934.835,6783.22,0,0,0
7626.43,935.536,6890.61,0,0,0
7634.83,936.236,6999.53,0,0,0
7643.24,936.937,7110.01,0,0,0
7651.65,937.638,7222.07,0,0,0
7660.06,938.338,7335.72,0,0,0
7668.47,939.039,7450.99,0,0,0
7676.88,939.74,7567.89,0,0,0
7685.29,940.44,7686.44,0,0,0
7693.69,941.141,7806.68,0,0,0
7702.1,941.842,7928.61,0,0,0
7710.51,942.543,8052.26,0,0,0
7718.92,943.243,8177.65,0,0,0
7727.33,943.944,8304.8,0,0,0
7735.74,944.645,8433.74,0,0,0
7744.14,945.345,8564.48,0,0,0
7752.55,946.046,8697.05,0,0,0
7760.96,946.747,8831.47,0,0,0
7769.37,947.447,8967.77,0,0,0
7777.78,948.148,9105.96,0,0,0
7786.19,948.849,9246.07,0,0,0
7794.59,949.55,9388.13,0,0,0
7803,950.25,9532.16,0,0,0
7811.41,950.951,9678.18,0,0,0
7819.82,951.652,9826.22,0,0,0
7828.23,952.352,9976.29,0,0,0
7836.64,953.053,10128.4,0,0,0
7845.05,953.754,10282.7,0,0,0
7853.45,954.454,10439,0,0,0
7861.86,955.155,10597.5,0,0,0
7870.27,955.856,10758.2,0,0,0
7878.68,956.557,10921,0,0,0
7887.09,957.257,11086.1,0,0,0
7895.5,957.958,11253.5,0,0,0
7903.9,958.659,11423.1,0,0,0
7912.31,959.359,11595,0,0,0
7920.72,960.06,11769.2,0,0,0
7929.13,960.761,11945.8,0,0,0
7937.54,961.461,12124.8,0,0,0
7945.95,962.162,12306.2,0,0,0
7954.35,962.863,12490,0,0,0
7962.76,963.564,12676.3,0,0,0
7971.17,964.264,12865.2,0,0,0
7979.58,964.965,13056.5,0,0,0
7987.99,965.666,13250.4,0,0,0
7996.4,966.366,13446.9,0,0,0
8004.8,967.067,13646.1,0,0,0
8013.21,967.768,13847.8,0,0,0
8021.62,968.468,14052.3,0,0,0
8030.03,969.169,14259.5,0,0,0
8038.44,969.87,14469.4,0,0,0
8046.85,970.571,14682.1,0,0,0
8055.26,971.271,14897.7,0,0,0
8063.66,971.972,15116,0,0,0
8072.07,972.673,15337.3,0,0,0
8080.48,973.373,15561.4,0,0,0
8088.89,974.074,15788.6,0,0,0
8097.3,974.775,16018.6,0,0,0
8105.71,975.475,16251.8,0,0,0
8114.11,976.176,16487.9,0,0,0
8122.52,976.877,16727.2,0,0,0
8130.93,977.578,16969.5,0,0,0
8139.34,978.278,17215,0,0,0
8147.75,978.979,17463.8,0,0,0
8156.16,979.68,17715.7,0,0,0
8164.56,980.38,17970.9,0,0,0
8172.97,981.081,18229.4,0,0,0
8181.38,981.782,18491.3,0,0,0
8189.79,982.482,18756.5,0,0,0
8198.2,983.183,19025.2,0,0,0
8206.61,983.884,19297.3,0,0,0
8215.02,984.585,19572.9,0,0,0
8223.42,985.285,19852,0,0,0
8231.83,985.986,20134.8,0,0,0
8240.24,986.687,20421.1,0,0,0
8248.65,987.387,20711.1,0,0,0
8257.06,988.088,21004.8,0,0,0
8265.47,988.789,21302.2,0,0,0
8273.87,989.489,21603.4,0,0,0
8282.28,990.19,21908.5,0,0,0
8290.69,990.891,22217.4,0,0,0
8299.1,991.592,22530.2,0,0,0
8307.51,992.292,22846.9,0,0,0
8315.92,992.993,23167.7,0,0,0
8324.32,993.694,23492.5,0,0,0
8332.73,994.394,23821.4,0,0,0
8341.14,995.095,24154.4,0,0,0
8349.55,995.796,24491.6,0,0,0
8357.96,996.496,24833,0,0,0
8366.37,997.197,25178.7,0,0,0
8374.77,997.898,25528.7,0,0,0
8383.18,998.599,25883.1,0,0,0
8391.59,999.299,26241.9,0,0,0
8400,1000,26605.1,0,0,0
