t,001_TEMPERATURE( 0.0000_ 0.0000_ 0.0000),002_THERMAL_CONDUCTIVITY_Z( 0.0000_ 0.0000_ 0.0000),003_SPECIFIC_HEAT_CAPACITY( 0.0000_ 0.0000_ 0.0000),004_SOLID_DENSITY( 0.0000_ 0.0000_ 0.0000),005_BULK_DENSITY( 0.0000_ 0.0000_ 0.0000),
         0.0000,       26.8500000,        0.2000000,     1550.0000000,     1600.0000000,     1430.0000000,
        10.0000,       36.8500000,        0.2023085,     1565.3225074,     1600.0000000,     1430.0000000,
        20.0000,       46.8500000,        0.2045691,     1580.3028206,     1600.0000000,     1430.0000000,
        30.0000,       56.8500000,        0.2067842,     1594.9589271,     1600.0000000,     1430.0000000,
        40.0000,       66.8500000,        0.2089562,     1609.3073577,     1600.0000000,     1430.0000000,
        50.0000,       76.8500000,        0.2110869,     1623.3633433,     1600.0000000,     1430.0000000,
        60.0000,       86.8500000,        0.2131785,     1637.1409511,     1600.0000000,     1430.0000000,
        70.0000,       96.8500000,        0.2152327,     1650.6532031,     1600.0000000,     1430.0000000,
        80.0000,      106.8500000,        0.2172510,     1663.9121796,     1600.0000000,     1430.0000000,
        90.0000,      116.8500000,        0.2192351,     1676.9291104,     1600.0000000,     1430.0000000,
       100.0000,      126.8500000,        0.2211865,     1689.7144542,     1600.0000000,     1430.0000000,
       110.0000,      136.8500000,        0.2231063,     1702.2779700,     1600.0000000,     1430.0000000,
       120.0000,      146.8500000,        0.2249960,     1714.6287792,     1600.0000000,     1430.0000000,
       130.0000,      156.8500000,        0.2268567,     1726.7754217,     1600.0000000,     1430.0000000,
       140.0000,      166.8500000,        0.2286894,     1738.7259052,     1600.0000000,     1430.0000000,
       150.0000,      176.8500000,        0.2304952,     1750.4877500,     1600.0000000,     1430.0000000,
       160.0000,      186.8500000,        0.2322752,     1762.0680284,     1600.0000000,     1430.0000000,
       170.0000,      196.8500000,        0.2340301,     1773.4734007,     1600.0000000,     1430.0000000,
       180.0000,      206.8500000,        0.2357610,     1784.7101475,     1600.0000000,     1430.0000000,
       190.0000,      216.8500000,        0.2374686,     1795.7841984,     1600.0000000,     1430.0000000,
       200.0000,      226.8500000,        0.2391537,     1806.7011586,     1600.0000000,     1430.0000000,
       210.0000,      236.8500000,        0.2408170,     1817.4663326,     1600.0000000,     1430.0000000,
       220.0000,      246.8500000,        0.2424592,     1828.0847462,     1600.0000000,     1430.0000000,
       230.0000,      256.8500000,        0.2440811,     1838.5611656,     1600.0000000,     1430.0000000,
       240.0000,      266.8500000,        0.2456832,     1848.9001160,     1600.0000000,     1430.0000000,
       250.0000,      276.8500000,        0.2472661,     1859.1058977,     1600.0000000,     1430.0000000,
       260.0000,      286.8500000,        0.2488304,     1869.1826012,     1600.0000000,     1430.0000000,
       270.0000,      296.8500000,        0.2503766,     1879.1341210,     1600.0000000,     1430.0000000,
       280.0000,      306.8500000,        0.2519053,     1888.9641680,     1600.0000000,     1430.0000000,
       290.0000,      316.8500000,        0.2534170,     1898.6762818,     1600.0000000,     1430.0000000,
       300.0000,      326.8500000,        0.2549121,     1908.2738407,     1600.0000000,     1430.0000000,
       310.0000,      336.8500000,        0.2563911,     1917.7600717,     1600.0000000,     1430.0000000,
       320.0000,      346.8500000,        0.2578545,     1927.1380601,     1600.0000000,     1430.0000000,
       330.0000,      356.8500000,        0.2593025,     1936.4107572,     1600.0000000,     1430.0000000,
       340.0000,      366.8500000,        0.2607357,     1945.5809890,     1600.0000000,     1430.0000000,
       350.0000,      376.8500000,        0.2621544,     1954.6514623,     1600.0000000,     1430.0000000,
       360.0000,      386.8500000,        0.2635591,     1963.6247726,     1600.0000000,     1430.0000000,
       370.0000,      396.8500000,        0.2649499,     1972.5034095,     1600.0000000,     1430.0000000,
       380.0000,      406.8500000,        0.2663273,     1981.2897628,     1600.0000000,     1430.0000000,
       390.0000,      416.8500000,        0.2676916,     1989.9861279,     1600.0000000,     1430.0000000,
       400.0000,      426.8500000,        0.2690431,     1998.5947109,     1600.0000000,     1430.0000000,
       410.0000,      436.8500000,        0.2703821,     2007.1176332,     1600.0000000,     1430.0000000,
       420.0000,      446.8500000,        0.2717089,     2015.5569358,     1600.0000000,     1430.0000000,
       430.0000,      456.8500000,        0.2730238,     2023.9145836,     1600.0000000,     1430.0000000,
       440.0000,      466.8500000,        0.2743271,     2032.1924693,     1600.0000000,     1430.0000000,
       450.0000,      476.8500000,        0.2756189,     2040.3924167,     1600.0000000,     1430.0000000,
       460.0000,      486.8500000,        0.2768996,     2048.5161843,     1600.0000000,     1430.0000000,
       470.0000,      496.8500000,        0.2781694,     2056.5654683,     1600.0000000,     1430.0000000,
       480.0000,      506.8500000,        0.2794285,     2064.5419058,     1600.0000000,     1430.0000000,
       490.0000,      516.8500000,        0.2806771,     2072.4470776,     1600.0000000,     1430.0000000,
       500.0000,      526.8500000,        0.2819156,     2080.2825105,     1600.0000000,     1430.0000000,
       510.0000,      536.8500000,        0.2831440,     2088.0496800,     1600.0000000,     1430.0000000,
       520.0000,      546.8500000,        0.2843626,     2095.7500127,     1600.0000000,     1430.0000000,
       530.0000,      556.8500000,        0.2855715,     2103.3848885,     1600.0000000,     1430.0000000,
       540.0000,      566.8500000,        0.2867711,     2110.9556425,     1600.0000000,     1430.0000000,
       550.0000,      576.8500000,        0.2879613,     2118.4635670,     1600.0000000,     1430.0000000,
       560.0000,      586.8500000,        0.2891426,     2125.9099135,     1600.0000000,     1430.0000000,
       570.0000,      596.8500000,        0.2903149,     2133.2958944,     1600.0000000,     1430.0000000,
       580.0000,      606.8500000,        0.2914785,     2140.6226845,     1600.0000000,     1430.0000000,
       590.0000,      616.8500000,        0.2926335,     2147.8914229,     1600.0000000,     1430.0000000,
       600.0000,      626.8500000,        0.2937801,     2155.1032140,     1600.0000000,     1430.0000000,
       610.0000,      636.8500000,        0.2949185,     2162.2591294,     1600.0000000,     1430.0000000,
       620.0000,      646.8500000,        0.2960488,     2169.3602091,     1600.0000000,     1430.0000000,
       630.0000,      656.8500000,        0.2971711,     2176.4074623,     1600.0000000,     1430.0000000,
       640.0000,      666.8500000,        0.2982856,     2183.4018695,     1600.0000000,     1430.0000000,
       650.0000,      676.8500000,        0.2993924,     2190.3443829,     1600.0000000,     1430.0000000,
       660.0000,      686.8500000,        0.3004917,     2197.2359276,     1600.0000000,     1430.0000000,
       670.0000,      696.8500000,        0.3015836,     2204.0774030,     1600.0000000,     1430.0000000,
       680.0000,      706.8500000,        0.3026681,     2210.8696834,     1600.0000000,     1430.0000000,
       690.0000,      716.8500000,        0.3037455,     2217.6136193,     1600.0000000,     1430.0000000,
       700.0000,      726.8500000,        0.3048159,     2224.3100380,     1600.0000000,     1430.0000000,
       710.0000,      736.8500000,        0.3058793,     2230.9597443,     1600.0000000,     1430.0000000,
       720.0000,      746.8500000,        0.3069358,     2237.5635219,     1600.0000000,     1430.0000000,
       730.0000,      756.8500000,        0.3079857,     2244.1221336,     1600.0000000,     1430.0000000,
       740.0000,      766.8500000,        0.3090290,     2250.6363224,     1600.0000000,     1430.0000000,
       750.0000,      776.8500000,        0.3100658,     2257.1068120,     1600.0000000,     1430.0000000,
       760.0000,      786.8500000,        0.3110961,     2263.5343076,     1600.0000000,     1430.0000000,
       770.0000,      796.8500000,        0.3121202,     2269.9194965,     1600.0000000,     1430.0000000,
       780.0000,      806.8500000,        0.3131381,     2276.2630487,     1600.0000000,     1430.0000000,
       790.0000,      816.8500000,        0.3141498,     2282.5656174,     1600.0000000,     1430.0000000,
       800.0000,      826.8500000,        0.3151556,     2288.8278398,     1600.0000000,     1430.0000000,
       810.0000,      836.8500000,        0.3161554,     2295.0503375,     1600.0000000,     1430.0000000,
       820.0000,      846.8500000,        0.3171494,     2301.2337170,     1600.0000000,     1430.0000000,
       830.0000,      856.8500000,        0.3181376,     2307.3785702,     1600.0000000,     1430.0000000,
       840.0000,      866.8500000,        0.3191202,     2313.4854749,     1600.0000000,     1430.0000000,
       850.0000,      876.8500000,        0.3200971,     2319.5549954,     1600.0000000,     1430.0000000,
       860.0000,      886.8500000,        0.3210686,     2325.5876825,     1600.0000000,     1430.0000000,
       870.0000,      896.8500000,        0.3220347,     2331.5840745,     1600.0000000,     1430.0000000,
       880.0000,      906.8500000,        0.3229953,     2337.5446971,     1600.0000000,     1430.0000000,
       890.0000,      916.8500000,        0.3239508,     2343.4700643,     1600.0000000,     1430.0000000,
       900.0000,      926.8500000,        0.3249010,     2349.3606781,     1600.0000000,     1430.0000000,
       910.0000,      936.8500000,        0.3258460,     2355.2170295,     1600.0000000,     1430.0000000,
       920.0000,      946.8500000,        0.3267860,     2361.0395984,     1600.0000000,     1430.0000000,
       930.0000,      956.8500000,        0.3277211,     2366.8288544,     1600.0000000,     1430.0000000,
       940.0000,      966.8500000,        0.3286511,     2372.5852564,     1600.0000000,     1430.0000000,
       950.0000,      976.8500000,        0.3295764,     2378.3092537,     1600.0000000,     1430.0000000,
       960.0000,      986.8500000,        0.3304968,     2384.0012857,     1600.0000000,     1430.0000000,
       970.0000,      996.8500000,        0.3314125,     2389.6617826,     1600.0000000,     1430.0000000,
       980.0000,     1006.8500000,        0.3323235,     2395.2911653,     1600.0000000,     1430.0000000,
       990.0000,     1016.8500000,        0.3332299,     2400.8898459,     1600.0000000,     1430.0000000,
      1000.0000,     1026.8500000,        0.3341317,     2406.4582279,     1600.0000000,     1430.0000000,
      1010.0000,     1036.8500000,        0.3350291,     2411.9967065,     1600.0000000,     1430.0000000,
      1020.0000,     1046.8500000,        0.3359220,     2417.5056687,     1600.0000000,     1430.0000000,
      1030.0000,     1056.8500000,        0.3368105,     2422.9854937,     1600.0000000,     1430.0000000,
      1040.0000,     1066.8500000,        0.3376947,     2428.4365529,     1600.0000000,     1430.0000000,
      1050.0000,     1076.8500000,        0.3385746,     2433.8592103,     1600.0000000,     1430.0000000,
      1060.0000,     1086.8500000,        0.3394503,     2439.2538227,     1600.0000000,     1430.0000000,
      1070.0000,     1096.8500000,        0.3403218,     2444.6207396,     1600.0000000,     1430.0000000,
      1080.0000,     1106.8500000,        0.3411892,     2449.9603040,     1600.0000000,     1430.0000000,
      1090.0000,     1116.8500000,        0.3420525,     2455.2728519,     1600.0000000,     1430.0000000,
      1100.0000,     1126.8500000,        0.3429118,     2460.5587129,     1600.0000000,     1430.0000000,
      1110.0000,     1136.8500000,        0.3437670,     2465.8182102,     1600.0000000,     1430.0000000,
      1120.0000,     1146.8500000,        0.3446184,     2471.0516610,     1600.0000000,     1430.0000000,
      1130.0000,     1156.8500000,        0.3454659,     2476.2593763,     1600.0000000,     1430.0000000,
      1140.0000,     1166.8500000,        0.3463095,     2481.4416613,     1600.0000000,     1430.0000000,
      1150.0000,     1176.8500000,        0.3471494,     2486.5988154,     1600.0000000,     1430.0000000,
      1160.0000,     1186.8500000,        0.3479854,     2491.7311327,     1600.0000000,     1430.0000000,
      1170.0000,     1196.8500000,        0.3488178,     2496.8389017,     1600.0000000,     1430.0000000,
      1180.0000,     1206.8500000,        0.3496465,     2501.9224055,     1600.0000000,     1430.0000000,
      1190.0000,     1216.8500000,        0.3504715,     2506.9819222,     1600.0000000,     1430.0000000,
      1200.0000,     1226.8500000,        0.3512930,     2512.0177249,     1600.0000000,     1430.0000000,
      1210.0000,     1236.8500000,        0.3521109,     2517.0300817,     1600.0000000,     1430.0000000,
      1220.0000,     1246.8500000,        0.3529253,     2522.0192559,     1600.0000000,     1430.0000000,
      1230.0000,     1256.8500000,        0.3537362,     2526.9855063,     1600.0000000,     1430.0000000,
      1240.0000,     1266.8500000,        0.3545437,     2531.9290870,     1600.0000000,     1430.0000000,
      1250.0000,     1276.8500000,        0.3553478,     2536.8502476,     1600.0000000,     1430.0000000,
      1260.0000,     1286.8500000,        0.3561485,     2541.7492335,     1600.0000000,     1430.0000000,
      1270.0000,     1296.8500000,        0.3569459,     2546.6262858,     1600.0000000,     1430.0000000,
      1280.0000,     1306.8500000,        0.3577400,     2551.4816416,     1600.0000000,     1430.0000000,
      1290.0000,     1316.8500000,        0.3585309,     2556.3155336,     1600.0000000,     1430.0000000,
      1300.0000,     1326.8500000,        0.3593185,     2561.1281910,     1600.0000000,     1430.0000000,
      1310.0000,     1336.8500000,        0.3601029,     2565.9198387,     1600.0000000,     1430.0000000,
      1320.0000,     1346.8500000,        0.3608842,     2570.6906983,     1600.0000000,     1430.0000000,
      1330.0000,     1356.8500000,        0.3616623,     2575.4409873,     1600.0000000,     1430.0000000,
      1340.0000,     1366.8500000,        0.3624373,     2580.1709199,     1600.0000000,     1430.0000000,
      1350.0000,     1376.8500000,        0.3632093,     2584.8807067,     1600.0000000,     1430.0000000,
      1360.0000,     1386.8500000,        0.3639782,     2589.5705546,     1600.0000000,     1430.0000000,
      1370.0000,     1396.8500000,        0.3647441,     2594.2406676,     1600.0000000,     1430.0000000,
      1380.0000,     1406.8500000,        0.3655071,     2598.8912461,     1600.0000000,     1430.0000000,
      1390.0000,     1416.8500000,        0.3662671,     2603.5224873,     1600.0000000,     1430.0000000,
      1400.0000,     1426.8500000,        0.3670242,     2608.1345854,     1600.0000000,     1430.0000000,
      1410.0000,     1436.8500000,        0.3677784,     2612.7277313,     1600.0000000,     1430.0000000,
      1420.0000,     1446.8500000,        0.3685297,     2617.3021133,     1600.0000000,     1430.0000000,
      1430.0000,     1456.8500000,        0.3692782,     2621.8579162,     1600.0000000,     1430.0000000,
      1440.0000,     1466.8500000,        0.3700239,     2626.3953224,     1600.0000000,     1430.0000000,
      1450.0000,     1476.8500000,        0.3707668,     2630.9145111,     1600.0000000,     1430.0000000,
      1460.0000,     1486.8500000,        0.3715070,     2635.4156591,     1600.0000000,     1430.0000000,
      1470.0000,     1496.8500000,        0.3722444,     2639.8989402,     1600.0000000,     1430.0000000,
      1480.0000,     1506.8500000,        0.3729792,     2644.3645257,     1600.0000000,     1430.0000000,
      1490.0000,     1516.8500000,        0.3737112,     2648.8125843,     1600.0000000,     1430.0000000,
      1500.0000,     1526.8500000,        0.3744406,     2653.2432821,     1600.0000000,     1430.0000000,
