s,C,C,C,C
Time,"Tz0mm","Tz100mm","Tz50mm","Tz75mm"
 0.0000000E+000, 2.5000000E+001, 2.5000000E+001, 2.5000000E+001, 2.5000000E+001
 1.0000000E+001, 2.5000000E+001, 2.5000000E+001, 2.5000000E+001, 2.5000000E+001
 2.0000000E+001, 3.1047661E+001, 2.5000000E+001, 2.5000000E+001, 2.5000000E+001
 3.0000000E+001, 3.4617533E+001, 2.5000000E+001, 2.5000000E+001, 2.5000000E+001
 4.0000000E+001, 3.6740281E+001, 2.5000000E+001, 2.5000000E+001, 2.5000000E+001
 5.0000000E+001, 3.8394860E+001, 2.5000000E+001, 2.5000000E+001, 2.5000000E+001
 6.0000000E+001, 3.9743501E+001, 2.5000000E+001, 2.5000000E+001, 2.5000000E+001
 7.0000000E+001, 4.0892528E+001, 2.5000000E+001, 2.5000000E+001, 2.5000000E+001
 8.0000000E+001, 4.1894771E+001, 2.5000000E+001, 2.5000000E+001, 2.5000000E+001
 9.0000000E+001, 4.2785029E+001, 2.5000000E+001, 2.5000000E+001, 2.5000000E+001
 1.0000000E+002, 4.3586293E+001, 2.5000000E+001, 2.5000000E+001, 2.5000000E+001
 1.1000000E+002, 4.4314996E+001, 2.5000000E+001, 2.5000000E+001, 2.5000000E+001
 1.2000000E+002, 4.4983242E+001, 2.5000000E+001, 2.5000000E+001, 2.5000000E+001
 1.3000000E+002, 4.5600260E+001, 2.5000000E+001, 2.5000000E+001, 2.5000000E+001
 1.4000000E+002, 4.6173259E+001, 2.5000000E+001, 2.5000000E+001, 2.5000000E+001
 1.5000000E+002, 4.6707992E+001, 2.5000000E+001, 2.5000000E+001, 2.5000000E+001
 1.6000000E+002, 4.7209126E+001, 2.5000000E+001, 2.5000000E+001, 2.5000000E+001
 1.7000000E+002, 4.7680509E+001, 2.5000000E+001, 2.5000000E+001, 2.5000000E+001
 1.8000000E+002, 4.8125351E+001, 2.5000000E+001, 2.5000000E+001, 2.5000000E+001
 1.9000000E+002, 4.8546362E+001, 2.5000000E+001, 2.5000000E+001, 2.5000000E+001
 2.0000000E+002, 4.8945850E+001, 2.5000000E+001, 2.5000000E+001, 2.5000000E+001
 2.1000000E+002, 4.9325801E+001, 2.5000000E+001, 2.5000000E+001, 2.5000000E+001
 2.2000000E+002, 4.9687935E+001, 2.5000000E+001, 2.5000000E+001, 2.5000000E+001
 2.3000000E+002, 5.0033752E+001, 2.5000000E+001, 2.5000001E+001, 2.5000000E+001
 2.4000000E+002, 5.0364570E+001, 2.5000000E+001, 2.5000001E+001, 2.5000000E+001
 2.5000000E+002, 5.0681553E+001, 2.5000000E+001, 2.5000002E+001, 2.5000000E+001
 2.6000000E+002, 5.0985733E+001, 2.5000000E+001, 2.5000003E+001, 2.5000000E+001
 2.7000000E+002, 5.1278031E+001, 2.5000000E+001, 2.5000005E+001, 2.5000000E+001
 2.8000000E+002, 5.1559274E+001, 2.5000000E+001, 2.5000008E+001, 2.5000000E+001
 2.9000000E+002, 5.1830202E+001, 2.5000000E+001, 2.5000012E+001, 2.5000000E+001
 3.0000000E+002, 5.2091487E+001, 2.5000000E+001, 2.5000018E+001, 2.5000000E+001
 3.1000000E+002, 5.2343736E+001, 2.5000000E+001, 2.5000026E+001, 2.5000000E+001
 3.2000000E+002, 5.2587500E+001, 2.5000000E+001, 2.5000038E+001, 2.5000000E+001
 3.3000000E+002, 5.2823283E+001, 2.5000000E+001, 2.5000054E+001, 2.5000000E+001
 3.4000000E+002, 5.3051545E+001, 2.5000000E+001, 2.5000075E+001, 2.5000000E+001
 3.5000000E+002, 5.3272708E+001, 2.5000000E+001, 2.5000103E+001, 2.5000000E+001
 3.6000000E+002, 5.3487159E+001, 2.5000000E+001, 2.5000139E+001, 2.5000000E+001
 3.7000000E+002, 5.3695257E+001, 2.5000000E+001, 2.5000185E+001, 2.5000000E+001
 3.8000000E+002, 5.3897330E+001, 2.5000000E+001, 2.5000243E+001, 2.5000000E+001
 3.9000000E+002, 5.4093684E+001, 2.5000000E+001, 2.5000315E+001, 2.5000000E+001
 4.0000000E+002, 5.4284601E+001, 2.5000000E+001, 2.5000404E+001, 2.5000000E+001
 4.1000000E+002, 5.4470345E+001, 2.5000000E+001, 2.5000512E+001, 2.5000000E+001
 4.2000000E+002, 5.4651159E+001, 2.5000000E+001, 2.5000642E+001, 2.5000000E+001
 4.3000000E+002, 5.4827272E+001, 2.5000000E+001, 2.5000797E+001, 2.5000000E+001
 4.4000000E+002, 5.4998896E+001, 2.5000000E+001, 2.5000982E+001, 2.5000000E+001
 4.5000000E+002, 5.5166230E+001, 2.5000000E+001, 2.5001198E+001, 2.5000000E+001
 4.6000000E+002, 5.5329461E+001, 2.5000000E+001, 2.5001451E+001, 2.5000000E+001
 4.7000000E+002, 5.5488762E+001, 2.5000000E+001, 2.5001743E+001, 2.5000000E+001
 4.8000000E+002, 5.5644298E+001, 2.5000000E+001, 2.5002080E+001, 2.5000000E+001
 4.9000000E+002, 5.5796224E+001, 2.5000000E+001, 2.5002466E+001, 2.5000000E+001
 5.0000000E+002, 5.5944683E+001, 2.5000000E+001, 2.5002904E+001, 2.5000000E+001
 5.1000000E+002, 5.6089812E+001, 2.5000000E+001, 2.5003400E+001, 2.5000001E+001
 5.2000000E+002, 5.6231742E+001, 2.5000000E+001, 2.5003958E+001, 2.5000001E+001
 5.3000000E+002, 5.6370592E+001, 2.5000000E+001, 2.5004584E+001, 2.5000001E+001
 5.4000000E+002, 5.6506480E+001, 2.5000000E+001, 2.5005281E+001, 2.5000001E+001
 5.5000000E+002, 5.6639513E+001, 2.5000000E+001, 2.5006056E+001, 2.5000002E+001
 5.6000000E+002, 5.6769795E+001, 2.5000000E+001, 2.5006912E+001, 2.5000002E+001
 5.7000000E+002, 5.6897424E+001, 2.5000000E+001, 2.5007855E+001, 2.5000003E+001
 5.8000000E+002, 5.7022492E+001, 2.5000000E+001, 2.5008891E+001, 2.5000004E+001
 5.9000000E+002, 5.7145089E+001, 2.5000000E+001, 2.5010023E+001, 2.5000005E+001
 6.0000000E+002, 5.7265297E+001, 2.5000000E+001, 2.5011257E+001, 2.5000006E+001
 6.1000000E+002, 5.7383198E+001, 2.5000000E+001, 2.5012599E+001, 2.5000008E+001
 6.2000000E+002, 5.7498866E+001, 2.5000000E+001, 2.5014052E+001, 2.5000010E+001
 6.3000000E+002, 5.7612375E+001, 2.5000000E+001, 2.5015623E+001, 2.5000012E+001
 6.4000000E+002, 5.7723793E+001, 2.5000000E+001, 2.5017315E+001, 2.5000015E+001
 6.5000000E+002, 5.7833186E+001, 2.5000000E+001, 2.5019133E+001, 2.5000018E+001
 6.6000000E+002, 5.7940618E+001, 2.5000000E+001, 2.5021083E+001, 2.5000022E+001
 6.7000000E+002, 5.8046148E+001, 2.5000000E+001, 2.5023169E+001, 2.5000026E+001
 6.8000000E+002, 5.8149835E+001, 2.5000000E+001, 2.5025394E+001, 2.5000031E+001
 6.9000000E+002, 5.8251732E+001, 2.5000000E+001, 2.5027765E+001, 2.5000037E+001
 7.0000000E+002, 5.8351894E+001, 2.5000000E+001, 2.5030284E+001, 2.5000044E+001
 7.1000000E+002, 5.8450370E+001, 2.5000000E+001, 2.5032956E+001, 2.5000053E+001
 7.2000000E+002, 5.8547208E+001, 2.5000000E+001, 2.5035785E+001, 2.5000062E+001
 7.3000000E+002, 5.8642457E+001, 2.5000000E+001, 2.5038775E+001, 2.5000072E+001
 7.4000000E+002, 5.8736158E+001, 2.5000000E+001, 2.5041930E+001, 2.5000085E+001
 7.5000000E+002, 5.8828357E+001, 2.5000000E+001, 2.5045252E+001, 2.5000098E+001
 7.6000000E+002, 5.8919093E+001, 2.5000000E+001, 2.5048747E+001, 2.5000114E+001
 7.7000000E+002, 5.9008406E+001, 2.5000000E+001, 2.5052416E+001, 2.5000132E+001
 7.8000000E+002, 5.9096335E+001, 2.5000000E+001, 2.5056264E+001, 2.5000152E+001
 7.9000000E+002, 5.9182915E+001, 2.5000000E+001, 2.5060292E+001, 2.5000174E+001
 8.0000000E+002, 5.9268183E+001, 2.5000000E+001, 2.5064505E+001, 2.5000199E+001
 8.1000000E+002, 5.9352171E+001, 2.5000000E+001, 2.5068904E+001, 2.5000226E+001
 8.2000000E+002, 5.9434912E+001, 2.5000000E+001, 2.5073493E+001, 2.5000257E+001
 8.3000000E+002, 5.9516438E+001, 2.5000000E+001, 2.5078274E+001, 2.5000292E+001
 8.4000000E+002, 5.9596780E+001, 2.5000000E+001, 2.5083249E+001, 2.5000329E+001
 8.5000000E+002, 5.9675965E+001, 2.5000000E+001, 2.5088420E+001, 2.5000371E+001
 8.6000000E+002, 5.9754024E+001, 2.5000001E+001, 2.5093789E+001, 2.5000417E+001
 8.7000000E+002, 5.9830982E+001, 2.5000001E+001, 2.5099358E+001, 2.5000468E+001
 8.8000000E+002, 5.9906867E+001, 2.5000001E+001, 2.5105130E+001, 2.5000523E+001
 8.9000000E+002, 5.9981703E+001, 2.5000001E+001, 2.5111105E+001, 2.5000583E+001
 9.0000000E+002, 6.0055515E+001, 2.5000001E+001, 2.5117285E+001, 2.5000649E+001
 9.1000000E+002, 6.0128327E+001, 2.5000001E+001, 2.5123671E+001, 2.5000721E+001
 9.2000000E+002, 6.0200162E+001, 2.5000002E+001, 2.5130265E+001, 2.5000799E+001
 9.3000000E+002, 6.0271042E+001, 2.5000002E+001, 2.5137067E+001, 2.5000883E+001
 9.4000000E+002, 6.0340988E+001, 2.5000002E+001, 2.5144079E+001, 2.5000975E+001
 9.5000000E+002, 6.0410022E+001, 2.5000003E+001, 2.5151301E+001, 2.5001074E+001
 9.6000000E+002, 6.0478163E+001, 2.5000003E+001, 2.5158735E+001, 2.5001181E+001
 9.7000000E+002, 6.0545432E+001, 2.5000004E+001, 2.5166380E+001, 2.5001296E+001
 9.8000000E+002, 6.0611846E+001, 2.5000004E+001, 2.5174238E+001, 2.5001419E+001
 9.9000000E+002, 6.0677425E+001, 2.5000005E+001, 2.5182308E+001, 2.5001552E+001
 1.0000000E+003, 6.0742186E+001, 2.5000006E+001, 2.5190591E+001, 2.5001694E+001
 1.0100000E+003, 6.0806146E+001, 2.5000007E+001, 2.5199088E+001, 2.5001846E+001
 1.0200000E+003, 6.0869322E+001, 2.5000008E+001, 2.5207797E+001, 2.5002009E+001
 1.0300000E+003, 6.0931731E+001, 2.5000009E+001, 2.5216720E+001, 2.5002182E+001
 1.0400000E+003, 6.0993387E+001, 2.5000010E+001, 2.5225856E+001, 2.5002367E+001
 1.0500000E+003, 6.1054307E+001, 2.5000012E+001, 2.5235205E+001, 2.5002564E+001
 1.0600000E+003, 6.1114505E+001, 2.5000013E+001, 2.5244767E+001, 2.5002774E+001
 1.0700000E+003, 6.1173996E+001, 2.5000015E+001, 2.5254541E+001, 2.5002996E+001
 1.0800000E+003, 6.1232794E+001, 2.5000017E+001, 2.5264527E+001, 2.5003231E+001
 1.0900000E+003, 6.1290911E+001, 2.5000019E+001, 2.5274724E+001, 2.5003481E+001
 1.1000000E+003, 6.1348363E+001, 2.5000022E+001, 2.5285133E+001, 2.5003745E+001
 1.1100000E+003, 6.1405161E+001, 2.5000024E+001, 2.5295751E+001, 2.5004024E+001
 1.1200000E+003, 6.1461318E+001, 2.5000028E+001, 2.5306579E+001, 2.5004319E+001
 1.1300000E+003, 6.1516846E+001, 2.5000031E+001, 2.5317615E+001, 2.5004630E+001
 1.1400000E+003, 6.1571757E+001, 2.5000035E+001, 2.5328860E+001, 2.5004957E+001
 1.1500000E+003, 6.1626062E+001, 2.5000039E+001, 2.5340311E+001, 2.5005302E+001
 1.1600000E+003, 6.1679774E+001, 2.5000043E+001, 2.5351968E+001, 2.5005664E+001
 1.1700000E+003, 6.1732903E+001, 2.5000048E+001, 2.5363830E+001, 2.5006045E+001
 1.1800000E+003, 6.1785458E+001, 2.5000054E+001, 2.5375896E+001, 2.5006444E+001
 1.1900000E+003, 6.1837452E+001, 2.5000060E+001, 2.5388165E+001, 2.5006863E+001
 1.2000000E+003, 6.1888894E+001, 2.5000066E+001, 2.5400635E+001, 2.5007302E+001
 1.2100000E+003, 6.1939794E+001, 2.5000073E+001, 2.5413306E+001, 2.5007762E+001
 1.2200000E+003, 6.1990161E+001, 2.5000081E+001, 2.5426175E+001, 2.5008242E+001
 1.2300000E+003, 6.2040005E+001, 2.5000090E+001, 2.5439243E+001, 2.5008744E+001
 1.2400000E+003, 6.2089335E+001, 2.5000099E+001, 2.5452507E+001, 2.5009269E+001
 1.2500000E+003, 6.2138160E+001, 2.5000109E+001, 2.5465966E+001, 2.5009816E+001
 1.2600000E+003, 6.2186489E+001, 2.5000119E+001, 2.5479619E+001, 2.5010387E+001
 1.2700000E+003, 6.2234329E+001, 2.5000131E+001, 2.5493464E+001, 2.5010981E+001
 1.2800000E+003, 6.2281691E+001, 2.5000144E+001, 2.5507500E+001, 2.5011600E+001
 1.2900000E+003, 6.2328580E+001, 2.5000157E+001, 2.5521725E+001, 2.5012244E+001
 1.3000000E+003, 6.2375006E+001, 2.5000172E+001, 2.5536138E+001, 2.5012913E+001
 1.3100000E+003, 6.2420976E+001, 2.5000188E+001, 2.5550737E+001, 2.5013609E+001
 1.3200000E+003, 6.2466498E+001, 2.5000204E+001, 2.5565521E+001, 2.5014331E+001
 1.3300000E+003, 6.2511579E+001, 2.5000223E+001, 2.5580488E+001, 2.5015081E+001
 1.3400000E+003, 6.2556225E+001, 2.5000242E+001, 2.5595636E+001, 2.5015858E+001
 1.3500000E+003, 6.2600445E+001, 2.5000263E+001, 2.5610964E+001, 2.5016664E+001
 1.3600000E+003, 6.2644245E+001, 2.5000285E+001, 2.5626471E+001, 2.5017499E+001
 1.3700000E+003, 6.2687632E+001, 2.5000309E+001, 2.5642153E+001, 2.5018363E+001
 1.3800000E+003, 6.2730612E+001, 2.5000335E+001, 2.5658011E+001, 2.5019257E+001
 1.3900000E+003, 6.2773192E+001, 2.5000362E+001, 2.5674042E+001, 2.5020181E+001
 1.4000000E+003, 6.2815377E+001, 2.5000391E+001, 2.5690244E+001, 2.5021136E+001
 1.4100000E+003, 6.2857175E+001, 2.5000422E+001, 2.5706616E+001, 2.5022123E+001
 1.4200000E+003, 6.2898590E+001, 2.5000455E+001, 2.5723157E+001, 2.5023142E+001
 1.4300000E+003, 6.2939630E+001, 2.5000490E+001, 2.5739863E+001, 2.5024193E+001
 1.4400000E+003, 6.2980299E+001, 2.5000527E+001, 2.5756734E+001, 2.5025278E+001
 1.4500000E+003, 6.3020603E+001, 2.5000567E+001, 2.5773768E+001, 2.5026396E+001
 1.4600000E+003, 6.3060549E+001, 2.5000609E+001, 2.5790962E+001, 2.5027548E+001
 1.4700000E+003, 6.3100140E+001, 2.5000653E+001, 2.5808316E+001, 2.5028734E+001
 1.4800000E+003, 6.3139382E+001, 2.5000700E+001, 2.5825828E+001, 2.5029955E+001
 1.4900000E+003, 6.3178282E+001, 2.5000750E+001, 2.5843495E+001, 2.5031212E+001
 1.5000000E+003, 6.3216842E+001, 2.5000802E+001, 2.5861317E+001, 2.5032505E+001
 1.5100000E+003, 6.3255070E+001, 2.5000858E+001, 2.5879290E+001, 2.5033834E+001
 1.5200000E+003, 6.3292968E+001, 2.5000916E+001, 2.5897415E+001, 2.5035200E+001
 1.5300000E+003, 6.3330543E+001, 2.5000978E+001, 2.5915687E+001, 2.5036603E+001
 1.5400000E+003, 6.3367798E+001, 2.5001043E+001, 2.5934107E+001, 2.5038044E+001
 1.5500000E+003, 6.3404739E+001, 2.5001112E+001, 2.5952672E+001, 2.5039523E+001
 1.5600000E+003, 6.3441369E+001, 2.5001184E+001, 2.5971381E+001, 2.5041040E+001
 1.5700000E+003, 6.3477693E+001, 2.5001260E+001, 2.5990231E+001, 2.5042596E+001
 1.5800000E+003, 6.3513716E+001, 2.5001339E+001, 2.6009221E+001, 2.5044192E+001
 1.5900000E+003, 6.3549441E+001, 2.5001423E+001, 2.6028350E+001, 2.5045828E+001
 1.6000000E+003, 6.3584873E+001, 2.5001510E+001, 2.6047615E+001, 2.5047503E+001
 1.6100000E+003, 6.3620016E+001, 2.5001602E+001, 2.6067014E+001, 2.5049220E+001
 1.6200000E+003, 6.3654873E+001, 2.5001699E+001, 2.6086547E+001, 2.5050977E+001
 1.6300000E+003, 6.3689449E+001, 2.5001800E+001, 2.6106211E+001, 2.5052775E+001
 1.6400000E+003, 6.3723748E+001, 2.5001906E+001, 2.6126005E+001, 2.5054616E+001
 1.6500000E+003, 6.3757772E+001, 2.5002016E+001, 2.6145926E+001, 2.5056498E+001
 1.6600000E+003, 6.3791526E+001, 2.5002132E+001, 2.6165974E+001, 2.5058422E+001
 1.6700000E+003, 6.3825014E+001, 2.5002253E+001, 2.6186146E+001, 2.5060390E+001
 1.6800000E+003, 6.3858238E+001, 2.5002379E+001, 2.6206441E+001, 2.5062400E+001
 1.6900000E+003, 6.3891203E+001, 2.5002511E+001, 2.6226857E+001, 2.5064454E+001
 1.7000000E+003, 6.3923911E+001, 2.5002648E+001, 2.6247393E+001, 2.5066551E+001
 1.7100000E+003, 6.3956367E+001, 2.5002791E+001, 2.6268046E+001, 2.5068693E+001
 1.7200000E+003, 6.3988573E+001, 2.5002940E+001, 2.6288816E+001, 2.5070879E+001
 1.7300000E+003, 6.4020532E+001, 2.5003096E+001, 2.6309700E+001, 2.5073109E+001
 1.7400000E+003, 6.4052248E+001, 2.5003258E+001, 2.6330697E+001, 2.5075384E+001
 1.7500000E+003, 6.4083724E+001, 2.5003426E+001, 2.6351805E+001, 2.5077705E+001
 1.7600000E+003, 6.4114963E+001, 2.5003601E+001, 2.6373024E+001, 2.5080071E+001
 1.7700000E+003, 6.4145968E+001, 2.5003784E+001, 2.6394350E+001, 2.5082482E+001
 1.7800000E+003, 6.4176741E+001, 2.5003973E+001, 2.6415783E+001, 2.5084940E+001
 1.7900000E+003, 6.4207287E+001, 2.5004169E+001, 2.6437320E+001, 2.5087444E+001
 1.8000000E+003, 6.4237606E+001, 2.5004373E+001, 2.6458962E+001, 2.5089994E+001
 1.8100000E+003, 6.4267703E+001, 2.5004585E+001, 2.6480705E+001, 2.5092591E+001
 1.8200000E+003, 6.4297580E+001, 2.5004805E+001, 2.6502548E+001, 2.5095235E+001
 1.8300000E+003, 6.4327240E+001, 2.5005032E+001, 2.6524490E+001, 2.5097926E+001
 1.8400000E+003, 6.4356685E+001, 2.5005268E+001, 2.6546530E+001, 2.5100665E+001
 1.8500000E+003, 6.4385918E+001, 2.5005512E+001, 2.6568665E+001, 2.5103451E+001
 1.8600000E+003, 6.4414942E+001, 2.5005765E+001, 2.6590894E+001, 2.5106285E+001
 1.8700000E+003, 6.4443758E+001, 2.5006027E+001, 2.6613217E+001, 2.5109167E+001
 1.8800000E+003, 6.4472370E+001, 2.5006298E+001, 2.6635631E+001, 2.5112097E+001
 1.8900000E+003, 6.4500780E+001, 2.5006578E+001, 2.6658134E+001, 2.5115075E+001
 1.9000000E+003, 6.4528991E+001, 2.5006867E+001, 2.6680727E+001, 2.5118102E+001
 1.9100000E+003, 6.4557004E+001, 2.5007167E+001, 2.6703406E+001, 2.5121178E+001
 1.9200000E+003, 6.4584821E+001, 2.5007476E+001, 2.6726171E+001, 2.5124302E+001
 1.9300000E+003, 6.4612447E+001, 2.5007795E+001, 2.6749020E+001, 2.5127476E+001
 1.9400000E+003, 6.4639881E+001, 2.5008124E+001, 2.6771952E+001, 2.5130698E+001
 1.9500000E+003, 6.4667127E+001, 2.5008464E+001, 2.6794966E+001, 2.5133970E+001
 1.9600000E+003, 6.4694188E+001, 2.5008815E+001, 2.6818060E+001, 2.5137291E+001
 1.9700000E+003, 6.4721064E+001, 2.5009176E+001, 2.6841232E+001, 2.5140662E+001
 1.9800000E+003, 6.4747758E+001, 2.5009549E+001, 2.6864482E+001, 2.5144082E+001
 1.9900000E+003, 6.4774272E+001, 2.5009933E+001, 2.6887808E+001, 2.5147552E+001
 2.0000000E+003, 6.4800608E+001, 2.5010329E+001, 2.6911209E+001, 2.5151072E+001
 2.0100000E+003, 6.4826768E+001, 2.5010736E+001, 2.6934684E+001, 2.5154642E+001
 2.0200000E+003, 6.4852755E+001, 2.5011156E+001, 2.6958230E+001, 2.5158263E+001
 2.0300000E+003, 6.4878569E+001, 2.5011587E+001, 2.6981848E+001, 2.5161933E+001
 2.0400000E+003, 6.4904214E+001, 2.5012031E+001, 2.7005535E+001, 2.5165653E+001
 2.0500000E+003, 6.4929690E+001, 2.5012488E+001, 2.7029291E+001, 2.5169424E+001
 2.0600000E+003, 6.4955000E+001, 2.5012958E+001, 2.7053114E+001, 2.5173245E+001
 2.0700000E+003, 6.4980145E+001, 2.5013440E+001, 2.7077003E+001, 2.5177117E+001
 2.0800000E+003, 6.5005128E+001, 2.5013936E+001, 2.7100957E+001, 2.5181039E+001
 2.0900000E+003, 6.5029949E+001, 2.5014446E+001, 2.7124975E+001, 2.5185012E+001
 2.1000000E+003, 6.5054611E+001, 2.5014969E+001, 2.7149055E+001, 2.5189035E+001
 2.1100000E+003, 6.5079116E+001, 2.5015506E+001, 2.7173196E+001, 2.5193109E+001
 2.1200000E+003, 6.5103465E+001, 2.5016057E+001, 2.7197397E+001, 2.5197233E+001
 2.1300000E+003, 6.5127659E+001, 2.5016623E+001, 2.7221657E+001, 2.5201409E+001
 2.1400000E+003, 6.5151701E+001, 2.5017204E+001, 2.7245975E+001, 2.5205635E+001
 2.1500000E+003, 6.5175592E+001, 2.5017799E+001, 2.7270350E+001, 2.5209912E+001
 2.1600000E+003, 6.5199334E+001, 2.5018409E+001, 2.7294780E+001, 2.5214239E+001
 2.1700000E+003, 6.5222927E+001, 2.5019035E+001, 2.7319264E+001, 2.5218618E+001
 2.1800000E+003, 6.5246375E+001, 2.5019676E+001, 2.7343802E+001, 2.5223047E+001
 2.1900000E+003, 6.5269677E+001, 2.5020333E+001, 2.7368393E+001, 2.5227527E+001
 2.2000000E+003, 6.5292837E+001, 2.5021006E+001, 2.7393034E+001, 2.5232058E+001
 2.2100000E+003, 6.5315854E+001, 2.5021695E+001, 2.7417726E+001, 2.5236640E+001
 2.2200000E+003, 6.5338731E+001, 2.5022400E+001, 2.7442467E+001, 2.5241272E+001
 2.2300000E+003, 6.5361469E+001, 2.5023122E+001, 2.7467256E+001, 2.5245956E+001
 2.2400000E+003, 6.5384070E+001, 2.5023861E+001, 2.7492092E+001, 2.5250690E+001
 2.2500000E+003, 6.5406534E+001, 2.5024617E+001, 2.7516975E+001, 2.5255475E+001
 2.2600000E+003, 6.5428864E+001, 2.5025390E+001, 2.7541902E+001, 2.5260310E+001
 2.2700000E+003, 6.5451060E+001, 2.5026181E+001, 2.7566873E+001, 2.5265196E+001
 2.2800000E+003, 6.5473124E+001, 2.5026990E+001, 2.7591888E+001, 2.5270133E+001
 2.2900000E+003, 6.5495057E+001, 2.5027816E+001, 2.7616945E+001, 2.5275121E+001
 2.3000000E+003, 6.5516861E+001, 2.5028660E+001, 2.7642043E+001, 2.5280159E+001
 2.3100000E+003, 6.5538536E+001, 2.5029523E+001, 2.7667181E+001, 2.5285247E+001
 2.3200000E+003, 6.5560085E+001, 2.5030405E+001, 2.7692359E+001, 2.5290387E+001
 2.3300000E+003, 6.5581508E+001, 2.5031305E+001, 2.7717575E+001, 2.5295576E+001
 2.3400000E+003, 6.5602806E+001, 2.5032224E+001, 2.7742829E+001, 2.5300816E+001
 2.3500000E+003, 6.5623981E+001, 2.5033163E+001, 2.7768119E+001, 2.5306106E+001
 2.3600000E+003, 6.5645034E+001, 2.5034121E+001, 2.7793446E+001, 2.5311446E+001
 2.3700000E+003, 6.5665966E+001, 2.5035098E+001, 2.7818807E+001, 2.5316837E+001
 2.3800000E+003, 6.5686779E+001, 2.5036096E+001, 2.7844202E+001, 2.5322277E+001
 2.3900000E+003, 6.5707472E+001, 2.5037113E+001, 2.7869630E+001, 2.5327768E+001
 2.4000000E+003, 6.5728048E+001, 2.5038151E+001, 2.7895091E+001, 2.5333309E+001
 2.4100000E+003, 6.5748508E+001, 2.5039209E+001, 2.7920583E+001, 2.5338899E+001
 2.4200000E+003, 6.5768853E+001, 2.5040288E+001, 2.7946106E+001, 2.5344539E+001
 2.4300000E+003, 6.5789083E+001, 2.5041388E+001, 2.7971659E+001, 2.5350229E+001
 2.4400000E+003, 6.5809200E+001, 2.5042509E+001, 2.7997240E+001, 2.5355969E+001
 2.4500000E+003, 6.5829205E+001, 2.5043651E+001, 2.8022850E+001, 2.5361758E+001
 2.4600000E+003, 6.5849099E+001, 2.5044814E+001, 2.8048488E+001, 2.5367596E+001
 2.4700000E+003, 6.5868883E+001, 2.5046000E+001, 2.8074152E+001, 2.5373484E+001
 2.4800000E+003, 6.5888558E+001, 2.5047207E+001, 2.8099842E+001, 2.5379421E+001
 2.4900000E+003, 6.5908125E+001, 2.5048437E+001, 2.8125558E+001, 2.5385407E+001
 2.5000000E+003, 6.5927585E+001, 2.5049688E+001, 2.8151297E+001, 2.5391442E+001
 2.5100000E+003, 6.5946939E+001, 2.5050963E+001, 2.8177061E+001, 2.5397526E+001
 2.5200000E+003, 6.5966188E+001, 2.5052259E+001, 2.8202847E+001, 2.5403659E+001
 2.5300000E+003, 6.5985333E+001, 2.5053579E+001, 2.8228656E+001, 2.5409840E+001
 2.5400000E+003, 6.6004374E+001, 2.5054922E+001, 2.8254486E+001, 2.5416071E+001
 2.5500000E+003, 6.6023314E+001, 2.5056288E+001, 2.8280337E+001, 2.5422349E+001
 2.5600000E+003, 6.6042152E+001, 2.5057678E+001, 2.8306208E+001, 2.5428676E+001
 2.5700000E+003, 6.6060889E+001, 2.5059091E+001, 2.8332099E+001, 2.5435051E+001
 2.5800000E+003, 6.6079527E+001, 2.5060528E+001, 2.8358008E+001, 2.5441474E+001
 2.5900000E+003, 6.6098067E+001, 2.5061989E+001, 2.8383936E+001, 2.5447945E+001
 2.6000000E+003, 6.6116508E+001, 2.5063475E+001, 2.8409881E+001, 2.5454464E+001
 2.6100000E+003, 6.6134853E+001, 2.5064984E+001, 2.8435843E+001, 2.5461031E+001
 2.6200000E+003, 6.6153102E+001, 2.5066518E+001, 2.8461821E+001, 2.5467645E+001
 2.6300000E+003, 6.6171255E+001, 2.5068077E+001, 2.8487814E+001, 2.5474306E+001
 2.6400000E+003, 6.6189314E+001, 2.5069661E+001, 2.8513823E+001, 2.5481015E+001
 2.6500000E+003, 6.6207280E+001, 2.5071270E+001, 2.8539845E+001, 2.5487771E+001
 2.6600000E+003, 6.6225152E+001, 2.5072905E+001, 2.8565881E+001, 2.5494575E+001
 2.6700000E+003, 6.6242933E+001, 2.5074564E+001, 2.8591931E+001, 2.5501425E+001
 2.6800000E+003, 6.6260622E+001, 2.5076250E+001, 2.8617993E+001, 2.5508321E+001
 2.6900000E+003, 6.6278221E+001, 2.5077961E+001, 2.8644066E+001, 2.5515265E+001
 2.7000000E+003, 6.6295731E+001, 2.5079698E+001, 2.8670151E+001, 2.5522255E+001
 2.7100000E+003, 6.6313151E+001, 2.5081461E+001, 2.8696247E+001, 2.5529291E+001
 2.7200000E+003, 6.6330484E+001, 2.5083251E+001, 2.8722353E+001, 2.5536373E+001
 2.7300000E+003, 6.6347729E+001, 2.5085067E+001, 2.8748469E+001, 2.5543502E+001
 2.7400000E+003, 6.6364887E+001, 2.5086909E+001, 2.8774593E+001, 2.5550676E+001
 2.7500000E+003, 6.6381960E+001, 2.5088779E+001, 2.8800726E+001, 2.5557896E+001
 2.7600000E+003, 6.6398947E+001, 2.5090675E+001, 2.8826867E+001, 2.5565162E+001
 2.7700000E+003, 6.6415849E+001, 2.5092598E+001, 2.8853016E+001, 2.5572473E+001
 2.7800000E+003, 6.6432668E+001, 2.5094549E+001, 2.8879171E+001, 2.5579829E+001
 2.7900000E+003, 6.6449404E+001, 2.5096527E+001, 2.8905333E+001, 2.5587231E+001
 2.8000000E+003, 6.6466058E+001, 2.5098533E+001, 2.8931501E+001, 2.5594677E+001
 2.8100000E+003, 6.6482629E+001, 2.5100566E+001, 2.8957674E+001, 2.5602169E+001
 2.8200000E+003, 6.6499120E+001, 2.5102627E+001, 2.8983852E+001, 2.5609704E+001
 2.8300000E+003, 6.6515530E+001, 2.5104716E+001, 2.9010035E+001, 2.5617285E+001
 2.8400000E+003, 6.6531860E+001, 2.5106834E+001, 2.9036221E+001, 2.5624910E+001
 2.8500000E+003, 6.6548112E+001, 2.5108979E+001, 2.9062411E+001, 2.5632579E+001
 2.8600000E+003, 6.6564284E+001, 2.5111153E+001, 2.9088604E+001, 2.5640292E+001
 2.8700000E+003, 6.6580379E+001, 2.5113356E+001, 2.9114799E+001, 2.5648048E+001
 2.8800000E+003, 6.6596397E+001, 2.5115587E+001, 2.9140996E+001, 2.5655849E+001
 2.8900000E+003, 6.6612338E+001, 2.5117847E+001, 2.9167195E+001, 2.5663693E+001
 2.9000000E+003, 6.6628203E+001, 2.5120136E+001, 2.9193395E+001, 2.5671581E+001
 2.9100000E+003, 6.6643993E+001, 2.5122454E+001, 2.9219596E+001, 2.5679511E+001
 2.9200000E+003, 6.6659708E+001, 2.5124802E+001, 2.9245797E+001, 2.5687485E+001
 2.9300000E+003, 6.6675349E+001, 2.5127179E+001, 2.9271999E+001, 2.5695502E+001
 2.9400000E+003, 6.6690916E+001, 2.5129585E+001, 2.9298199E+001, 2.5703561E+001
 2.9500000E+003, 6.6706410E+001, 2.5132021E+001, 2.9324399E+001, 2.5711663E+001
 2.9600000E+003, 6.6721832E+001, 2.5134487E+001, 2.9350597E+001, 2.5719807E+001
 2.9700000E+003, 6.6737181E+001, 2.5136982E+001, 2.9376793E+001, 2.5727993E+001
 2.9800000E+003, 6.6752460E+001, 2.5139508E+001, 2.9402987E+001, 2.5736222E+001
 2.9900000E+003, 6.6767667E+001, 2.5142063E+001, 2.9429179E+001, 2.5744492E+001
 3.0000000E+003, 6.6782804E+001, 2.5144649E+001, 2.9455367E+001, 2.5752805E+001
 3.0100000E+003, 6.6797872E+001, 2.5147265E+001, 2.9481553E+001, 2.5761158E+001
 3.0200000E+003, 6.6812870E+001, 2.5149912E+001, 2.9507734E+001, 2.5769553E+001
 3.0300000E+003, 6.6827800E+001, 2.5152589E+001, 2.9533912E+001, 2.5777989E+001
 3.0400000E+003, 6.6842662E+001, 2.5155297E+001, 2.9560085E+001, 2.5786467E+001
 3.0500000E+003, 6.6857456E+001, 2.5158036E+001, 2.9586253E+001, 2.5794985E+001
 3.0600000E+003, 6.6872183E+001, 2.5160805E+001, 2.9612416E+001, 2.5803544E+001
 3.0700000E+003, 6.6886843E+001, 2.5163606E+001, 2.9638573E+001, 2.5812143E+001
 3.0800000E+003, 6.6901437E+001, 2.5166438E+001, 2.9664725E+001, 2.5820783E+001
 3.0900000E+003, 6.6915966E+001, 2.5169300E+001, 2.9690870E+001, 2.5829463E+001
 3.1000000E+003, 6.6930430E+001, 2.5172195E+001, 2.9717009E+001, 2.5838183E+001
 3.1100000E+003, 6.6944829E+001, 2.5175120E+001, 2.9743141E+001, 2.5846943E+001
 3.1200000E+003, 6.6959164E+001, 2.5178077E+001, 2.9769266E+001, 2.5855742E+001
 3.1300000E+003, 6.6973435E+001, 2.5181066E+001, 2.9795383E+001, 2.5864581E+001
 3.1400000E+003, 6.6987643E+001, 2.5184086E+001, 2.9821492E+001, 2.5873459E+001
 3.1500000E+003, 6.7001788E+001, 2.5187138E+001, 2.9847593E+001, 2.5882377E+001
 3.1600000E+003, 6.7015871E+001, 2.5190222E+001, 2.9873686E+001, 2.5891333E+001
 3.1700000E+003, 6.7029892E+001, 2.5193338E+001, 2.9899770E+001, 2.5900329E+001
 3.1800000E+003, 6.7043852E+001, 2.5196486E+001, 2.9925845E+001, 2.5909363E+001
 3.1900000E+003, 6.7057751E+001, 2.5199666E+001, 2.9951910E+001, 2.5918435E+001
 3.2000000E+003, 6.7071590E+001, 2.5202878E+001, 2.9977966E+001, 2.5927546E+001
 3.2100000E+003, 6.7085368E+001, 2.5206122E+001, 3.0004011E+001, 2.5936695E+001
 3.2200000E+003, 6.7099087E+001, 2.5209399E+001, 3.0030047E+001, 2.5945882E+001
 3.2300000E+003, 6.7112747E+001, 2.5212708E+001, 3.0056072E+001, 2.5955106E+001
 3.2400000E+003, 6.7126348E+001, 2.5216050E+001, 3.0082086E+001, 2.5964369E+001
 3.2500000E+003, 6.7139891E+001, 2.5219424E+001, 3.0108089E+001, 2.5973668E+001
 3.2600000E+003, 6.7153376E+001, 2.5222831E+001, 3.0134081E+001, 2.5983006E+001
 3.2700000E+003, 6.7166803E+001, 2.5226271E+001, 3.0160061E+001, 2.5992380E+001
 3.2800000E+003, 6.7180173E+001, 2.5229743E+001, 3.0186029E+001, 2.6001791E+001
 3.2900000E+003, 6.7193487E+001, 2.5233249E+001, 3.0211986E+001, 2.6011239E+001
 3.3000000E+003, 6.7206744E+001, 2.5236787E+001, 3.0237930E+001, 2.6020723E+001
 3.3100000E+003, 6.7219946E+001, 2.5240358E+001, 3.0263861E+001, 2.6030244E+001
 3.3200000E+003, 6.7233092E+001, 2.5243963E+001, 3.0289779E+001, 2.6039802E+001
 3.3300000E+003, 6.7246182E+001, 2.5247600E+001, 3.0315684E+001, 2.6049395E+001
 3.3400000E+003, 6.7259219E+001, 2.5251271E+001, 3.0341576E+001, 2.6059024E+001
 3.3500000E+003, 6.7272200E+001, 2.5254974E+001, 3.0367455E+001, 2.6068689E+001
 3.3600000E+003, 6.7285128E+001, 2.5258712E+001, 3.0393319E+001, 2.6078390E+001
 3.3700000E+003, 6.7298003E+001, 2.5262482E+001, 3.0419170E+001, 2.6088126E+001
 3.3800000E+003, 6.7310824E+001, 2.5266286E+001, 3.0445006E+001, 2.6097897E+001
 3.3900000E+003, 6.7323592E+001, 2.5270123E+001, 3.0470828E+001, 2.6107704E+001
 3.4000000E+003, 6.7336308E+001, 2.5273994E+001, 3.0496635E+001, 2.6117545E+001
 3.4100000E+003, 6.7348971E+001, 2.5277898E+001, 3.0522427E+001, 2.6127421E+001
 3.4200000E+003, 6.7361583E+001, 2.5281836E+001, 3.0548205E+001, 2.6137332E+001
 3.4300000E+003, 6.7374144E+001, 2.5285808E+001, 3.0573967E+001, 2.6147277E+001
 3.4400000E+003, 6.7386653E+001, 2.5289813E+001, 3.0599713E+001, 2.6157257E+001
 3.4500000E+003, 6.7399112E+001, 2.5293852E+001, 3.0625444E+001, 2.6167270E+001
 3.4600000E+003, 6.7411520E+001, 2.5297924E+001, 3.0651158E+001, 2.6177318E+001
 3.4700000E+003, 6.7423878E+001, 2.5302031E+001, 3.0676857E+001, 2.6187399E+001
 3.4800000E+003, 6.7436187E+001, 2.5306171E+001, 3.0702539E+001, 2.6197514E+001
 3.4900000E+003, 6.7448446E+001, 2.5310345E+001, 3.0728205E+001, 2.6207662E+001
 3.5000000E+003, 6.7460656E+001, 2.5314553E+001, 3.0753855E+001, 2.6217844E+001
 3.5100000E+003, 6.7472817E+001, 2.5318795E+001, 3.0779487E+001, 2.6228058E+001
 3.5200000E+003, 6.7484931E+001, 2.5323071E+001, 3.0805102E+001, 2.6238306E+001
 3.5300000E+003, 6.7496995E+001, 2.5327382E+001, 3.0830701E+001, 2.6248587E+001
 3.5400000E+003, 6.7509013E+001, 2.5331726E+001, 3.0856282E+001, 2.6258900E+001
 3.5500000E+003, 6.7520982E+001, 2.5336104E+001, 3.0881845E+001, 2.6269245E+001
 3.5600000E+003, 6.7532905E+001, 2.5340516E+001, 3.0907391E+001, 2.6279623E+001
 3.5700000E+003, 6.7544781E+001, 2.5344962E+001, 3.0932918E+001, 2.6290033E+001
 3.5800000E+003, 6.7556610E+001, 2.5349443E+001, 3.0958428E+001, 2.6300475E+001
 3.5900000E+003, 6.7568393E+001, 2.5353957E+001, 3.0983920E+001, 2.6310949E+001
 3.6000000E+003, 6.7580131E+001, 2.5358506E+001, 3.1009393E+001, 2.6321455E+001
 3.6100000E+003, 6.7591822E+001, 2.5363089E+001, 3.1034848E+001, 2.6331992E+001
 3.6200000E+003, 6.7603469E+001, 2.5367706E+001, 3.1060284E+001, 2.6342560E+001
 3.6300000E+003, 6.7615070E+001, 2.5372358E+001, 3.1085701E+001, 2.6353160E+001
 3.6400000E+003, 6.7626626E+001, 2.5377043E+001, 3.1111100E+001, 2.6363791E+001
 3.6500000E+003, 6.7638139E+001, 2.5381763E+001, 3.1136479E+001, 2.6374452E+001
 3.6600000E+003, 6.7649606E+001, 2.5386518E+001, 3.1161839E+001, 2.6385145E+001
 3.6700000E+003, 6.7661031E+001, 2.5391306E+001, 3.1187180E+001, 2.6395868E+001
 3.6800000E+003, 6.7672411E+001, 2.5396129E+001, 3.1212501E+001, 2.6406621E+001
 3.6900000E+003, 6.7683748E+001, 2.5400986E+001, 3.1237803E+001, 2.6417405E+001
 3.7000000E+003, 6.7695042E+001, 2.5405878E+001, 3.1263085E+001, 2.6428218E+001
 3.7100000E+003, 6.7706294E+001, 2.5410804E+001, 3.1288347E+001, 2.6439062E+001
 3.7200000E+003, 6.7717502E+001, 2.5415764E+001, 3.1313589E+001, 2.6449935E+001
 3.7300000E+003, 6.7728669E+001, 2.5420758E+001, 3.1338811E+001, 2.6460838E+001
 3.7400000E+003, 6.7739794E+001, 2.5425787E+001, 3.1364012E+001, 2.6471771E+001
 3.7500000E+003, 6.7750877E+001, 2.5430850E+001, 3.1389194E+001, 2.6482733E+001
 3.7600000E+003, 6.7761918E+001, 2.5435948E+001, 3.1414354E+001, 2.6493724E+001
 3.7700000E+003, 6.7772918E+001, 2.5441080E+001, 3.1439495E+001, 2.6504745E+001
 3.7800000E+003, 6.7783878E+001, 2.5446246E+001, 3.1464614E+001, 2.6515794E+001
 3.7900000E+003, 6.7794796E+001, 2.5451446E+001, 3.1489713E+001, 2.6526872E+001
 3.8000000E+003, 6.7805674E+001, 2.5456681E+001, 3.1514791E+001, 2.6537978E+001
 3.8100000E+003, 6.7816513E+001, 2.5461951E+001, 3.1539847E+001, 2.6549113E+001
 3.8200000E+003, 6.7827311E+001, 2.5467254E+001, 3.1564883E+001, 2.6560276E+001
 3.8300000E+003, 6.7838069E+001, 2.5472592E+001, 3.1589897E+001, 2.6571468E+001
 3.8400000E+003, 6.7848788E+001, 2.5477964E+001, 3.1614890E+001, 2.6582687E+001
 3.8500000E+003, 6.7859468E+001, 2.5483371E+001, 3.1639862E+001, 2.6593935E+001
 3.8600000E+003, 6.7870109E+001, 2.5488811E+001, 3.1664812E+001, 2.6605210E+001
 3.8700000E+003, 6.7880711E+001, 2.5494287E+001, 3.1689740E+001, 2.6616512E+001
 3.8800000E+003, 6.7891274E+001, 2.5499796E+001, 3.1714646E+001, 2.6627842E+001
 3.8900000E+003, 6.7901800E+001, 2.5505339E+001, 3.1739531E+001, 2.6639200E+001
 3.9000000E+003, 6.7912287E+001, 2.5510917E+001, 3.1764394E+001, 2.6650584E+001
 3.9100000E+003, 6.7922736E+001, 2.5516529E+001, 3.1789235E+001, 2.6661996E+001
 3.9200000E+003, 6.7933148E+001, 2.5522176E+001, 3.1814054E+001, 2.6673434E+001
 3.9300000E+003, 6.7943523E+001, 2.5527856E+001, 3.1838850E+001, 2.6684899E+001
 3.9400000E+003, 6.7953860E+001, 2.5533571E+001, 3.1863625E+001, 2.6696391E+001
 3.9500000E+003, 6.7964161E+001, 2.5539320E+001, 3.1888377E+001, 2.6707909E+001
 3.9600000E+003, 6.7974425E+001, 2.5545102E+001, 3.1913107E+001, 2.6719453E+001
 3.9700000E+003, 6.7984652E+001, 2.5550919E+001, 3.1937814E+001, 2.6731024E+001
 3.9800000E+003, 6.7994843E+001, 2.5556771E+001, 3.1962498E+001, 2.6742621E+001
 3.9900000E+003, 6.8004998E+001, 2.5562656E+001, 3.1987160E+001, 2.6754243E+001
 4.0000000E+003, 6.8015117E+001, 2.5568575E+001, 3.2011800E+001, 2.6765891E+001
 4.0100000E+003, 6.8025201E+001, 2.5574528E+001, 3.2036416E+001, 2.6777565E+001
 4.0200000E+003, 6.8035249E+001, 2.5580516E+001, 3.2061010E+001, 2.6789265E+001
 4.0300000E+003, 6.8045262E+001, 2.5586537E+001, 3.2085581E+001, 2.6800989E+001
 4.0400000E+003, 6.8055240E+001, 2.5592592E+001, 3.2110128E+001, 2.6812739E+001
 4.0500000E+003, 6.8065184E+001, 2.5598681E+001, 3.2134653E+001, 2.6824514E+001
 4.0600000E+003, 6.8075092E+001, 2.5604804E+001, 3.2159155E+001, 2.6836314E+001
 4.0700000E+003, 6.8084967E+001, 2.5610961E+001, 3.2183633E+001, 2.6848138E+001
 4.0800000E+003, 6.8094807E+001, 2.5617151E+001, 3.2208089E+001, 2.6859988E+001
 4.0900000E+003, 6.8104613E+001, 2.5623376E+001, 3.2232521E+001, 2.6871862E+001
 4.1000000E+003, 6.8114385E+001, 2.5629634E+001, 3.2256929E+001, 2.6883760E+001
 4.1100000E+003, 6.8124124E+001, 2.5635926E+001, 3.2281315E+001, 2.6895682E+001
 4.1200000E+003, 6.8133829E+001, 2.5642252E+001, 3.2305676E+001, 2.6907629E+001
 4.1300000E+003, 6.8143501E+001, 2.5648611E+001, 3.2330015E+001, 2.6919600E+001
 4.1400000E+003, 6.8153140E+001, 2.5655004E+001, 3.2354330E+001, 2.6931594E+001
 4.1500000E+003, 6.8162746E+001, 2.5661430E+001, 3.2378621E+001, 2.6943613E+001
 4.1600000E+003, 6.8172320E+001, 2.5667890E+001, 3.2402888E+001, 2.6955654E+001
 4.1700000E+003, 6.8181861E+001, 2.5674383E+001, 3.2427132E+001, 2.6967720E+001
 4.1800000E+003, 6.8191370E+001, 2.5680910E+001, 3.2451352E+001, 2.6979809E+001
 4.1900000E+003, 6.8200846E+001, 2.5687471E+001, 3.2475549E+001, 2.6991921E+001
 4.2000000E+003, 6.8210291E+001, 2.5694064E+001, 3.2499721E+001, 2.7004056E+001
 4.2100000E+003, 6.8219704E+001, 2.5700692E+001, 3.2523870E+001, 2.7016214E+001
 4.2200000E+003, 6.8229085E+001, 2.5707352E+001, 3.2547995E+001, 2.7028395E+001
 4.2300000E+003, 6.8238436E+001, 2.5714046E+001, 3.2572095E+001, 2.7040598E+001
 4.2400000E+003, 6.8247754E+001, 2.5720772E+001, 3.2596172E+001, 2.7052825E+001
 4.2500000E+003, 6.8257042E+001, 2.5727532E+001, 3.2620225E+001, 2.7065074E+001
 4.2600000E+003, 6.8266299E+001, 2.5734326E+001, 3.2644254E+001, 2.7077345E+001
 4.2700000E+003, 6.8275525E+001, 2.5741152E+001, 3.2668258E+001, 2.7089638E+001
 4.2800000E+003, 6.8284721E+001, 2.5748011E+001, 3.2692239E+001, 2.7101954E+001
 4.2900000E+003, 6.8293886E+001, 2.5754903E+001, 3.2716195E+001, 2.7114291E+001
 4.3000000E+003, 6.8303021E+001, 2.5761828E+001, 3.2740127E+001, 2.7126651E+001
 4.3100000E+003, 6.8312127E+001, 2.5768786E+001, 3.2764035E+001, 2.7139032E+001
 4.3200000E+003, 6.8321202E+001, 2.5775777E+001, 3.2787919E+001, 2.7151434E+001
 4.3300000E+003, 6.8330247E+001, 2.5782801E+001, 3.2811779E+001, 2.7163859E+001
 4.3400000E+003, 6.8339263E+001, 2.5789857E+001, 3.2835614E+001, 2.7176304E+001
 4.3500000E+003, 6.8348250E+001, 2.5796947E+001, 3.2859424E+001, 2.7188771E+001
 4.3600000E+003, 6.8357207E+001, 2.5804068E+001, 3.2883211E+001, 2.7201259E+001
 4.3700000E+003, 6.8366136E+001, 2.5811223E+001, 3.2906973E+001, 2.7213769E+001
 4.3800000E+003, 6.8375035E+001, 2.5818409E+001, 3.2930711E+001, 2.7226299E+001
 4.3900000E+003, 6.8383906E+001, 2.5825629E+001, 3.2954424E+001, 2.7238850E+001
 4.4000000E+003, 6.8392748E+001, 2.5832881E+001, 3.2978113E+001, 2.7251421E+001
 4.4100000E+003, 6.8401562E+001, 2.5840165E+001, 3.3001777E+001, 2.7264013E+001
 4.4200000E+003, 6.8410347E+001, 2.5847481E+001, 3.3025417E+001, 2.7276626E+001
 4.4300000E+003, 6.8419104E+001, 2.5854830E+001, 3.3049032E+001, 2.7289259E+001
 4.4400000E+003, 6.8427833E+001, 2.5862211E+001, 3.3072623E+001, 2.7301912E+001
 4.4500000E+003, 6.8436535E+001, 2.5869624E+001, 3.3096189E+001, 2.7314586E+001
 4.4600000E+003, 6.8445209E+001, 2.5877069E+001, 3.3119731E+001, 2.7327279E+001
 4.4700000E+003, 6.8453855E+001, 2.5884546E+001, 3.3143248E+001, 2.7339992E+001
 4.4800000E+003, 6.8462474E+001, 2.5892056E+001, 3.3166741E+001, 2.7352725E+001
 4.4900000E+003, 6.8471065E+001, 2.5899597E+001, 3.3190209E+001, 2.7365478E+001
 4.5000000E+003, 6.8479630E+001, 2.5907170E+001, 3.3213652E+001, 2.7378250E+001
 4.5100000E+003, 6.8488167E+001, 2.5914774E+001, 3.3237071E+001, 2.7391042E+001
 4.5200000E+003, 6.8496678E+001, 2.5922411E+001, 3.3260465E+001, 2.7403853E+001
 4.5300000E+003, 6.8505162E+001, 2.5930079E+001, 3.3283835E+001, 2.7416683E+001
 4.5400000E+003, 6.8513619E+001, 2.5937779E+001, 3.3307180E+001, 2.7429533E+001
 4.5500000E+003, 6.8522050E+001, 2.5945510E+001, 3.3330500E+001, 2.7442401E+001
 4.5600000E+003, 6.8530455E+001, 2.5953273E+001, 3.3353796E+001, 2.7455289E+001
 4.5700000E+003, 6.8538834E+001, 2.5961068E+001, 3.3377067E+001, 2.7468195E+001
 4.5800000E+003, 6.8547187E+001, 2.5968893E+001, 3.3400313E+001, 2.7481120E+001
 4.5900000E+003, 6.8555513E+001, 2.5976750E+001, 3.3423534E+001, 2.7494063E+001
 4.6000000E+003, 6.8563815E+001, 2.5984638E+001, 3.3446731E+001, 2.7507025E+001
 4.6100000E+003, 6.8572090E+001, 2.5992558E+001, 3.3469904E+001, 2.7520006E+001
 4.6200000E+003, 6.8580340E+001, 2.6000508E+001, 3.3493051E+001, 2.7533004E+001
 4.6300000E+003, 6.8588565E+001, 2.6008490E+001, 3.3516174E+001, 2.7546021E+001
 4.6400000E+003, 6.8596764E+001, 2.6016503E+001, 3.3539272E+001, 2.7559056E+001
 4.6500000E+003, 6.8604939E+001, 2.6024546E+001, 3.3562346E+001, 2.7572109E+001
 4.6600000E+003, 6.8613088E+001, 2.6032621E+001, 3.3585394E+001, 2.7585179E+001
 4.6700000E+003, 6.8621213E+001, 2.6040726E+001, 3.3608419E+001, 2.7598268E+001
 4.6800000E+003, 6.8629313E+001, 2.6048862E+001, 3.3631418E+001, 2.7611374E+001
 4.6900000E+003, 6.8637389E+001, 2.6057028E+001, 3.3654393E+001, 2.7624498E+001
 4.7000000E+003, 6.8645440E+001, 2.6065225E+001, 3.3677343E+001, 2.7637639E+001
 4.7100000E+003, 6.8653466E+001, 2.6073453E+001, 3.3700268E+001, 2.7650797E+001
 4.7200000E+003, 6.8661469E+001, 2.6081711E+001, 3.3723169E+001, 2.7663973E+001
 4.7300000E+003, 6.8669447E+001, 2.6089999E+001, 3.3746045E+001, 2.7677166E+001
 4.7400000E+003, 6.8677402E+001, 2.6098318E+001, 3.3768897E+001, 2.7690376E+001
 4.7500000E+003, 6.8685332E+001, 2.6106667E+001, 3.3791723E+001, 2.7703603E+001
 4.7600000E+003, 6.8693239E+001, 2.6115046E+001, 3.3814526E+001, 2.7716846E+001
 4.7700000E+003, 6.8701123E+001, 2.6123456E+001, 3.3837303E+001, 2.7730107E+001
 4.7800000E+003, 6.8708983E+001, 2.6131895E+001, 3.3860056E+001, 2.7743384E+001
 4.7900000E+003, 6.8716819E+001, 2.6140364E+001, 3.3882784E+001, 2.7756678E+001
 4.8000000E+003, 6.8724633E+001, 2.6148864E+001, 3.3905488E+001, 2.7769988E+001
 4.8100000E+003, 6.8732423E+001, 2.6157393E+001, 3.3928167E+001, 2.7783315E+001
 4.8200000E+003, 6.8740190E+001, 2.6165952E+001, 3.3950821E+001, 2.7796658E+001
 4.8300000E+003, 6.8747934E+001, 2.6174540E+001, 3.3973451E+001, 2.7810017E+001
 4.8400000E+003, 6.8755656E+001, 2.6183158E+001, 3.3996057E+001, 2.7823392E+001
 4.8500000E+003, 6.8763354E+001, 2.6191806E+001, 3.4018637E+001, 2.7836783E+001
 4.8600000E+003, 6.8771031E+001, 2.6200483E+001, 3.4041194E+001, 2.7850191E+001
 4.8700000E+003, 6.8778685E+001, 2.6209189E+001, 3.4063725E+001, 2.7863614E+001
 4.8800000E+003, 6.8786316E+001, 2.6217925E+001, 3.4086232E+001, 2.7877052E+001
 4.8900000E+003, 6.8793925E+001, 2.6226690E+001, 3.4108715E+001, 2.7890506E+001
 4.9000000E+003, 6.8801512E+001, 2.6235485E+001, 3.4131173E+001, 2.7903976E+001
 4.9100000E+003, 6.8809078E+001, 2.6244308E+001, 3.4153607E+001, 2.7917462E+001
 4.9200000E+003, 6.8816621E+001, 2.6253160E+001, 3.4176016E+001, 2.7930962E+001
 4.9300000E+003, 6.8824142E+001, 2.6262042E+001, 3.4198401E+001, 2.7944478E+001
 4.9400000E+003, 6.8831642E+001, 2.6270952E+001, 3.4220761E+001, 2.7958009E+001
 4.9500000E+003, 6.8839120E+001, 2.6279891E+001, 3.4243097E+001, 2.7971555E+001
 4.9600000E+003, 6.8846577E+001, 2.6288859E+001, 3.4265409E+001, 2.7985117E+001
 4.9700000E+003, 6.8854012E+001, 2.6297855E+001, 3.4287696E+001, 2.7998693E+001
 4.9800000E+003, 6.8861426E+001, 2.6306880E+001, 3.4309959E+001, 2.8012284E+001
 4.9900000E+003, 6.8868819E+001, 2.6315934E+001, 3.4332197E+001, 2.8025889E+001
 5.0000000E+003, 6.8876190E+001, 2.6325016E+001, 3.4354411E+001, 2.8039509E+001
 5.0100000E+003, 6.8883541E+001, 2.6334126E+001, 3.4376601E+001, 2.8053144E+001
 5.0200000E+003, 6.8890871E+001, 2.6343264E+001, 3.4398767E+001, 2.8066794E+001
 5.0300000E+003, 6.8898180E+001, 2.6352431E+001, 3.4420908E+001, 2.8080457E+001
 5.0400000E+003, 6.8905469E+001, 2.6361626E+001, 3.4443025E+001, 2.8094135E+001
 5.0500000E+003, 6.8912736E+001, 2.6370849E+001, 3.4465118E+001, 2.8107827E+001
 5.0600000E+003, 6.8919984E+001, 2.6380100E+001, 3.4487186E+001, 2.8121534E+001
 5.0700000E+003, 6.8927211E+001, 2.6389379E+001, 3.4509231E+001, 2.8135254E+001
 5.0800000E+003, 6.8934418E+001, 2.6398686E+001, 3.4531251E+001, 2.8148988E+001
 5.0900000E+003, 6.8941604E+001, 2.6408020E+001, 3.4553247E+001, 2.8162737E+001
 5.1000000E+003, 6.8948770E+001, 2.6417382E+001, 3.4575219E+001, 2.8176499E+001
 5.1100000E+003, 6.8955917E+001, 2.6426772E+001, 3.4597167E+001, 2.8190274E+001
 5.1200000E+003, 6.8963043E+001, 2.6436189E+001, 3.4619091E+001, 2.8204064E+001
 5.1300000E+003, 6.8970150E+001, 2.6445633E+001, 3.4640991E+001, 2.8217867E+001
 5.1400000E+003, 6.8977237E+001, 2.6455105E+001, 3.4662867E+001, 2.8231683E+001
 5.1500000E+003, 6.8984304E+001, 2.6464605E+001, 3.4684719E+001, 2.8245513E+001
 5.1600000E+003, 6.8991352E+001, 2.6474131E+001, 3.4706546E+001, 2.8259356E+001
 5.1700000E+003, 6.8998380E+001, 2.6483685E+001, 3.4728350E+001, 2.8273212E+001
 5.1800000E+003, 6.9005389E+001, 2.6493265E+001, 3.4750130E+001, 2.8287081E+001
 5.1900000E+003, 6.9012379E+001, 2.6502873E+001, 3.4771886E+001, 2.8300964E+001
 5.2000000E+003, 6.9019350E+001, 2.6512507E+001, 3.4793619E+001, 2.8314859E+001
 5.2100000E+003, 6.9026301E+001, 2.6522169E+001, 3.4815327E+001, 2.8328767E+001
 5.2200000E+003, 6.9033234E+001, 2.6531857E+001, 3.4837012E+001, 2.8342689E+001
 5.2300000E+003, 6.9040147E+001, 2.6541571E+001, 3.4858672E+001, 2.8356623E+001
 5.2400000E+003, 6.9047042E+001, 2.6551312E+001, 3.4880309E+001, 2.8370569E+001
 5.2500000E+003, 6.9053918E+001, 2.6561080E+001, 3.4901923E+001, 2.8384528E+001
 5.2600000E+003, 6.9060775E+001, 2.6570874E+001, 3.4923512E+001, 2.8398500E+001
 5.2700000E+003, 6.9067614E+001, 2.6580695E+001, 3.4945078E+001, 2.8412484E+001
 5.2800000E+003, 6.9074434E+001, 2.6590542E+001, 3.4966621E+001, 2.8426480E+001
 5.2900000E+003, 6.9081236E+001, 2.6600414E+001, 3.4988139E+001, 2.8440489E+001
 5.3000000E+003, 6.9088020E+001, 2.6610313E+001, 3.5009634E+001, 2.8454510E+001
 5.3100000E+003, 6.9094785E+001, 2.6620239E+001, 3.5031106E+001, 2.8468543E+001
 5.3200000E+003, 6.9101532E+001, 2.6630189E+001, 3.5052554E+001, 2.8482588E+001
 5.3300000E+003, 6.9108261E+001, 2.6640166E+001, 3.5073978E+001, 2.8496645E+001
 5.3400000E+003, 6.9114972E+001, 2.6650169E+001, 3.5095379E+001, 2.8510714E+001
 5.3500000E+003, 6.9121665E+001, 2.6660197E+001, 3.5116757E+001, 2.8524795E+001
 5.3600000E+003, 6.9128341E+001, 2.6670251E+001, 3.5138111E+001, 2.8538887E+001
 5.3700000E+003, 6.9134998E+001, 2.6680331E+001, 3.5159442E+001, 2.8552992E+001
 5.3800000E+003, 6.9141638E+001, 2.6690436E+001, 3.5180749E+001, 2.8567107E+001
 5.3900000E+003, 6.9148261E+001, 2.6700566E+001, 3.5202033E+001, 2.8581235E+001
 5.4000000E+003, 6.9154865E+001, 2.6710722E+001, 3.5223294E+001, 2.8595374E+001
 5.4100000E+003, 6.9161453E+001, 2.6720903E+001, 3.5244532E+001, 2.8609524E+001
 5.4200000E+003, 6.9168023E+001, 2.6731109E+001, 3.5265746E+001, 2.8623685E+001
 5.4300000E+003, 6.9174576E+001, 2.6741340E+001, 3.5286937E+001, 2.8637858E+001
 5.4400000E+003, 6.9181111E+001, 2.6751596E+001, 3.5308105E+001, 2.8652042E+001
 5.4500000E+003, 6.9187630E+001, 2.6761877E+001, 3.5329250E+001, 2.8666237E+001
 5.4600000E+003, 6.9194131E+001, 2.6772183E+001, 3.5350372E+001, 2.8680443E+001
 5.4700000E+003, 6.9200616E+001, 2.6782513E+001, 3.5371471E+001, 2.8694660E+001
 5.4800000E+003, 6.9207083E+001, 2.6792868E+001, 3.5392546E+001, 2.8708888E+001
 5.4900000E+003, 6.9213534E+001, 2.6803248E+001, 3.5413599E+001, 2.8723127E+001
 5.5000000E+003, 6.9219968E+001, 2.6813652E+001, 3.5434629E+001, 2.8737377E+001
 5.5100000E+003, 6.9226385E+001, 2.6824081E+001, 3.5455635E+001, 2.8751637E+001
 5.5200000E+003, 6.9232786E+001, 2.6834534E+001, 3.5476619E+001, 2.8765908E+001
 5.5300000E+003, 6.9239170E+001, 2.6845012E+001, 3.5497580E+001, 2.8780189E+001
 5.5400000E+003, 6.9245538E+001, 2.6855513E+001, 3.5518519E+001, 2.8794481E+001
 5.5500000E+003, 6.9251889E+001, 2.6866039E+001, 3.5539434E+001, 2.8808783E+001
 5.5600000E+003, 6.9258224E+001, 2.6876588E+001, 3.5560327E+001, 2.8823096E+001
 5.5700000E+003, 6.9264543E+001, 2.6887162E+001, 3.5581196E+001, 2.8837419E+001
 5.5800000E+003, 6.9270845E+001, 2.6897760E+001, 3.5602044E+001, 2.8851752E+001
 5.5900000E+003, 6.9277132E+001, 2.6908381E+001, 3.5622868E+001, 2.8866095E+001
 5.6000000E+003, 6.9283402E+001, 2.6919026E+001, 3.5643670E+001, 2.8880448E+001
 5.6100000E+003, 6.9289657E+001, 2.6929694E+001, 3.5664450E+001, 2.8894812E+001
 5.6200000E+003, 6.9295896E+001, 2.6940386E+001, 3.5685206E+001, 2.8909185E+001
 5.6300000E+003, 6.9302118E+001, 2.6951102E+001, 3.5705941E+001, 2.8923568E+001
 5.6400000E+003, 6.9308325E+001, 2.6961841E+001, 3.5726652E+001, 2.8937961E+001
 5.6500000E+003, 6.9314517E+001, 2.6972603E+001, 3.5747342E+001, 2.8952364E+001
 5.6600000E+003, 6.9320693E+001, 2.6983389E+001, 3.5768009E+001, 2.8966777E+001
 5.6700000E+003, 6.9326853E+001, 2.6994198E+001, 3.5788653E+001, 2.8981199E+001
 5.6800000E+003, 6.9332997E+001, 2.7005029E+001, 3.5809275E+001, 2.8995630E+001
 5.6900000E+003, 6.9339127E+001, 2.7015884E+001, 3.5829875E+001, 2.9010071E+001
 5.7000000E+003, 6.9345241E+001, 2.7026762E+001, 3.5850453E+001, 2.9024522E+001
 5.7100000E+003, 6.9351339E+001, 2.7037662E+001, 3.5871008E+001, 2.9038982E+001
 5.7200000E+003, 6.9357423E+001, 2.7048585E+001, 3.5891542E+001, 2.9053451E+001
 5.7300000E+003, 6.9363491E+001, 2.7059531E+001, 3.5912053E+001, 2.9067930E+001
 5.7400000E+003, 6.9369544E+001, 2.7070500E+001, 3.5932542E+001, 2.9082418E+001
 5.7500000E+003, 6.9375582E+001, 2.7081491E+001, 3.5953008E+001, 2.9096914E+001
 5.7600000E+003, 6.9381605E+001, 2.7092504E+001, 3.5973453E+001, 2.9111420E+001
 5.7700000E+003, 6.9387614E+001, 2.7103540E+001, 3.5993876E+001, 2.9125935E+001
 5.7800000E+003, 6.9393607E+001, 2.7114598E+001, 3.6014277E+001, 2.9140459E+001
 5.7900000E+003, 6.9399586E+001, 2.7125678E+001, 3.6034656E+001, 2.9154992E+001
 5.8000000E+003, 6.9405550E+001, 2.7136781E+001, 3.6055013E+001, 2.9169533E+001
 5.8100000E+003, 6.9411499E+001, 2.7147905E+001, 3.6075348E+001, 2.9184084E+001
 5.8200000E+003, 6.9417434E+001, 2.7159051E+001, 3.6095661E+001, 2.9198643E+001
 5.8300000E+003, 6.9423354E+001, 2.7170220E+001, 3.6115952E+001, 2.9213210E+001
 5.8400000E+003, 6.9429259E+001, 2.7181410E+001, 3.6136222E+001, 2.9227786E+001
 5.8500000E+003, 6.9435151E+001, 2.7192622E+001, 3.6156470E+001, 2.9242371E+001
 5.8600000E+003, 6.9441028E+001, 2.7203855E+001, 3.6176697E+001, 2.9256964E+001
 5.8700000E+003, 6.9446890E+001, 2.7215110E+001, 3.6196901E+001, 2.9271566E+001
 5.8800000E+003, 6.9452739E+001, 2.7226386E+001, 3.6217084E+001, 2.9286176E+001
 5.8900000E+003, 6.9458573E+001, 2.7237684E+001, 3.6237246E+001, 2.9300794E+001
 5.9000000E+003, 6.9464393E+001, 2.7249003E+001, 3.6257386E+001, 2.9315421E+001
 5.9100000E+003, 6.9470199E+001, 2.7260344E+001, 3.6277504E+001, 2.9330055E+001
 5.9200000E+003, 6.9475991E+001, 2.7271706E+001, 3.6297602E+001, 2.9344698E+001
 5.9300000E+003, 6.9481769E+001, 2.7283088E+001, 3.6317677E+001, 2.9359349E+001
 5.9400000E+003, 6.9487533E+001, 2.7294492E+001, 3.6337732E+001, 2.9374008E+001
 5.9500000E+003, 6.9493284E+001, 2.7305917E+001, 3.6357764E+001, 2.9388675E+001
 5.9600000E+003, 6.9499020E+001, 2.7317362E+001, 3.6377776E+001, 2.9403349E+001
 5.9700000E+003, 6.9504743E+001, 2.7328828E+001, 3.6397767E+001, 2.9418032E+001
 5.9800000E+003, 6.9510453E+001, 2.7340315E+001, 3.6417736E+001, 2.9432722E+001
 5.9900000E+003, 6.9516148E+001, 2.7351823E+001, 3.6437684E+001, 2.9447420E+001
 6.0000000E+003, 6.9521831E+001, 2.7363351E+001, 3.6457611E+001, 2.9462126E+001
 6.0100000E+003, 6.9527499E+001, 2.7374900E+001, 3.6477516E+001, 2.9476839E+001
 6.0200000E+003, 6.9533154E+001, 2.7386469E+001, 3.6497401E+001, 2.9491560E+001
 6.0300000E+003, 6.9538796E+001, 2.7398058E+001, 3.6517265E+001, 2.9506288E+001
 6.0400000E+003, 6.9544425E+001, 2.7409668E+001, 3.6537107E+001, 2.9521024E+001
 6.0500000E+003, 6.9550040E+001, 2.7421298E+001, 3.6556929E+001, 2.9535768E+001
 6.0600000E+003, 6.9555642E+001, 2.7432948E+001, 3.6576730E+001, 2.9550518E+001
 6.0700000E+003, 6.9561231E+001, 2.7444618E+001, 3.6596510E+001, 2.9565276E+001
 6.0800000E+003, 6.9566807E+001, 2.7456307E+001, 3.6616269E+001, 2.9580041E+001
 6.0900000E+003, 6.9572369E+001, 2.7468017E+001, 3.6636007E+001, 2.9594813E+001
 6.1000000E+003, 6.9577919E+001, 2.7479747E+001, 3.6655725E+001, 2.9609593E+001
 6.1100000E+003, 6.9583456E+001, 2.7491496E+001, 3.6675422E+001, 2.9624379E+001
 6.1200000E+003, 6.9588980E+001, 2.7503264E+001, 3.6695098E+001, 2.9639173E+001
 6.1300000E+003, 6.9594491E+001, 2.7515053E+001, 3.6714753E+001, 2.9653974E+001
 6.1400000E+003, 6.9599989E+001, 2.7526861E+001, 3.6734388E+001, 2.9668781E+001
 6.1500000E+003, 6.9605475E+001, 2.7538688E+001, 3.6754002E+001, 2.9683595E+001
 6.1600000E+003, 6.9610947E+001, 2.7550534E+001, 3.6773596E+001, 2.9698417E+001
 6.1700000E+003, 6.9616408E+001, 2.7562400E+001, 3.6793170E+001, 2.9713244E+001
 6.1800000E+003, 6.9621855E+001, 2.7574285E+001, 3.6812723E+001, 2.9728079E+001
 6.1900000E+003, 6.9627290E+001, 2.7586189E+001, 3.6832255E+001, 2.9742920E+001
 6.2000000E+003, 6.9632713E+001, 2.7598112E+001, 3.6851767E+001, 2.9757768E+001
 6.2100000E+003, 6.9638123E+001, 2.7610054E+001, 3.6871259E+001, 2.9772623E+001
 6.2200000E+003, 6.9643521E+001, 2.7622015E+001, 3.6890730E+001, 2.9787484E+001
 6.2300000E+003, 6.9648906E+001, 2.7633995E+001, 3.6910182E+001, 2.9802351E+001
 6.2400000E+003, 6.9654279E+001, 2.7645993E+001, 3.6929613E+001, 2.9817225E+001
 6.2500000E+003, 6.9659640E+001, 2.7658010E+001, 3.6949024E+001, 2.9832106E+001
 6.2600000E+003, 6.9664988E+001, 2.7670046E+001, 3.6968414E+001, 2.9846992E+001
 6.2700000E+003, 6.9670325E+001, 2.7682100E+001, 3.6987785E+001, 2.9861885E+001
 6.2800000E+003, 6.9675649E+001, 2.7694173E+001, 3.7007136E+001, 2.9876784E+001
 6.2900000E+003, 6.9680962E+001, 2.7706264E+001, 3.7026466E+001, 2.9891690E+001
 6.3000000E+003, 6.9686262E+001, 2.7718373E+001, 3.7045777E+001, 2.9906601E+001
 6.3100000E+003, 6.9691550E+001, 2.7730500E+001, 3.7065067E+001, 2.9921519E+001
 6.3200000E+003, 6.9696827E+001, 2.7742646E+001, 3.7084338E+001, 2.9936442E+001
 6.3300000E+003, 6.9702092E+001, 2.7754809E+001, 3.7103589E+001, 2.9951372E+001
 6.3400000E+003, 6.9707344E+001, 2.7766991E+001, 3.7122820E+001, 2.9966307E+001
 6.3500000E+003, 6.9712585E+001, 2.7779190E+001, 3.7142031E+001, 2.9981249E+001
 6.3600000E+003, 6.9717815E+001, 2.7791408E+001, 3.7161223E+001, 2.9996196E+001
 6.3700000E+003, 6.9723032E+001, 2.7803643E+001, 3.7180395E+001, 3.0011149E+001
 6.3800000E+003, 6.9728238E+001, 2.7815896E+001, 3.7199547E+001, 3.0026108E+001
 6.3900000E+003, 6.9733433E+001, 2.7828166E+001, 3.7218680E+001, 3.0041072E+001
 6.4000000E+003, 6.9738616E+001, 2.7840454E+001, 3.7237792E+001, 3.0056042E+001
 6.4100000E+003, 6.9743787E+001, 2.7852759E+001, 3.7256886E+001, 3.0071018E+001
 6.4200000E+003, 6.9748947E+001, 2.7865082E+001, 3.7275960E+001, 3.0085999E+001
 6.4300000E+003, 6.9754095E+001, 2.7877422E+001, 3.7295014E+001, 3.0100986E+001
 6.4400000E+003, 6.9759233E+001, 2.7889779E+001, 3.7314049E+001, 3.0115978E+001
 6.4500000E+003, 6.9764358E+001, 2.7902154E+001, 3.7333065E+001, 3.0130976E+001
 6.4600000E+003, 6.9769473E+001, 2.7914546E+001, 3.7352061E+001, 3.0145979E+001
 6.4700000E+003, 6.9774576E+001, 2.7926954E+001, 3.7371038E+001, 3.0160988E+001
 6.4800000E+003, 6.9779668E+001, 2.7939380E+001, 3.7389996E+001, 3.0176002E+001
 6.4900000E+003, 6.9784749E+001, 2.7951822E+001, 3.7408934E+001, 3.0191021E+001
 6.5000000E+003, 6.9789819E+001, 2.7964282E+001, 3.7427854E+001, 3.0206045E+001
 6.5100000E+003, 6.9794878E+001, 2.7976758E+001, 3.7446754E+001, 3.0221074E+001
 6.5200000E+003, 6.9799926E+001, 2.7989251E+001, 3.7465635E+001, 3.0236109E+001
 6.5300000E+003, 6.9804963E+001, 2.8001760E+001, 3.7484496E+001, 3.0251149E+001
 6.5400000E+003, 6.9809988E+001, 2.8014286E+001, 3.7503339E+001, 3.0266193E+001
 6.5500000E+003, 6.9815003E+001, 2.8026828E+001, 3.7522163E+001, 3.0281243E+001
 6.5600000E+003, 6.9820008E+001, 2.8039387E+001, 3.7540968E+001, 3.0296298E+001
 6.5700000E+003, 6.9825001E+001, 2.8051962E+001, 3.7559754E+001, 3.0311357E+001
 6.5800000E+003, 6.9829983E+001, 2.8064554E+001, 3.7578521E+001, 3.0326421E+001
 6.5900000E+003, 6.9834955E+001, 2.8077161E+001, 3.7597269E+001, 3.0341491E+001
 6.6000000E+003, 6.9839916E+001, 2.8089785E+001, 3.7615999E+001, 3.0356565E+001
 6.6100000E+003, 6.9844867E+001, 2.8102425E+001, 3.7634709E+001, 3.0371643E+001
 6.6200000E+003, 6.9849807E+001, 2.8115080E+001, 3.7653401E+001, 3.0386727E+001
 6.6300000E+003, 6.9854736E+001, 2.8127752E+001, 3.7672074E+001, 3.0401815E+001
 6.6400000E+003, 6.9859655E+001, 2.8140440E+001, 3.7690729E+001, 3.0416908E+001
 6.6500000E+003, 6.9864563E+001, 2.8153143E+001, 3.7709365E+001, 3.0432005E+001
 6.6600000E+003, 6.9869461E+001, 2.8165862E+001, 3.7727982E+001, 3.0447107E+001
 6.6700000E+003, 6.9874349E+001, 2.8178596E+001, 3.7746581E+001, 3.0462213E+001
 6.6800000E+003, 6.9879226E+001, 2.8191346E+001, 3.7765161E+001, 3.0477324E+001
 6.6900000E+003, 6.9884092E+001, 2.8204112E+001, 3.7783723E+001, 3.0492439E+001
 6.7000000E+003, 6.9888949E+001, 2.8216893E+001, 3.7802267E+001, 3.0507558E+001
 6.7100000E+003, 6.9893795E+001, 2.8229690E+001, 3.7820792E+001, 3.0522682E+001
 6.7200000E+003, 6.9898631E+001, 2.8242501E+001, 3.7839298E+001, 3.0537810E+001
 6.7300000E+003, 6.9903457E+001, 2.8255328E+001, 3.7857787E+001, 3.0552943E+001
 6.7400000E+003, 6.9908273E+001, 2.8268170E+001, 3.7876257E+001, 3.0568079E+001
 6.7500000E+003, 6.9913078E+001, 2.8281027E+001, 3.7894709E+001, 3.0583220E+001
 6.7600000E+003, 6.9917874E+001, 2.8293900E+001, 3.7913142E+001, 3.0598365E+001
 6.7700000E+003, 6.9922659E+001, 2.8306787E+001, 3.7931558E+001, 3.0613514E+001
 6.7800000E+003, 6.9927435E+001, 2.8319689E+001, 3.7949955E+001, 3.0628667E+001
 6.7900000E+003, 6.9932200E+001, 2.8332606E+001, 3.7968334E+001, 3.0643824E+001
 6.8000000E+003, 6.9936956E+001, 2.8345537E+001, 3.7986696E+001, 3.0658985E+001
 6.8100000E+003, 6.9941702E+001, 2.8358484E+001, 3.8005039E+001, 3.0674150E+001
 6.8200000E+003, 6.9946438E+001, 2.8371444E+001, 3.8023364E+001, 3.0689319E+001
 6.8300000E+003, 6.9951164E+001, 2.8384420E+001, 3.8041671E+001, 3.0704492E+001
 6.8400000E+003, 6.9955880E+001, 2.8397410E+001, 3.8059961E+001, 3.0719669E+001
 6.8500000E+003, 6.9960587E+001, 2.8410414E+001, 3.8078232E+001, 3.0734849E+001
 6.8600000E+003, 6.9965284E+001, 2.8423433E+001, 3.8096486E+001, 3.0750033E+001
 6.8700000E+003, 6.9969971E+001, 2.8436466E+001, 3.8114722E+001, 3.0765221E+001
 6.8800000E+003, 6.9974649E+001, 2.8449513E+001, 3.8132940E+001, 3.0780412E+001
 6.8900000E+003, 6.9979317E+001, 2.8462575E+001, 3.8151141E+001, 3.0795607E+001
 6.9000000E+003, 6.9983975E+001, 2.8475650E+001, 3.8169323E+001, 3.0810806E+001
 6.9100000E+003, 6.9988624E+001, 2.8488740E+001, 3.8187489E+001, 3.0826008E+001
 6.9200000E+003, 6.9993264E+001, 2.8501843E+001, 3.8205636E+001, 3.0841214E+001
 6.9300000E+003, 6.9997894E+001, 2.8514960E+001, 3.8223766E+001, 3.0856423E+001
 6.9400000E+003, 7.0002515E+001, 2.8528092E+001, 3.8241879E+001, 3.0871636E+001
 6.9500000E+003, 7.0007126E+001, 2.8541237E+001, 3.8259974E+001, 3.0886852E+001
 6.9600000E+003, 7.0011728E+001, 2.8554395E+001, 3.8278051E+001, 3.0902072E+001
 6.9700000E+003, 7.0016321E+001, 2.8567568E+001, 3.8296111E+001, 3.0917295E+001
 6.9800000E+003, 7.0020904E+001, 2.8580753E+001, 3.8314154E+001, 3.0932521E+001
 6.9900000E+003, 7.0025478E+001, 2.8593953E+001, 3.8332180E+001, 3.0947750E+001
 7.0000000E+003, 7.0030043E+001, 2.8607166E+001, 3.8350188E+001, 3.0962983E+001
 7.0100000E+003, 7.0034599E+001, 2.8620392E+001, 3.8368179E+001, 3.0978219E+001
 7.0200000E+003, 7.0039145E+001, 2.8633631E+001, 3.8386152E+001, 3.0993458E+001
 7.0300000E+003, 7.0043683E+001, 2.8646884E+001, 3.8404109E+001, 3.1008700E+001
 7.0400000E+003, 7.0048211E+001, 2.8660150E+001, 3.8422048E+001, 3.1023946E+001
 7.0500000E+003, 7.0052731E+001, 2.8673429E+001, 3.8439970E+001, 3.1039194E+001
 7.0600000E+003, 7.0057241E+001, 2.8686722E+001, 3.8457875E+001, 3.1054445E+001
 7.0700000E+003, 7.0061742E+001, 2.8700027E+001, 3.8475763E+001, 3.1069700E+001
 7.0800000E+003, 7.0066235E+001, 2.8713345E+001, 3.8493634E+001, 3.1084957E+001
 7.0900000E+003, 7.0070718E+001, 2.8726676E+001, 3.8511488E+001, 3.1100217E+001
 7.1000000E+003, 7.0075193E+001, 2.8740020E+001, 3.8529325E+001, 3.1115481E+001
 7.1100000E+003, 7.0079659E+001, 2.8753377E+001, 3.8547145E+001, 3.1130747E+001
 7.1200000E+003, 7.0084116E+001, 2.8766746E+001, 3.8564949E+001, 3.1146015E+001
 7.1300000E+003, 7.0088564E+001, 2.8780128E+001, 3.8582735E+001, 3.1161287E+001
 7.1400000E+003, 7.0093003E+001, 2.8793523E+001, 3.8600505E+001, 3.1176561E+001
 7.1500000E+003, 7.0097434E+001, 2.8806930E+001, 3.8618258E+001, 3.1191838E+001
 7.1600000E+003, 7.0101856E+001, 2.8820349E+001, 3.8635994E+001, 3.1207118E+001
 7.1700000E+003, 7.0106269E+001, 2.8833781E+001, 3.8653713E+001, 3.1222401E+001
 7.1800000E+003, 7.0110674E+001, 2.8847225E+001, 3.8671416E+001, 3.1237686E+001
 7.1900000E+003, 7.0115070E+001, 2.8860682E+001, 3.8689102E+001, 3.1252973E+001
 7.2000000E+003, 7.0119458E+001, 2.8874150E+001, 3.8706772E+001, 3.1268264E+001
 7.2100000E+003, 7.0123837E+001, 2.8887631E+001, 3.8724425E+001, 3.1283556E+001
 7.2200000E+003, 7.0128207E+001, 2.8901124E+001, 3.8742062E+001, 3.1298852E+001
 7.2300000E+003, 7.0132569E+001, 2.8914629E+001, 3.8759682E+001, 3.1314149E+001
 7.2400000E+003, 7.0136923E+001, 2.8928146E+001, 3.8777285E+001, 3.1329450E+001
 7.2500000E+003, 7.0141268E+001, 2.8941675E+001, 3.8794873E+001, 3.1344752E+001
 7.2600000E+003, 7.0145605E+001, 2.8955216E+001, 3.8812444E+001, 3.1360057E+001
 7.2700000E+003, 7.0149933E+001, 2.8968768E+001, 3.8829998E+001, 3.1375364E+001
 7.2800000E+003, 7.0154254E+001, 2.8982333E+001, 3.8847536E+001, 3.1390674E+001
 7.2900000E+003, 7.0158565E+001, 2.8995909E+001, 3.8865058E+001, 3.1405986E+001
 7.3000000E+003, 7.0162869E+001, 2.9009496E+001, 3.8882564E+001, 3.1421300E+001
 7.3100000E+003, 7.0167164E+001, 2.9023095E+001, 3.8900054E+001, 3.1436616E+001
 7.3200000E+003, 7.0171451E+001, 2.9036706E+001, 3.8917527E+001, 3.1451934E+001
 7.3300000E+003, 7.0175730E+001, 2.9050328E+001, 3.8934984E+001, 3.1467255E+001
 7.3400000E+003, 7.0180001E+001, 2.9063961E+001, 3.8952425E+001, 3.1482578E+001
 7.3500000E+003, 7.0184264E+001, 2.9077606E+001, 3.8969850E+001, 3.1497902E+001
 7.3600000E+003, 7.0188518E+001, 2.9091262E+001, 3.8987259E+001, 3.1513229E+001
 7.3700000E+003, 7.0192765E+001, 2.9104929E+001, 3.9004653E+001, 3.1528558E+001
 7.3800000E+003, 7.0197003E+001, 2.9118608E+001, 3.9022030E+001, 3.1543889E+001
 7.3900000E+003, 7.0201234E+001, 2.9132297E+001, 3.9039391E+001, 3.1559222E+001
 7.4000000E+003, 7.0205456E+001, 2.9145998E+001, 3.9056736E+001, 3.1574557E+001
 7.4100000E+003, 7.0209671E+001, 2.9159709E+001, 3.9074066E+001, 3.1589893E+001
 7.4200000E+003, 7.0213877E+001, 2.9173432E+001, 3.9091379E+001, 3.1605232E+001
 7.4300000E+003, 7.0218076E+001, 2.9187165E+001, 3.9108677E+001, 3.1620572E+001
 7.4400000E+003, 7.0222267E+001, 2.9200909E+001, 3.9125959E+001, 3.1635915E+001
 7.4500000E+003, 7.0226450E+001, 2.9214664E+001, 3.9143226E+001, 3.1651259E+001
 7.4600000E+003, 7.0230625E+001, 2.9228429E+001, 3.9160476E+001, 3.1666604E+001
 7.4700000E+003, 7.0234792E+001, 2.9242205E+001, 3.9177711E+001, 3.1681952E+001
 7.4800000E+003, 7.0238952E+001, 2.9255992E+001, 3.9194931E+001, 3.1697301E+001
 7.4900000E+003, 7.0243103E+001, 2.9269790E+001, 3.9212135E+001, 3.1712652E+001
 7.5000000E+003, 7.0247248E+001, 2.9283597E+001, 3.9229323E+001, 3.1728005E+001
