s,C,C,C,C,C,C
Time,"TS_x195-40","TS_x145-30","TS_x095-20","TS_x025-40","TS_x195-01","TS_x025-01"
 0.0000000E+000, 2.0000000E+001, 2.0000000E+001, 2.0000000E+001, 2.0000000E+001, 2.0000000E+001, 2.0000000E+001
 1.0000000E+001, 6.2690771E+002, 2.3884973E+001, 2.0000710E+001, 2.0000000E+001, 2.0000000E+001, 2.0000000E+001
 2.0000000E+001, 6.8789858E+002, 5.9843667E+001, 2.0124849E+001, 2.0000027E+001, 2.0000000E+001, 2.0000000E+001
 3.0000000E+001, 7.1078828E+002, 1.1092136E+002, 2.1206009E+001, 2.0002051E+001, 2.0000023E+001, 2.0000000E+001
 4.0000000E+001, 7.2217985E+002, 1.5221459E+002, 2.3601630E+001, 2.0020494E+001, 2.0000366E+001, 2.0000000E+001
 5.0000000E+001, 7.3118619E+002, 1.9407102E+002, 2.8186130E+001, 2.0123937E+001, 2.0003460E+001, 2.0000002E+001
 6.0000000E+001, 7.3764896E+002, 2.2943416E+002, 3.4295566E+001, 2.0430155E+001, 2.0017183E+001, 2.0000031E+001
 7.0000000E+001, 7.4194342E+002, 2.5540491E+002, 4.0363717E+001, 2.0950706E+001, 2.0048859E+001, 2.0000187E+001
 8.0000000E+001, 7.4598214E+002, 2.8158784E+002, 4.8038196E+001, 2.1943876E+001, 2.0127615E+001, 2.0000950E+001
 9.0000000E+001, 7.4927862E+002, 3.0417845E+002, 5.6054442E+001, 2.3399328E+001, 2.0273725E+001, 2.0003407E+001
 1.0000000E+002, 7.5166837E+002, 3.2121392E+002, 6.3028844E+001, 2.5020802E+001, 2.0469670E+001, 2.0008348E+001
 1.1000000E+002, 7.5406795E+002, 3.3885545E+002, 7.1152826E+001, 2.7328118E+001, 2.0797807E+001, 2.0019980E+001
 1.2000000E+002, 7.5613891E+002, 3.5449816E+002, 7.9167860E+001, 3.0042487E+001, 2.1247204E+001, 2.0041477E+001
 1.3000000E+002, 7.5770442E+002, 3.6657201E+002, 8.5901473E+001, 3.2653716E+001, 2.1736649E+001, 2.0071018E+001
 1.4000000E+002, 7.5933110E+002, 3.7933951E+002, 9.3562089E+001, 3.5983508E+001, 2.2434406E+001, 2.0122535E+001
 1.5000000E+002, 7.6077924E+002, 3.9089262E+002, 1.0098960E+002, 3.9567096E+001, 2.3270557E+001, 2.0196853E+001
 1.6000000E+002, 7.6190111E+002, 3.9996247E+002, 1.0716079E+002, 4.2802461E+001, 2.4096676E+001, 2.0282088E+001
 1.7000000E+002, 7.6309153E+002, 4.0970005E+002, 1.1412844E+002, 4.6727616E+001, 2.5185171E+001, 2.0410276E+001
 1.8000000E+002, 7.6417237E+002, 4.1864236E+002, 1.2084660E+002, 5.0776345E+001, 2.6403080E+001, 2.0572852E+001
 1.9000000E+002, 7.6502325E+002, 4.2575003E+002, 1.2640945E+002, 5.4318149E+001, 2.7545225E+001, 2.0741898E+001
 2.0000000E+002, 7.6593897E+002, 4.3346647E+002, 1.3267683E+002, 5.8506623E+001, 2.8986022E+001, 2.0975957E+001
 2.1000000E+002, 7.6678175E+002, 4.4063038E+002, 1.3871192E+002, 6.2731014E+001, 3.0536204E+001, 2.1251507E+001
 2.2000000E+002, 7.6745275E+002, 4.4637719E+002, 1.4370655E+002, 6.6363732E+001, 3.1946069E+001, 2.1521764E+001
 2.3000000E+002, 7.6818221E+002, 4.5266859E+002, 1.4933368E+002, 7.0599269E+001, 3.3678635E+001, 2.1877594E+001
 2.4000000E+002, 7.6886020E+002, 4.5855780E+002, 1.5475444E+002, 7.4817260E+001, 3.5498309E+001, 2.2277478E+001
 2.5000000E+002, 7.6940450E+002, 4.6331531E+002, 1.5924365E+002, 7.8408972E+001, 3.7121658E+001, 2.2655334E+001
 2.6000000E+002, 7.7000069E+002, 4.6855720E+002, 1.6430585E+002, 8.2562332E+001, 3.9083396E+001, 2.3136851E+001
 2.7000000E+002, 7.7055894E+002, 4.7349538E+002, 1.6918794E+002, 8.6667739E+001, 4.1111604E+001, 2.3661617E+001
 2.8000000E+002, 7.7100994E+002, 4.7750650E+002, 1.7323585E+002, 9.0143248E+001, 4.2897995E+001, 2.4145215E+001
 2.9000000E+002, 7.7150681E+002, 4.8194842E+002, 1.7780628E+002, 9.4142525E+001, 4.5032554E+001, 2.4747934E+001
 3.0000000E+002, 7.7197476E+002, 4.8615422E+002, 1.8222054E+002, 9.8077994E+001, 4.7215883E+001, 2.5391008E+001
 3.1000000E+002, 7.7235470E+002, 4.8958548E+002, 1.8588571E+002, 1.0139800E+002, 4.9121981E+001, 2.5973340E+001
 3.2000000E+002, 7.7277520E+002, 4.9340082E+002, 1.9003001E+002, 1.0520708E+002, 5.1381695E+001, 2.6687798E+001
 3.3000000E+002, 7.7317307E+002, 4.9702832E+002, 1.9403907E+002, 1.0894540E+002, 5.3675572E+001, 2.7438619E+001
 3.4000000E+002, 7.7349741E+002, 4.9999850E+002, 1.9737280E+002, 1.1209253E+002, 5.5665576E+001, 2.8109971E+001
 3.5000000E+002, 7.7385773E+002, 5.0331238E+002, 2.0114801E+002, 1.1569703E+002, 5.8011391E+001, 2.8924266E+001
 3.6000000E+002, 7.7419996E+002, 5.0647405E+002, 2.0480597E+002, 1.1922909E+002, 6.0379560E+001, 2.9770515E+001
 3.7000000E+002, 7.7447988E+002, 5.0907072E+002, 2.0785235E+002, 1.2219907E+002, 6.2424513E+001, 3.0520122E+001
 3.8000000E+002, 7.7479185E+002, 5.1197629E+002, 2.1130736E+002, 1.2559743E+002, 6.4824988E+001, 3.1421587E+001
 3.9000000E+002, 7.7508911E+002, 5.1475667E+002, 2.1466047E+002, 1.2892473E+002, 6.7238388E+001, 3.2350593E+001
 4.0000000E+002, 7.7533295E+002, 5.1704624E+002, 2.1745713E+002, 1.3172088E+002, 6.9315163E+001, 3.3167669E+001
 4.1000000E+002, 7.7560545E+002, 5.1961466E+002, 2.2063359E+002, 1.3491888E+002, 7.1745264E+001, 3.4143878E+001
 4.2000000E+002, 7.7586583E+002, 5.2207886E+002, 2.2372123E+002, 1.3804894E+002, 7.4180825E+001, 3.5143449E+001
 4.3000000E+002, 7.7607996E+002, 5.2411282E+002, 2.2630018E+002, 1.4067877E+002, 7.6271107E+001, 3.6017767E+001
 4.4000000E+002, 7.7631983E+002, 5.2639964E+002, 2.2923354E+002, 1.4368623E+002, 7.8711057E+001, 3.7057088E+001
 4.5000000E+002, 7.7654961E+002, 5.2859882E+002, 2.3208918E+002, 1.4662971E+002, 8.1150598E+001, 3.8115942E+001
 4.6000000E+002, 7.7673900E+002, 5.3041786E+002, 2.3447766E+002, 1.4910292E+002, 8.3239987E+001, 3.9038132E+001
 4.7000000E+002, 7.7695161E+002, 5.3246721E+002, 2.3719806E+002, 1.5193159E+002, 8.5674272E+001, 4.0129991E+001
 4.8000000E+002, 7.7715573E+002, 5.3444223E+002, 2.3985021E+002, 1.5470064E+002, 8.8103567E+001, 4.1237954E+001
 4.9000000E+002, 7.7732432E+002, 5.3607900E+002, 2.4207140E+002, 1.5702782E+002, 9.0180823E+001, 4.2199615E+001
 5.0000000E+002, 7.7751395E+002, 5.3792646E+002, 2.4460454E+002, 1.5969022E+002, 9.2597364E+001, 4.3334590E+001
 5.1000000E+002, 7.7769639E+002, 5.3971040E+002, 2.4707749E+002, 1.6229740E+002, 9.5005370E+001, 4.4482640E+001
 5.2000000E+002, 7.7784735E+002, 5.4119145E+002, 2.4915119E+002, 1.6448933E+002, 9.7061795E+001, 4.5476357E+001
 5.3000000E+002, 7.7801746E+002, 5.4286603E+002, 2.5151900E+002, 1.6699799E+002, 9.9451275E+001, 4.6646160E+001
 5.4000000E+002, 7.7818143E+002, 5.4448599E+002, 2.5383353E+002, 1.6945572E+002, 1.0182951E+002, 4.7826396E+001
 5.5000000E+002, 7.7831734E+002, 5.4583312E+002, 2.5577666E+002, 1.7152292E+002, 1.0385844E+002, 4.8845693E+001
 5.6000000E+002, 7.7847076E+002, 5.4735875E+002, 2.5799794E+002, 1.7388994E+002, 1.0621376E+002, 5.0043110E+001
 5.7000000E+002, 7.7861891E+002, 5.4883712E+002, 2.6017185E+002, 1.7621013E+002, 1.0855578E+002, 5.1248671E+001
 5.8000000E+002, 7.7874190E+002, 5.5006842E+002, 2.6199894E+002, 1.7816264E+002, 1.1055221E+002, 5.2287941E+001
 5.9000000E+002, 7.7888096E+002, 5.5146499E+002, 2.6408981E+002, 1.8039949E+002, 1.1286804E+002, 5.3506736E+001
 6.0000000E+002, 7.7901546E+002, 5.5282046E+002, 2.6613842E+002, 1.8259336E+002, 1.1516907E+002, 5.4731705E+001
 6.1000000E+002, 7.7912730E+002, 5.5395104E+002, 2.6786198E+002, 1.8444058E+002, 1.1712927E+002, 5.5786123E+001
 6.2000000E+002, 7.7925393E+002, 5.5523520E+002, 2.6983635E+002, 1.8655800E+002, 1.1940172E+002, 5.7020938E+001
 6.3000000E+002, 7.7937661E+002, 5.5648345E+002, 2.7177288E+002, 1.8863600E+002, 1.2165829E+002, 5.8260243E+001
 6.4000000E+002, 7.7947877E+002, 5.5752603E+002, 2.7340370E+002, 1.9038667E+002, 1.2357961E+002, 5.9325674E+001
 6.5000000E+002, 7.7959460E+002, 5.5871183E+002, 2.7527360E+002, 1.9239458E+002, 1.2580592E+002, 6.0571931E+001
 6.6000000E+002, 7.7970698E+002, 5.5986612E+002, 2.7710948E+002, 1.9436636E+002, 1.2801561E+002, 6.1821239E+001
 6.7000000E+002, 7.7980069E+002, 5.6083148E+002, 2.7865694E+002, 1.9602853E+002, 1.2989624E+002, 6.2894161E+001
 6.8000000E+002, 7.7990710E+002, 5.6193084E+002, 2.8043281E+002, 1.9793608E+002, 1.3207457E+002, 6.4147960E+001
 6.9000000E+002, 7.8001048E+002, 5.6300243E+002, 2.8217799E+002, 1.9981052E+002, 1.3423581E+002, 6.5403589E+001
 7.0000000E+002, 7.8009679E+002, 5.6389972E+002, 2.8365023E+002, 2.0139158E+002, 1.3607461E+002, 6.6481011E+001
 7.1000000E+002, 7.8019493E+002, 5.6492281E+002, 2.8534117E+002, 2.0320715E+002, 1.3820384E+002, 6.7739045E+001
 7.2000000E+002, 7.8029041E+002, 5.6592133E+002, 2.8700431E+002, 2.0499236E+002, 1.4031574E+002, 6.8997877E+001
 7.3000000E+002, 7.8037022E+002, 5.6675841E+002, 2.8840845E+002, 2.0649907E+002, 1.4211210E+002, 7.0077268E+001
 7.4000000E+002, 7.8046107E+002, 5.6771394E+002, 2.9002240E+002, 2.0823030E+002, 1.4419170E+002, 7.1336744E+001
 7.5000000E+002, 7.8054958E+002, 5.6864765E+002, 2.9161111E+002, 2.0993370E+002, 1.4625390E+002, 7.2596148E+001
 7.6000000E+002, 7.8062366E+002, 5.6943126E+002, 2.9295338E+002, 2.1137223E+002, 1.4800765E+002, 7.3675376E+001
 7.7000000E+002, 7.8070808E+002, 5.7032673E+002, 2.9449732E+002, 2.1302611E+002, 1.5003756E+002, 7.4933943E+001
 7.8000000E+002, 7.8079043E+002, 5.7120275E+002, 2.9601825E+002, 2.1465444E+002, 1.5205013E+002, 7.6191708E+001
 7.9000000E+002, 7.8085943E+002, 5.7193872E+002, 2.9730414E+002, 2.1603039E+002, 1.5376142E+002, 7.7268983E+001
 8.0000000E+002, 7.8093815E+002, 5.7278061E+002, 2.9878421E+002, 2.1761326E+002, 1.5574192E+002, 7.8524670E+001
 8.1000000E+002, 7.8101503E+002, 5.7360511E+002, 3.0024325E+002, 2.1917267E+002, 1.5770526E+002, 7.9778945E+001
 8.2000000E+002, 7.8107951E+002, 5.7429849E+002, 3.0147760E+002, 2.2049115E+002, 1.5937453E+002, 8.0852772E+001
 8.3000000E+002, 7.8115316E+002, 5.7509243E+002, 3.0289923E+002, 2.2200879E+002, 1.6130621E+002, 8.2103934E+001
 8.4000000E+002, 7.8122516E+002, 5.7587078E+002, 3.0430158E+002, 2.2350486E+002, 1.6322099E+002, 8.3353178E+001
 8.5000000E+002, 7.8128563E+002, 5.7652596E+002, 3.0548866E+002, 2.2477051E+002, 1.6484885E+002, 8.4422313E+001
 8.6000000E+002, 7.8135475E+002, 5.7727686E+002, 3.0685667E+002, 2.2622816E+002, 1.6673252E+002, 8.5667587E+001
 8.7000000E+002, 7.8142241E+002, 5.7801373E+002, 3.0820694E+002, 2.2766596E+002, 1.6859960E+002, 8.6910522E+001
 8.8000000E+002, 7.8147927E+002, 5.7863455E+002, 3.0935058E+002, 2.2888299E+002, 1.7018686E+002, 8.7973936E+001
 8.9000000E+002, 7.8154435E+002, 5.7934668E+002, 3.1066924E+002, 2.3028541E+002, 1.7202348E+002, 8.9212193E+001
 9.0000000E+002, 7.8160811E+002, 5.8004616E+002, 3.1197154E+002, 2.3166955E+002, 1.7384389E+002, 9.0447768E+001
 9.1000000E+002, 7.8166175E+002, 5.8063598E+002, 3.1307513E+002, 2.3284179E+002, 1.7539145E+002, 9.1504616E+001
 9.2000000E+002, 7.8172319E+002, 5.8131312E+002, 3.1434826E+002, 2.3419331E+002, 1.7718213E+002, 9.2734934E+001
 9.3000000E+002, 7.8178346E+002, 5.8197881E+002, 3.1560628E+002, 2.3552797E+002, 1.7895701E+002, 9.3962287E+001
 9.4000000E+002, 7.8183420E+002, 5.8254059E+002, 3.1667286E+002, 2.3665889E+002, 1.8046588E+002, 9.5011881E+001
 9.5000000E+002, 7.8189237E+002, 5.8318603E+002, 3.1790387E+002, 2.3796344E+002, 1.8221182E+002, 9.6233508E+001
 9.6000000E+002, 7.8194948E+002, 5.8382109E+002, 3.1912089E+002, 2.3925241E+002, 1.8394239E+002, 9.7451945E+001
 9.7000000E+002, 7.8199762E+002, 5.8435743E+002, 3.2015318E+002, 2.4034516E+002, 1.8541363E+002, 9.8493727E+001
 9.8000000E+002, 7.8205284E+002, 5.8497410E+002, 3.2134515E+002, 2.4160631E+002, 1.8711608E+002, 9.9706060E+001
 9.9000000E+002, 7.8210711E+002, 5.8558133E+002, 3.2252413E+002, 2.4285305E+002, 1.8880362E+002, 1.0091502E+002
 1.0000000E+003, 7.8215288E+002, 5.8609453E+002, 3.2352458E+002, 2.4391050E+002, 1.9023834E+002, 1.0194855E+002
 1.0100000E+003, 7.8220544E+002, 5.8668502E+002, 3.2468028E+002, 2.4513149E+002, 1.9189862E+002, 1.0315111E+002
 1.0200000E+003, 7.8225713E+002, 5.8726689E+002, 3.2582388E+002, 2.4633913E+002, 1.9354446E+002, 1.0435015E+002
 1.0300000E+003, 7.8230077E+002, 5.8775900E+002, 3.2679471E+002, 2.4736389E+002, 1.9494380E+002, 1.0537508E+002
 1.0400000E+003, 7.8235091E+002, 5.8832559E+002, 3.2791662E+002, 2.4854766E+002, 1.9656323E+002, 1.0656749E+002
 1.0500000E+003, 7.8240027E+002, 5.8888431E+002, 3.2902726E+002, 2.4971905E+002, 1.9816869E+002, 1.0775628E+002
 1.0600000E+003, 7.8244196E+002, 5.8935713E+002, 3.2997045E+002, 2.5071348E+002, 1.9953380E+002, 1.0877234E+002
 1.0700000E+003, 7.8248991E+002, 5.8990186E+002, 3.3106084E+002, 2.5186271E+002, 2.0111374E+002, 1.0995432E+002
 1.0800000E+003, 7.8253714E+002, 5.9043938E+002, 3.3214070E+002, 2.5300044E+002, 2.0268017E+002, 1.1113260E+002
 1.0900000E+003, 7.8257707E+002, 5.9089454E+002, 3.3305808E+002, 2.5396671E+002, 2.0401220E+002, 1.1213958E+002
 1.1000000E+003, 7.8262302E+002, 5.9141923E+002, 3.3411900E+002, 2.5508384E+002, 2.0555399E+002, 1.1331092E+002
 1.1100000E+003, 7.8266831E+002, 5.9193730E+002, 3.3517005E+002, 2.5619027E+002, 2.0708273E+002, 1.1447850E+002
 1.1200000E+003, 7.8270662E+002, 5.9237623E+002, 3.3606326E+002, 2.5713032E+002, 2.0838283E+002, 1.1547627E+002
 1.1300000E+003, 7.8275075E+002, 5.9288251E+002, 3.3709657E+002, 2.5821756E+002, 2.0988779E+002, 1.1663683E+002
 1.1400000E+003, 7.8279427E+002, 5.9338269E+002, 3.3812062E+002, 2.5929484E+002, 2.1138017E+002, 1.1779358E+002
 1.1500000E+003, 7.8283112E+002, 5.9380670E+002, 3.3899116E+002, 2.6021047E+002, 2.1264947E+002, 1.1878205E+002
 1.1600000E+003, 7.8287357E+002, 5.9429601E+002, 3.3999856E+002, 2.6126986E+002, 2.1411892E+002, 1.1993172E+002
 1.1700000E+003, 7.8291548E+002, 5.9477970E+002, 3.4099726E+002, 2.6231994E+002, 2.1557625E+002, 1.2107757E+002
 1.1800000E+003, 7.8295097E+002, 5.9518994E+002, 3.4184650E+002, 2.6321276E+002, 2.1681586E+002, 1.2205669E+002
 1.1900000E+003, 7.8299189E+002, 5.9566360E+002, 3.4282954E+002, 2.6424614E+002, 2.1825109E+002, 1.2319543E+002
 1.2000000E+003, 7.8303231E+002, 5.9613206E+002, 3.4380439E+002, 2.6527081E+002, 2.1967464E+002, 1.2433035E+002
 1.2100000E+003, 7.8306656E+002, 5.9652957E+002, 3.4463359E+002, 2.6614232E+002, 2.2088566E+002, 1.2530008E+002
 1.2200000E+003, 7.8310608E+002, 5.9698874E+002, 3.4559368E+002, 2.6715136E+002, 2.2228793E+002, 1.2642789E+002
 1.2300000E+003, 7.8314513E+002, 5.9744311E+002, 3.4654606E+002, 2.6815225E+002, 2.2367896E+002, 1.2755187E+002
 1.2400000E+003, 7.8317825E+002, 5.9782882E+002, 3.4735636E+002, 2.6900381E+002, 2.2486244E+002, 1.2851224E+002
 1.2500000E+003, 7.8321647E+002, 5.9827458E+002, 3.4829482E+002, 2.6999004E+002, 2.2623299E+002, 1.2962912E+002
 1.2600000E+003, 7.8325426E+002, 5.9871586E+002, 3.4922599E+002, 2.7096864E+002, 2.2759272E+002, 1.3074220E+002
 1.2700000E+003, 7.8328632E+002, 5.9909064E+002, 3.5001845E+002, 2.7180148E+002, 2.2874970E+002, 1.3169323E+002
 1.2800000E+003, 7.8332335E+002, 5.9952392E+002, 3.5093647E+002, 2.7276632E+002, 2.3008971E+002, 1.3279924E+002
 1.2900000E+003, 7.8335998E+002, 5.9995305E+002, 3.5184759E+002, 2.7372399E+002, 2.3141932E+002, 1.3390146E+002
 1.3000000E+003, 7.8339107E+002, 6.0031765E+002, 3.5262317E+002, 2.7453924E+002, 2.3255080E+002, 1.3484321E+002
 1.3100000E+003, 7.8342699E+002, 6.0073933E+002, 3.5352185E+002, 2.7548398E+002, 2.3386144E+002, 1.3593841E+002
 1.3200000E+003, 7.8346255E+002, 6.0115714E+002, 3.5441400E+002, 2.7642195E+002, 2.3516207E+002, 1.3702985E+002
 1.3300000E+003, 7.8349274E+002, 6.0151225E+002, 3.5517360E+002, 2.7722066E+002, 2.3626902E+002, 1.3796238E+002
 1.3400000E+003, 7.8352764E+002, 6.0192311E+002, 3.5605395E+002, 2.7814646E+002, 2.3755141E+002, 1.3904685E+002
 1.3500000E+003, 7.8356219E+002, 6.0233035E+002, 3.5692812E+002, 2.7906589E+002, 2.3882416E+002, 1.4012760E+002
 1.3600000E+003, 7.8359155E+002, 6.0267660E+002, 3.5767256E+002, 2.7984901E+002, 2.3990753E+002, 1.4105099E+002
 1.3700000E+003, 7.8362550E+002, 6.0307735E+002, 3.5853552E+002, 2.8075695E+002, 2.4116274E+002, 1.4212484E+002
 1.3800000E+003, 7.8365913E+002, 6.0347472E+002, 3.5939261E+002, 2.8165888E+002, 2.4240869E+002, 1.4319500E+002
 1.3900000E+003, 7.8368771E+002, 6.0381269E+002, 3.6012265E+002, 2.8242727E+002, 2.4346937E+002, 1.4410934E+002
 1.4000000E+003, 7.8372078E+002, 6.0420397E+002, 3.6096910E+002, 2.8331835E+002, 2.4469846E+002, 1.4517267E+002
 1.4100000E+003, 7.8375354E+002, 6.0459209E+002, 3.6180995E+002, 2.8420375E+002, 2.4591863E+002, 1.4623235E+002
 1.4200000E+003, 7.8378140E+002, 6.0492229E+002, 3.6252630E+002, 2.8495821E+002, 2.4695749E+002, 1.4713775E+002
 1.4300000E+003, 7.8381364E+002, 6.0530470E+002, 3.6335703E+002, 2.8583333E+002, 2.4816145E+002, 1.4819068E+002
 1.4400000E+003, 7.8384561E+002, 6.0568413E+002, 3.6418243E+002, 2.8670307E+002, 2.4935683E+002, 1.4923999E+002
 1.4500000E+003, 7.8387279E+002, 6.0600704E+002, 3.6488574E+002, 2.8744435E+002, 2.5037472E+002, 1.5013655E+002
 1.4600000E+003, 7.8390426E+002, 6.0638111E+002, 3.6570149E+002, 2.8830435E+002, 2.5155450E+002, 1.5117920E+002
 1.4700000E+003, 7.8393548E+002, 6.0675238E+002, 3.6651217E+002, 2.8915925E+002, 2.5272605E+002, 1.5221828E+002
 1.4800000E+003, 7.8396203E+002, 6.0706843E+002, 3.6720305E+002, 2.8988802E+002, 2.5372376E+002, 1.5310610E+002
 1.4900000E+003, 7.8399278E+002, 6.0743465E+002, 3.6800452E+002, 2.9073367E+002, 2.5488030E+002, 1.5413860E+002
 1.5000000E+003, 7.8402329E+002, 6.0779823E+002, 3.6880114E+002, 2.9157447E+002, 2.5602892E+002, 1.5516759E+002
 1.5100000E+003, 7.8404926E+002, 6.0810781E+002, 3.6948016E+002, 2.9229135E+002, 2.5700723E+002, 1.5604678E+002
 1.5200000E+003, 7.8407933E+002, 6.0846664E+002, 3.7026798E+002, 2.9312336E+002, 2.5814142E+002, 1.5706927E+002
 1.5300000E+003, 7.8410918E+002, 6.0882297E+002, 3.7105117E+002, 2.9395075E+002, 2.5926798E+002, 1.5808829E+002
 1.5400000E+003, 7.8413459E+002, 6.0912645E+002, 3.7171885E+002, 2.9465633E+002, 2.6022762E+002, 1.5895898E+002
 1.5500000E+003, 7.8416403E+002, 6.0947828E+002, 3.7249363E+002, 2.9547535E+002, 2.6134030E+002, 1.5997159E+002
 1.5600000E+003, 7.8419326E+002, 6.0982775E+002, 3.7326398E+002, 2.9628997E+002, 2.6244565E+002, 1.6098078E+002
 1.5700000E+003, 7.8421815E+002, 6.1012546E+002, 3.7392080E+002, 2.9698477E+002, 2.6338733E+002, 1.6184308E+002
 1.5800000E+003, 7.8424700E+002, 6.1047068E+002, 3.7468309E+002, 2.9779141E+002, 2.6447932E+002, 1.6284595E+002
 1.5900000E+003, 7.8427564E+002, 6.1081367E+002, 3.7544114E+002, 2.9859385E+002, 2.6556425E+002, 1.6384545E+002
 1.6000000E+003, 7.8430004E+002, 6.1110592E+002, 3.7608757E+002, 2.9927836E+002, 2.6648864E+002, 1.6469948E+002
 1.6100000E+003, 7.8432833E+002, 6.1144487E+002, 3.7683789E+002, 3.0007317E+002, 2.6756072E+002, 1.6569275E+002
 1.6200000E+003, 7.8435642E+002, 6.1178171E+002, 3.7758415E+002, 3.0086397E+002, 2.6862600E+002, 1.6668269E+002
 1.6300000E+003, 7.8438036E+002, 6.1206877E+002, 3.7822060E+002, 3.0153865E+002, 2.6953376E+002, 1.6752857E+002
 1.6400000E+003, 7.8440811E+002, 6.1240177E+002, 3.7895945E+002, 3.0232215E+002, 2.7058666E+002, 1.6851238E+002
 1.6500000E+003, 7.8443569E+002, 6.1273277E+002, 3.7969439E+002, 3.0310181E+002, 2.7163302E+002, 1.6949290E+002
 1.6600000E+003, 7.8445918E+002, 6.1301490E+002, 3.8032127E+002, 3.0376708E+002, 2.7252476E+002, 1.7033075E+002
 1.6700000E+003, 7.8448643E+002, 6.1334226E+002, 3.8104909E+002, 3.0453976E+002, 2.7355920E+002, 1.7130523E+002
 1.6800000E+003, 7.8451352E+002, 6.1366769E+002, 3.8177315E+002, 3.0530875E+002, 2.7458735E+002, 1.7227648E+002
 1.6900000E+003, 7.8453660E+002, 6.1394514E+002, 3.8239083E+002, 3.0596500E+002, 2.7546366E+002, 1.7310642E+002
 1.7000000E+003, 7.8456338E+002, 6.1426711E+002, 3.8310805E+002, 3.0672729E+002, 2.7648032E+002, 1.7407171E+002
 1.7100000E+003, 7.8458999E+002, 6.1458726E+002, 3.8382166E+002, 3.0748604E+002, 2.7749091E+002, 1.7503382E+002
 1.7200000E+003, 7.8461268E+002, 6.1486024E+002, 3.8443048E+002, 3.0813363E+002, 2.7835236E+002, 1.7585596E+002
 1.7300000E+003, 7.8463901E+002, 6.1517708E+002, 3.8513750E+002, 3.0888595E+002, 2.7935189E+002, 1.7681221E+002
 1.7400000E+003, 7.8466518E+002, 6.1549217E+002, 3.8584104E+002, 3.0963487E+002, 2.8034556E+002, 1.7776531E+002
 1.7500000E+003, 7.8468750E+002, 6.1576089E+002, 3.8644133E+002, 3.1027414E+002, 2.8119269E+002, 1.7857977E+002
 1.7600000E+003, 7.8471339E+002, 6.1607283E+002, 3.8713852E+002, 3.1101687E+002, 2.8217570E+002, 1.7952710E+002
 1.7700000E+003, 7.8473914E+002, 6.1638310E+002, 3.8783236E+002, 3.1175634E+002, 2.8315307E+002, 1.8047133E+002
 1.7800000E+003, 7.8476110E+002, 6.1664774E+002, 3.8842444E+002, 3.1238759E+002, 2.8398638E+002, 1.8127823E+002
 1.7900000E+003, 7.8478659E+002, 6.1695499E+002, 3.8911215E+002, 3.1312110E+002, 2.8495346E+002, 1.8221677E+002
 1.8000000E+003, 7.8481194E+002, 6.1726065E+002, 3.8979663E+002, 3.1385145E+002, 2.8591511E+002, 1.8315226E+002
 1.8100000E+003, 7.8483356E+002, 6.1752140E+002, 3.9038078E+002, 3.1447499E+002, 2.8673510E+002, 1.8395171E+002
 1.8200000E+003, 7.8485866E+002, 6.1782416E+002, 3.9105934E+002, 3.1519960E+002, 2.8768682E+002, 1.8488160E+002
 1.8300000E+003, 7.8488363E+002, 6.1812540E+002, 3.9173478E+002, 3.1592116E+002, 2.8863329E+002, 1.8580849E+002
 1.8400000E+003, 7.8490492E+002, 6.1838240E+002, 3.9231127E+002, 3.1653726E+002, 2.8944042E+002, 1.8660059E+002
 1.8500000E+003, 7.8492965E+002, 6.1868086E+002, 3.9298100E+002, 3.1725328E+002, 2.9037732E+002, 1.8752195E+002
 1.8600000E+003, 7.8495425E+002, 6.1897786E+002, 3.9364771E+002, 3.1796637E+002, 2.9130915E+002, 1.8844036E+002
 1.8700000E+003, 7.8497524E+002, 6.1923128E+002, 3.9421679E+002, 3.1857527E+002, 2.9210387E+002, 1.8922523E+002
 1.8800000E+003, 7.8499961E+002, 6.1952561E+002, 3.9487798E+002, 3.1928300E+002, 2.9302645E+002, 1.9013820E+002
 1.8900000E+003, 7.8502386E+002, 6.1981854E+002, 3.9553624E+002, 3.1998789E+002, 2.9394414E+002, 1.9104826E+002
 1.9000000E+003, 7.8504455E+002, 6.2006851E+002, 3.9609816E+002, 3.2058984E+002, 2.9472688E+002, 1.9182600E+002
 1.9100000E+003, 7.8506858E+002, 6.2035887E+002, 3.9675108E+002, 3.2128955E+002, 2.9563563E+002, 1.9273069E+002
 1.9200000E+003, 7.8509250E+002, 6.2064788E+002, 3.9740117E+002, 3.2198650E+002, 2.9653965E+002, 1.9363252E+002
 1.9300000E+003, 7.8511290E+002, 6.2089454E+002, 3.9795615E+002, 3.2258173E+002, 2.9731081E+002, 1.9440324E+002
 1.9400000E+003, 7.8513661E+002, 6.2118108E+002, 3.9860106E+002, 3.2327366E+002, 2.9820620E+002, 1.9529979E+002
 1.9500000E+003, 7.8516020E+002, 6.2146632E+002, 3.9924323E+002, 3.2396293E+002, 2.9909702E+002, 1.9619351E+002
 1.9600000E+003, 7.8518033E+002, 6.2170978E+002, 3.9979149E+002, 3.2455164E+002, 2.9985698E+002, 1.9695731E+002
 1.9700000E+003, 7.8520372E+002, 6.2199264E+002, 4.0042864E+002, 3.2523604E+002, 3.0073945E+002, 1.9784582E+002
 1.9800000E+003, 7.8522701E+002, 6.2227424E+002, 4.0106312E+002, 3.2591786E+002, 3.0161750E+002, 1.9873155E+002
 1.9900000E+003, 7.8524688E+002, 6.2251463E+002, 4.0160487E+002, 3.2650025E+002, 3.0236664E+002, 1.9948854E+002
 2.0000000E+003, 7.8526997E+002, 6.2279394E+002, 4.0223448E+002, 3.2717734E+002, 3.0323661E+002, 2.0036914E+002
 2.0100000E+003, 7.8529295E+002, 6.2307203E+002, 4.0286152E+002, 3.2785193E+002, 3.0410231E+002, 2.0124699E+002
 2.0200000E+003, 7.8531257E+002, 6.2330944E+002, 4.0339693E+002, 3.2842818E+002, 3.0484097E+002, 2.0199727E+002
 2.0300000E+003, 7.8533537E+002, 6.2358532E+002, 4.0401924E+002, 3.2909817E+002, 3.0569885E+002, 2.0287006E+002
 2.0400000E+003, 7.8535806E+002, 6.2386003E+002, 4.0463903E+002, 3.2976574E+002, 3.0655259E+002, 2.0374016E+002
 2.0500000E+003, 7.8537744E+002, 6.2409457E+002, 4.0516830E+002, 3.3033601E+002, 3.0728110E+002, 2.0448381E+002
 2.0600000E+003, 7.8539996E+002, 6.2436713E+002, 4.0578350E+002, 3.3099912E+002, 3.0812727E+002, 2.0534892E+002
 2.0700000E+003, 7.8542238E+002, 6.2463856E+002, 4.0639626E+002, 3.3165985E+002, 3.0896943E+002, 2.0621137E+002
 2.0800000E+003, 7.8544152E+002, 6.2487032E+002, 4.0691956E+002, 3.3222432E+002, 3.0968812E+002, 2.0694849E+002
 2.0900000E+003, 7.8546377E+002, 6.2513967E+002, 4.0752785E+002, 3.3288071E+002, 3.1052294E+002, 2.0780603E+002
 2.1000000E+003, 7.8548592E+002, 6.2540793E+002, 4.0813377E+002, 3.3353479E+002, 3.1135388E+002, 2.0866093E+002
 2.1100000E+003, 7.8550484E+002, 6.2563700E+002, 4.0865125E+002, 3.3409361E+002, 3.1206305E+002, 2.0939163E+002
 2.1200000E+003, 7.8552682E+002, 6.2590325E+002, 4.0925282E+002, 3.3474346E+002, 3.1288687E+002, 2.1024169E+002
 2.1300000E+003, 7.8554872E+002, 6.2616843E+002, 4.0985208E+002, 3.3539107E+002, 3.1370693E+002, 2.1108916E+002
 2.1400000E+003, 7.8556741E+002, 6.2639489E+002, 4.1036391E+002, 3.3594438E+002, 3.1440687E+002, 2.1181351E+002
 2.1500000E+003, 7.8558914E+002, 6.2665812E+002, 4.1095894E+002, 3.3658787E+002, 3.1522003E+002, 2.1265621E+002
 2.1600000E+003, 7.8561079E+002, 6.2692032E+002, 4.1155171E+002, 3.3722916E+002, 3.1602954E+002, 2.1349635E+002
 2.1700000E+003, 7.8562927E+002, 6.2714425E+002, 4.1205803E+002, 3.3777710E+002, 3.1672052E+002, 2.1421445E+002
 2.1800000E+003, 7.8565076E+002, 6.2740456E+002, 4.1264668E+002, 3.3841437E+002, 3.1752334E+002, 2.1504989E+002
 2.1900000E+003, 7.8567216E+002, 6.2766387E+002, 4.1323314E+002, 3.3904950E+002, 3.1832260E+002, 2.1588280E+002
 2.2000000E+003, 7.8569044E+002, 6.2788534E+002, 4.1373408E+002, 3.3959221E+002, 3.1900489E+002, 2.1659474E+002
 2.2100000E+003, 7.8571169E+002, 6.2814280E+002, 4.1431652E+002, 3.4022341E+002, 3.1979766E+002, 2.1742301E+002
 2.2200000E+003, 7.8573285E+002, 6.2839930E+002, 4.1489681E+002, 3.4085253E+002, 3.2058699E+002, 2.1824880E+002
 2.2300000E+003, 7.8575093E+002, 6.2861838E+002, 4.1539252E+002, 3.4139012E+002, 3.2126083E+002, 2.1895465E+002
 2.2400000E+003, 7.8577195E+002, 6.2887308E+002, 4.1596889E+002, 3.4201540E+002, 3.2204385E+002, 2.1977586E+002
 2.2500000E+003, 7.8579289E+002, 6.2912684E+002, 4.1654318E+002, 3.4263864E+002, 3.2282351E+002, 2.2059462E+002
 2.2600000E+003, 7.8581077E+002, 6.2934360E+002, 4.1703377E+002, 3.4317123E+002, 3.2348916E+002, 2.2129447E+002
 2.2700000E+003, 7.8583157E+002, 6.2959562E+002, 4.1760422E+002, 3.4379072E+002, 3.2426269E+002, 2.2210871E+002
 2.2800000E+003, 7.8585228E+002, 6.2984671E+002, 4.1817264E+002, 3.4440821E+002, 3.2503297E+002, 2.2292054E+002
 2.2900000E+003, 7.8586998E+002, 6.3006121E+002, 4.1865824E+002, 3.4493591E+002, 3.2569064E+002, 2.2361447E+002
 2.3000000E+003, 7.8589056E+002, 6.3031061E+002, 4.1922291E+002, 3.4554974E+002, 3.2645496E+002, 2.2442184E+002
 2.3100000E+003, 7.8591106E+002, 6.3055911E+002, 4.1978559E+002, 3.4616161E+002, 3.2721611E+002, 2.2522683E+002
 2.3200000E+003, 7.8592857E+002, 6.3077140E+002, 4.2026631E+002, 3.4668453E+002, 3.2786602E+002, 2.2591492E+002
 2.3300000E+003, 7.8594894E+002, 6.3101825E+002, 4.2082534E+002, 3.4729281E+002, 3.2862137E+002, 2.2671551E+002
 2.3400000E+003, 7.8596923E+002, 6.3126423E+002, 4.2138241E+002, 3.4789918E+002, 3.2937363E+002, 2.2751375E+002
 2.3500000E+003, 7.8598656E+002, 6.3147437E+002, 4.2185837E+002, 3.4841741E+002, 3.3001600E+002, 2.2819608E+002
 2.3600000E+003, 7.8600672E+002, 6.3171873E+002, 4.2241186E+002, 3.4902026E+002, 3.3076262E+002, 2.2898998E+002
 2.3700000E+003, 7.8602681E+002, 6.3196224E+002, 4.2296346E+002, 3.4962124E+002, 3.3150624E+002, 2.2978155E+002
 2.3800000E+003, 7.8604397E+002, 6.3217028E+002, 4.2343475E+002, 3.5013488E+002, 3.3214126E+002, 2.3045821E+002
 2.3900000E+003, 7.8606392E+002, 6.3241222E+002, 4.2398285E+002, 3.5073241E+002, 3.3287938E+002, 2.3124550E+002
 2.4000000E+003, 7.8608381E+002, 6.3265332E+002, 4.2452908E+002, 3.5132810E+002, 3.3361457E+002, 2.3203050E+002
 2.4100000E+003, 7.8610080E+002, 6.3285932E+002, 4.2499580E+002, 3.5183725E+002, 3.3424243E+002, 2.3270155E+002
 2.4200000E+003, 7.8612056E+002, 6.3309888E+002, 4.2553861E+002, 3.5242956E+002, 3.3497227E+002, 2.3348232E+002
 2.4300000E+003, 7.8614026E+002, 6.3333763E+002, 4.2607959E+002, 3.5302007E+002, 3.3569926E+002, 2.3426084E+002
 2.4400000E+003, 7.8615708E+002, 6.3354163E+002, 4.2654185E+002, 3.5352480E+002, 3.3632015E+002, 2.3492634E+002
 2.4500000E+003, 7.8617665E+002, 6.3377888E+002, 4.2707948E+002, 3.5411200E+002, 3.3704191E+002, 2.3570069E+002
 2.4600000E+003, 7.8619615E+002, 6.3401533E+002, 4.2761532E+002, 3.5469743E+002, 3.3776090E+002, 2.3647280E+002
 2.4700000E+003, 7.8621282E+002, 6.3421737E+002, 4.2807320E+002, 3.5519783E+002, 3.3837498E+002, 2.3713284E+002
 2.4800000E+003, 7.8623220E+002, 6.3445235E+002, 4.2860575E+002, 3.5578001E+002, 3.3908887E+002, 2.3790083E+002
 2.4900000E+003, 7.8625151E+002, 6.3468655E+002, 4.2913655E+002, 3.5636045E+002, 3.3980005E+002, 2.3866662E+002
 2.5000000E+003, 7.8626802E+002, 6.3488668E+002, 4.2959014E+002, 3.5685660E+002, 3.4040750E+002, 2.3932127E+002
 2.5100000E+003, 7.8628722E+002, 6.3511945E+002, 4.3011772E+002, 3.5743384E+002, 3.4111371E+002, 2.4008299E+002
 2.5200000E+003, 7.8630635E+002, 6.3535145E+002, 4.3064359E+002, 3.5800938E+002, 3.4181728E+002, 2.4084254E+002
 2.5300000E+003, 7.8632271E+002, 6.3554971E+002, 4.3109297E+002, 3.5850135E+002, 3.4241824E+002, 2.4149185E+002
 2.5400000E+003, 7.8634173E+002, 6.3578031E+002, 4.3161567E+002, 3.5907376E+002, 3.4311695E+002, 2.4224739E+002
 2.5500000E+003, 7.8636068E+002, 6.3601015E+002, 4.3213669E+002, 3.5964448E+002, 3.4381308E+002, 2.4300077E+002
 2.5600000E+003, 7.8637688E+002, 6.3620658E+002, 4.3258195E+002, 3.6013235E+002, 3.4440772E+002, 2.4364483E+002
 2.5700000E+003, 7.8639573E+002, 6.3643505E+002, 4.3309987E+002, 3.6069999E+002, 3.4509911E+002, 2.4439425E+002
 2.5800000E+003, 7.8641451E+002, 6.3666279E+002, 4.3361613E+002, 3.6126599E+002, 3.4578797E+002, 2.4514155E+002
 2.5900000E+003, 7.8643056E+002, 6.3685741E+002, 4.3405734E+002, 3.6174982E+002, 3.4637644E+002, 2.4578041E+002
 2.6000000E+003, 7.8644924E+002, 6.3708380E+002, 4.3457057E+002, 3.6231278E+002, 3.4706067E+002, 2.4652380E+002
 2.6100000E+003, 7.8646785E+002, 6.3730947E+002, 4.3508217E+002, 3.6287413E+002, 3.4774243E+002, 2.4726509E+002
 2.6200000E+003, 7.8648376E+002, 6.3750234E+002, 4.3551940E+002, 3.6335399E+002, 3.4832485E+002, 2.4789882E+002
 2.6300000E+003, 7.8650226E+002, 6.3772668E+002, 4.3602802E+002, 3.6391235E+002, 3.4900209E+002, 2.4863624E+002
 2.6400000E+003, 7.8652071E+002, 6.3795033E+002, 4.3653504E+002, 3.6446912E+002, 3.4967691E+002, 2.4937159E+002
 2.6500000E+003, 7.8653647E+002, 6.3814146E+002, 4.3696837E+002, 3.6494508E+002, 3.5025342E+002, 2.5000025E+002
 2.6600000E+003, 7.8655481E+002, 6.3836381E+002, 4.3747246E+002, 3.6549891E+002, 3.5092381E+002, 2.5073179E+002
 2.6700000E+003, 7.8657309E+002, 6.3858546E+002, 4.3797498E+002, 3.6605117E+002, 3.5159185E+002, 2.5146127E+002
 2.6800000E+003, 7.8658872E+002, 6.3877490E+002, 4.3840448E+002, 3.6652329E+002, 3.5216258E+002, 2.5208493E+002
 2.6900000E+003, 7.8660690E+002, 6.3899528E+002, 4.3890412E+002, 3.6707267E+002, 3.5282628E+002, 2.5281065E+002
 2.7000000E+003, 7.8662502E+002, 6.3921498E+002, 4.3940222E+002, 3.6762049E+002, 3.5348767E+002, 2.5353434E+002
 2.7100000E+003, 7.8664051E+002, 6.3940275E+002, 4.3982795E+002, 3.6808883E+002, 3.5405275E+002, 2.5415305E+002
 2.7200000E+003, 7.8665853E+002, 6.3962120E+002, 4.4032322E+002, 3.6863382E+002, 3.5470990E+002, 2.5487302E+002
 2.7300000E+003, 7.8667649E+002, 6.3983898E+002, 4.4081697E+002, 3.6917728E+002, 3.5536478E+002, 2.5559099E+002
 2.7400000E+003, 7.8669185E+002, 6.4002512E+002, 4.4123900E+002, 3.6964190E+002, 3.5592432E+002, 2.5620481E+002
 2.7500000E+003, 7.8670971E+002, 6.4024167E+002, 4.4172997E+002, 3.7018255E+002, 3.5657505E+002, 2.5691910E+002
 2.7600000E+003, 7.8672752E+002, 6.4045757E+002, 4.4221945E+002, 3.7072171E+002, 3.5722356E+002, 2.5763142E+002
 2.7700000E+003, 7.8674274E+002, 6.4064210E+002, 4.4263783E+002, 3.7118266E+002, 3.5777768E+002, 2.5824041E+002
 2.7800000E+003, 7.8676045E+002, 6.4085679E+002, 4.4312457E+002, 3.7171906E+002, 3.5842212E+002, 2.5894909E+002
 2.7900000E+003, 7.8677811E+002, 6.4107084E+002, 4.4360985E+002, 3.7225398E+002, 3.5906440E+002, 2.5965582E+002
 2.8000000E+003, 7.8679320E+002, 6.4125379E+002, 4.4402465E+002, 3.7271132E+002, 3.5961320E+002, 2.6026004E+002
 2.8100000E+003, 7.8681076E+002, 6.4146665E+002, 4.4450724E+002, 3.7324352E+002, 3.6025148E+002, 2.6096317E+002
 2.8200000E+003, 7.8682827E+002, 6.4167888E+002, 4.4498838E+002, 3.7377427E+002, 3.6088763E+002, 2.6166438E+002
 2.8300000E+003, 7.8684324E+002, 6.4186028E+002, 4.4539965E+002, 3.7422804E+002, 3.6143123E+002, 2.6226388E+002
 2.8400000E+003, 7.8686065E+002, 6.4207134E+002, 4.4587814E+002, 3.7475610E+002, 3.6206347E+002, 2.6296153E+002
 2.8500000E+003, 7.8687801E+002, 6.4228177E+002, 4.4635522E+002, 3.7528273E+002, 3.6269362E+002, 2.6365728E+002
 2.8600000E+003, 7.8689285E+002, 6.4246165E+002, 4.4676302E+002, 3.7573299E+002, 3.6323211E+002, 2.6425213E+002
 2.8700000E+003, 7.8691012E+002, 6.4267093E+002, 4.4723748E+002, 3.7625697E+002, 3.6385842E+002, 2.6494436E+002
 2.8800000E+003, 7.8692733E+002, 6.4287960E+002, 4.4771055E+002, 3.7677954E+002, 3.6448269E+002, 2.6563472E+002
 2.8900000E+003, 7.8694205E+002, 6.4305798E+002, 4.4811493E+002, 3.7722633E+002, 3.6501616E+002, 2.6622496E+002
 2.9000000E+003, 7.8695917E+002, 6.4326552E+002, 4.4858543E+002, 3.7774629E+002, 3.6563667E+002, 2.6691183E+002
 2.9100000E+003, 7.8697625E+002, 6.4347246E+002, 4.4905455E+002, 3.7826486E+002, 3.6625516E+002, 2.6759685E+002
 2.9200000E+003, 7.8699084E+002, 6.4364935E+002, 4.4945556E+002, 3.7870823E+002, 3.6678371E+002, 2.6818254E+002
 2.9300000E+003, 7.8700783E+002, 6.4385518E+002, 4.4992215E+002, 3.7922422E+002, 3.6739851E+002, 2.6886413E+002
 2.9400000E+003, 7.8702476E+002, 6.4406041E+002, 4.5038739E+002, 3.7973883E+002, 3.6801134E+002, 2.6954388E+002
 2.9500000E+003, 7.8703924E+002, 6.4423585E+002, 4.5078509E+002, 3.8017884E+002, 3.6853506E+002, 2.7012506E+002
 2.9600000E+003, 7.8705608E+002, 6.4443998E+002, 4.5124783E+002, 3.8069091E+002, 3.6914426E+002, 2.7080141E+002
 2.9700000E+003, 7.8707288E+002, 6.4464353E+002, 4.5170924E+002, 3.8120162E+002, 3.6975152E+002, 2.7147595E+002
 2.9800000E+003, 7.8708724E+002, 6.4481754E+002, 4.5210367E+002, 3.8163830E+002, 3.7027050E+002, 2.7205268E+002
 2.9900000E+003, 7.8710395E+002, 6.4502001E+002, 4.5256262E+002, 3.8214650E+002, 3.7087419E+002, 2.7272387E+002
 3.0000000E+003, 7.8712061E+002, 6.4522190E+002, 4.5302025E+002, 3.8265336E+002, 3.7147599E+002, 2.7339325E+002
 3.0100000E+003, 7.8713485E+002, 6.4539450E+002, 4.5341147E+002, 3.8308676E+002, 3.7199031E+002, 2.7396558E+002
 3.0200000E+003, 7.8715142E+002, 6.4559533E+002, 4.5386668E+002, 3.8359114E+002, 3.7258860E+002, 2.7463165E+002
 3.0300000E+003, 7.8716795E+002, 6.4579559E+002, 4.5432059E+002, 3.8409421E+002, 3.7318502E+002, 2.7529594E+002
 3.0400000E+003, 7.8718208E+002, 6.4596679E+002, 4.5470863E+002, 3.8452436E+002, 3.7369476E+002, 2.7586392E+002
 3.0500000E+003, 7.8719852E+002, 6.4616600E+002, 4.5516015E+002, 3.8502498E+002, 3.7428774E+002, 2.7652493E+002
 3.0600000E+003, 7.8721491E+002, 6.4636466E+002, 4.5561040E+002, 3.8552429E+002, 3.7487888E+002, 2.7718418E+002
 3.0700000E+003, 7.8722893E+002, 6.4653449E+002, 4.5599531E+002, 3.8595124E+002, 3.7538412E+002, 2.7774786E+002
 3.0800000E+003, 7.8724524E+002, 6.4673211E+002, 4.5644320E+002, 3.8644813E+002, 3.7597187E+002, 2.7840386E+002
 3.0900000E+003, 7.8726151E+002, 6.4692918E+002, 4.5688983E+002, 3.8694374E+002, 3.7655782E+002, 2.7905813E+002
 3.1000000E+003, 7.8727541E+002, 6.4709766E+002, 4.5727166E+002, 3.8736753E+002, 3.7705863E+002, 2.7961756E+002
 3.1100000E+003, 7.8729159E+002, 6.4729371E+002, 4.5771596E+002, 3.8786075E+002, 3.7764126E+002, 2.8026862E+002
 3.1200000E+003, 7.8730773E+002, 6.4748921E+002, 4.5815902E+002, 3.8835270E+002, 3.7822210E+002, 2.8091796E+002
 3.1300000E+003, 7.8732153E+002, 6.4765636E+002, 4.5853781E+002, 3.8877336E+002, 3.7871856E+002, 2.8147318E+002
 3.1400000E+003, 7.8733758E+002, 6.4785086E+002, 4.5897858E+002, 3.8926295E+002, 3.7929613E+002, 2.8211934E+002
 3.1500000E+003, 7.8735359E+002, 6.4804482E+002, 4.5941812E+002, 3.8975128E+002, 3.7987195E+002, 2.8276381E+002
 3.1600000E+003, 7.8736728E+002, 6.4821065E+002, 4.5979390E+002, 3.9016885E+002, 3.8036412E+002, 2.8331487E+002
 3.1700000E+003, 7.8738321E+002, 6.4840362E+002, 4.6023118E+002, 3.9065486E+002, 3.8093672E+002, 2.8395620E+002
 3.1800000E+003, 7.8739909E+002, 6.4859607E+002, 4.6066725E+002, 3.9113962E+002, 3.8150760E+002, 2.8459585E+002
 3.1900000E+003, 7.8741268E+002, 6.4876060E+002, 4.6104007E+002, 3.9155414E+002, 3.8199556E+002, 2.8514278E+002
 3.2000000E+003, 7.8742848E+002, 6.4895206E+002, 4.6147391E+002, 3.9203660E+002, 3.8256327E+002, 2.8577933E+002
 3.2100000E+003, 7.8744424E+002, 6.4914301E+002, 4.6190655E+002, 3.9251783E+002, 3.8312928E+002, 2.8641421E+002
 3.2200000E+003, 7.8745772E+002, 6.4930626E+002, 4.6227645E+002, 3.9292934E+002, 3.8361309E+002, 2.8695708E+002
 3.2300000E+003, 7.8747341E+002, 6.4949623E+002, 4.6270689E+002, 3.9340830E+002, 3.8417598E+002, 2.8758889E+002
 3.2400000E+003, 7.8748905E+002, 6.4968570E+002, 4.6313615E+002, 3.9388604E+002, 3.8473720E+002, 2.8821905E+002
 3.2500000E+003, 7.8750242E+002, 6.4984768E+002, 4.6350315E+002, 3.9429457E+002, 3.8521693E+002, 2.8875789E+002
 3.2600000E+003, 7.8751798E+002, 6.5003619E+002, 4.6393024E+002, 3.9477007E+002, 3.8577507E+002, 2.8938502E+002
 3.2700000E+003, 7.8753351E+002, 6.5022419E+002, 4.6435617E+002, 3.9524436E+002, 3.8633158E+002, 2.9001052E+002
 3.2800000E+003, 7.8754678E+002, 6.5038493E+002, 4.6472032E+002, 3.9564994E+002, 3.8680728E+002, 2.9054537E+002
 3.2900000E+003, 7.8756222E+002, 6.5057199E+002, 4.6514410E+002, 3.9612201E+002, 3.8736076E+002, 2.9116786E+002
 3.3000000E+003, 7.8757762E+002, 6.5075855E+002, 4.6556672E+002, 3.9659290E+002, 3.8791261E+002, 2.9178875E+002
 3.3100000E+003, 7.8759079E+002, 6.5091805E+002, 4.6592807E+002, 3.9699557E+002, 3.8838435E+002, 2.9231966E+002
 3.3200000E+003, 7.8760612E+002, 6.5110368E+002, 4.6634857E+002, 3.9746426E+002, 3.8893323E+002, 2.9293757E+002
 3.3300000E+003, 7.8762141E+002, 6.5128881E+002, 4.6676794E+002, 3.9793177E+002, 3.8948051E+002, 2.9355389E+002
 3.3400000E+003, 7.8763448E+002, 6.5144711E+002, 4.6712650E+002, 3.9833156E+002, 3.8994834E+002, 2.9408090E+002
 3.3500000E+003, 7.8764969E+002, 6.5163132E+002, 4.6754378E+002, 3.9879691E+002, 3.9049268E+002, 2.9469427E+002
 3.3600000E+003, 7.8766486E+002, 6.5181505E+002, 4.6795994E+002, 3.9926109E+002, 3.9103545E+002, 2.9530608E+002
 3.3700000E+003, 7.8767783E+002, 6.5197213E+002, 4.6831575E+002, 3.9965803E+002, 3.9149943E+002, 2.9582923E+002
 3.3800000E+003, 7.8769293E+002, 6.5215495E+002, 4.6872984E+002, 4.0012006E+002, 3.9203930E+002, 2.9643812E+002
 3.3900000E+003, 7.8770799E+002, 6.5233729E+002, 4.6914282E+002, 4.0058095E+002, 3.9257762E+002, 2.9704545E+002
 3.4000000E+003, 7.8772086E+002, 6.5249319E+002, 4.6949593E+002, 4.0097508E+002, 3.9303781E+002, 2.9756478E+002
 3.4100000E+003, 7.8773585E+002, 6.5267463E+002, 4.6990686E+002, 4.0143384E+002, 3.9357327E+002, 2.9816923E+002
 3.4200000E+003, 7.8775079E+002, 6.5285559E+002, 4.7031671E+002, 4.0189146E+002, 3.9410721E+002, 2.9877214E+002
 3.4300000E+003, 7.8776357E+002, 6.5301033E+002, 4.7066713E+002, 4.0228281E+002, 3.9456366E+002, 2.9928769E+002
 3.4400000E+003, 7.8777844E+002, 6.5319040E+002, 4.7107496E+002, 4.0273833E+002, 3.9509478E+002, 2.9988775E+002
 3.4500000E+003, 7.8779328E+002, 6.5337001E+002, 4.7148170E+002, 4.0319273E+002, 3.9562439E+002, 3.0048628E+002
 3.4600000E+003, 7.8780596E+002, 6.5352358E+002, 4.7182948E+002, 4.0358132E+002, 3.9607715E+002, 3.0099809E+002
 3.4700000E+003, 7.8782072E+002, 6.5370231E+002, 4.7223422E+002, 4.0403364E+002, 3.9660399E+002, 3.0159380E+002
 3.4800000E+003, 7.8783545E+002, 6.5388058E+002, 4.7263790E+002, 4.0448485E+002, 3.9712933E+002, 3.0218800E+002
 3.4900000E+003, 7.8784804E+002, 6.5403301E+002, 4.7298307E+002, 4.0487072E+002, 3.9757846E+002, 3.0269611E+002
 3.5000000E+003, 7.8786269E+002, 6.5421041E+002, 4.7338477E+002, 4.0531987E+002, 3.9810106E+002, 3.0328752E+002
 3.5100000E+003, 7.8787731E+002, 6.5438735E+002, 4.7378543E+002, 4.0576792E+002, 3.9862221E+002, 3.0387743E+002
 3.5200000E+003, 7.8788980E+002, 6.5453864E+002, 4.7412800E+002, 4.0615109E+002, 3.9906774E+002, 3.0438189E+002
 3.5300000E+003, 7.8790435E+002, 6.5471473E+002, 4.7452671E+002, 4.0659711E+002, 3.9958618E+002, 3.0496904E+002
 3.5400000E+003, 7.8791886E+002, 6.5489036E+002, 4.7492436E+002, 4.0704204E+002, 4.0010317E+002, 3.0555471E+002
 3.5500000E+003, 7.8793126E+002, 6.5504054E+002, 4.7526439E+002, 4.0742255E+002, 4.0054516E+002, 3.0605553E+002
 3.5600000E+003, 7.8794570E+002, 6.5521533E+002, 4.7566012E+002, 4.0786546E+002, 4.0105949E+002, 3.0663847E+002
 3.5700000E+003, 7.8796010E+002, 6.5538967E+002, 4.7605482E+002, 4.0830730E+002, 4.0157238E+002, 3.0721994E+002
 3.5800000E+003, 7.8797242E+002, 6.5553874E+002, 4.7639232E+002, 4.0868517E+002, 4.0201088E+002, 3.0771718E+002
 3.5900000E+003, 7.8798675E+002, 6.5571224E+002, 4.7678512E+002, 4.0912502E+002, 4.0252114E+002, 3.0829595E+002
 3.6000000E+003, 7.8800105E+002, 6.5588530E+002, 4.7717689E+002, 4.0956380E+002, 4.0303000E+002, 3.0887326E+002
