s,C,C,C
Time,"Front","Back","gaz_temp"
 0.0000000E+000, 2.2700000E+002, 2.2700000E+002, 0.0000000E+000
 2.0000000E+001, 1.9459746E+002, 2.2700000E+002, 0.0000000E+000
 4.0000000E+001, 1.8293454E+002, 2.2700000E+002, 0.0000000E+000
 6.0000000E+001, 1.7536394E+002, 2.2700000E+002, 0.0000000E+000
 8.0000000E+001, 1.6967677E+002, 2.2700000E+002, 0.0000000E+000
 9.0000000E+001, 1.6740613E+002, 2.2700000E+002, 0.0000000E+000
 1.1000000E+002, 1.6318481E+002, 2.2699998E+002, 0.0000000E+000
 1.3000000E+002, 1.5959535E+002, 2.2699986E+002, 0.0000000E+000
 1.5000000E+002, 1.5646802E+002, 2.2699942E+002, 0.0000000E+000
 1.7000000E+002, 1.5369463E+002, 2.2699805E+002, 0.0000000E+000
 1.8000000E+002, 1.5238153E+002, 2.2699669E+002, 0.0000000E+000
 2.0000000E+002, 1.5001492E+002, 2.2699171E+002, 0.0000000E+000
 2.2000000E+002, 1.4785397E+002, 2.2698212E+002, 0.0000000E+000
 2.4000000E+002, 1.4586549E+002, 2.2696561E+002, 0.0000000E+000
 2.6000000E+002, 1.4402379E+002, 2.2693968E+002, 0.0000000E+000
 2.7000000E+002, 1.4316660E+002, 2.2692239E+002, 0.0000000E+000
 2.9000000E+002, 1.4150616E+002, 2.2687761E+002, 0.0000000E+000
 3.1000000E+002, 1.3994942E+002, 2.2681726E+002, 0.0000000E+000
 3.3000000E+002, 1.3848416E+002, 2.2673923E+002, 0.0000000E+000
 3.5000000E+002, 1.3710027E+002, 2.2664168E+002, 0.0000000E+000
 3.6000000E+002, 1.3642834E+002, 2.2658513E+002, 0.0000000E+000
 3.8000000E+002, 1.3515192E+002, 2.2645564E+002, 0.0000000E+000
 4.0000000E+002, 1.3393774E+002, 2.2630357E+002, 0.0000000E+000
 4.2000000E+002, 1.3278009E+002, 2.2612820E+002, 0.0000000E+000
 4.4000000E+002, 1.3167400E+002, 2.2592911E+002, 0.0000000E+000
 4.5000000E+002, 1.3114333E+002, 2.2582060E+002, 0.0000000E+000
 4.7000000E+002, 1.3010609E+002, 2.2558568E+002, 0.0000000E+000
 4.9000000E+002, 1.2911061E+002, 2.2532697E+002, 0.0000000E+000
 5.1000000E+002, 1.2815366E+002, 2.2504477E+002, 0.0000000E+000
 5.3000000E+002, 1.2723243E+002, 2.2473952E+002, 0.0000000E+000
 5.4000000E+002, 1.2678172E+002, 2.2457840E+002, 0.0000000E+000
 5.6000000E+002, 1.2590966E+002, 2.2423962E+002, 0.0000000E+000
 5.8000000E+002, 1.2506743E+002, 2.2387929E+002, 0.0000000E+000
 6.0000000E+002, 1.2425307E+002, 2.2349814E+002, 0.0000000E+000
 6.2000000E+002, 1.2346481E+002, 2.2309694E+002, 0.0000000E+000
 6.3000000E+002, 1.2308167E+002, 2.2288907E+002, 0.0000000E+000
 6.5000000E+002, 1.2232944E+002, 2.2245930E+002, 0.0000000E+000
 6.7000000E+002, 1.2159956E+002, 2.2201152E+002, 0.0000000E+000
 6.9000000E+002, 1.2089075E+002, 2.2154655E+002, 0.0000000E+000
 7.1000000E+002, 1.2020181E+002, 2.2106523E+002, 0.0000000E+000
 7.2000000E+002, 1.1986333E+002, 2.2081870E+002, 0.0000000E+000
 7.4000000E+002, 1.1920225E+002, 2.2031435E+002, 0.0000000E+000
 7.6000000E+002, 1.1855842E+002, 2.1979568E+002, 0.0000000E+000
 7.8000000E+002, 1.1793095E+002, 2.1926346E+002, 0.0000000E+000
 8.0000000E+002, 1.1731897E+002, 2.1871843E+002, 0.0000000E+000
 8.1000000E+002, 1.1701929E+002, 2.1844135E+002, 0.0000000E+000
 8.3000000E+002, 1.1642905E+002, 2.1787849E+002, 0.0000000E+000
 8.5000000E+002, 1.1585243E+002, 2.1730464E+002, 0.0000000E+000
 8.7000000E+002, 1.1528879E+002, 2.1672047E+002, 0.0000000E+000
 8.9000000E+002, 1.1473748E+002, 2.1612663E+002, 0.0000000E+000
 9.0000000E+002, 1.1446576E+002, 2.1582628E+002, 0.0000000E+000
 9.2000000E+002, 1.1393190E+002, 2.1521909E+002, 0.0000000E+000
 9.4000000E+002, 1.1340897E+002, 2.1460374E+002, 0.0000000E+000
 9.6000000E+002, 1.1289645E+002, 2.1398079E+002, 0.0000000E+000
 9.8000000E+002, 1.1239388E+002, 2.1335078E+002, 0.0000000E+000
 9.9000000E+002, 1.1214654E+002, 2.1303329E+002, 0.0000000E+000
 1.0100000E+003, 1.1165801E+002, 2.1239365E+002, 0.0000000E+000
 1.0300000E+003, 1.1117836E+002, 2.1174817E+002, 0.0000000E+000
 1.0500000E+003, 1.1070718E+002, 2.1109732E+002, 0.0000000E+000
 1.0700000E+003, 1.1024409E+002, 2.1044153E+002, 0.0000000E+000
 1.0800000E+003, 1.1001523E+002, 2.1011191E+002, 0.0000000E+000
 1.1000000E+003, 1.0956367E+002, 2.0944948E+002, 0.0000000E+000
 1.1200000E+003, 1.0911935E+002, 2.0878311E+002, 0.0000000E+000
 1.1400000E+003, 1.0868199E+002, 2.0811316E+002, 0.0000000E+000
 1.1600000E+003, 1.0825128E+002, 2.0743996E+002, 0.0000000E+000
 1.1700000E+003, 1.0803851E+002, 2.0710225E+002, 0.0000000E+000
 1.1900000E+003, 1.0761726E+002, 2.0642480E+002, 0.0000000E+000
 1.2100000E+003, 1.0720200E+002, 2.0574490E+002, 0.0000000E+000
 1.2300000E+003, 1.0679249E+002, 2.0506285E+002, 0.0000000E+000
 1.2500000E+003, 1.0638850E+002, 2.0437891E+002, 0.0000000E+000
 1.2600000E+003, 1.0618837E+002, 2.0403630E+002, 0.0000000E+000
 1.2800000E+003, 1.0579224E+002, 2.0335001E+002, 0.0000000E+000
 1.3000000E+003, 1.0540110E+002, 2.0266243E+002, 0.0000000E+000
 1.3200000E+003, 1.0501476E+002, 2.0197380E+002, 0.0000000E+000
 1.3400000E+003, 1.0463300E+002, 2.0128436E+002, 0.0000000E+000
 1.3500000E+003, 1.0444389E+002, 2.0093939E+002, 0.0000000E+000
 1.3700000E+003, 1.0406872E+002, 2.0024907E+002, 0.0000000E+000
 1.3900000E+003, 1.0369772E+002, 1.9955840E+002, 0.0000000E+000
 1.4100000E+003, 1.0333076E+002, 1.9886757E+002, 0.0000000E+000
 1.4300000E+003, 1.0296767E+002, 1.9817673E+002, 0.0000000E+000
 1.4400000E+003, 1.0278748E+002, 1.9783136E+002, 0.0000000E+000
 1.4600000E+003, 1.0242994E+002, 1.9714082E+002, 0.0000000E+000
 1.4800000E+003, 1.0207594E+002, 1.9645065E+002, 0.0000000E+000
 1.5000000E+003, 1.0172536E+002, 1.9576099E+002, 0.0000000E+000
 1.5200000E+003, 1.0137807E+002, 1.9507198E+002, 0.0000000E+000
 1.5300000E+003, 1.0120567E+002, 1.9472774E+002, 0.0000000E+000
 1.5500000E+003, 1.0086311E+002, 1.9403992E+002, 0.0000000E+000
 1.5700000E+003, 1.0052356E+002, 1.9335301E+002, 0.0000000E+000
 1.5900000E+003, 1.0018693E+002, 1.9266716E+002, 0.0000000E+000
 1.6100000E+003, 9.9853119E+001, 1.9198244E+002, 0.0000000E+000
 1.6200000E+003, 9.9687210E+001, 1.9164053E+002, 0.0000000E+000
 1.6400000E+003, 9.9357468E+001, 1.9095769E+002, 0.0000000E+000
 1.6600000E+003, 9.9030327E+001, 1.9027620E+002, 0.0000000E+000
 1.6800000E+003, 9.8705704E+001, 1.8959616E+002, 0.0000000E+000
 1.7000000E+003, 9.8383522E+001, 1.8891765E+002, 0.0000000E+000
 1.7100000E+003, 9.8223351E+001, 1.8857898E+002, 0.0000000E+000
 1.7300000E+003, 9.7904694E+001, 1.8790286E+002, 0.0000000E+000
 1.7500000E+003, 9.7588295E+001, 1.8722844E+002, 0.0000000E+000
 1.7700000E+003, 9.7274094E+001, 1.8655576E+002, 0.0000000E+000
 1.7900000E+003, 9.6962036E+001, 1.8588489E+002, 0.0000000E+000
 1.8000000E+003, 9.6806763E+001, 1.8555014E+002, 0.0000000E+000
 1.8200000E+003, 9.6497787E+001, 1.8488206E+002, 0.0000000E+000
 1.8400000E+003, 9.6190804E+001, 1.8421593E+002, 0.0000000E+000
 1.8600000E+003, 9.5885757E+001, 1.8355177E+002, 0.0000000E+000
 1.8800000E+003, 9.5582596E+001, 1.8288963E+002, 0.0000000E+000
 1.8900000E+003, 9.5431717E+001, 1.8255933E+002, 0.0000000E+000
 1.9100000E+003, 9.5131287E+001, 1.8190028E+002, 0.0000000E+000
 1.9300000E+003, 9.4832626E+001, 1.8124335E+002, 0.0000000E+000
 1.9500000E+003, 9.4535690E+001, 1.8058856E+002, 0.0000000E+000
 1.9700000E+003, 9.4240433E+001, 1.7993596E+002, 0.0000000E+000
 1.9800000E+003, 9.4093414E+001, 1.7961047E+002, 0.0000000E+000
 2.0000000E+003, 9.3800606E+001, 1.7896118E+002, 0.0000000E+000
 2.0200000E+003, 9.3509384E+001, 1.7831412E+002, 0.0000000E+000
 2.0400000E+003, 9.3219719E+001, 1.7766933E+002, 0.0000000E+000
 2.0600000E+003, 9.2931564E+001, 1.7702682E+002, 0.0000000E+000
 2.0700000E+003, 9.2788048E+001, 1.7670644E+002, 0.0000000E+000
 2.0900000E+003, 9.2502106E+001, 1.7606740E+002, 0.0000000E+000
 2.1100000E+003, 9.2217606E+001, 1.7543069E+002, 0.0000000E+000
 2.1300000E+003, 9.1934509E+001, 1.7479633E+002, 0.0000000E+000
 2.1500000E+003, 9.1652794E+001, 1.7416432E+002, 0.0000000E+000
 2.1600000E+003, 9.1512436E+001, 1.7384921E+002, 0.0000000E+000
 2.1800000E+003, 9.1232742E+001, 1.7322078E+002, 0.0000000E+000
 2.2000000E+003, 9.0954369E+001, 1.7259473E+002, 0.0000000E+000
 2.2200000E+003, 9.0677284E+001, 1.7197108E+002, 0.0000000E+000
 2.2400000E+003, 9.0401466E+001, 1.7134984E+002, 0.0000000E+000
 2.2500000E+003, 9.0264030E+001, 1.7104013E+002, 0.0000000E+000
 2.2700000E+003, 8.9990074E+001, 1.7042250E+002, 0.0000000E+000
 2.2900000E+003, 8.9717331E+001, 1.6980731E+002, 0.0000000E+000
 2.3100000E+003, 8.9445793E+001, 1.6919455E+002, 0.0000000E+000
 2.3300000E+003, 8.9175423E+001, 1.6858421E+002, 0.0000000E+000
 2.3400000E+003, 8.9040672E+001, 1.6827995E+002, 0.0000000E+000
 2.3600000E+003, 8.8772034E+001, 1.6767326E+002, 0.0000000E+000
 2.3800000E+003, 8.8504532E+001, 1.6706902E+002, 0.0000000E+000
 2.4000000E+003, 8.8238144E+001, 1.6646721E+002, 0.0000000E+000
 2.4200000E+003, 8.7972855E+001, 1.6586784E+002, 0.0000000E+000
 2.4300000E+003, 8.7840622E+001, 1.6556908E+002, 0.0000000E+000
 2.4500000E+003, 8.7576958E+001, 1.6497336E+002, 0.0000000E+000
 2.4700000E+003, 8.7314354E+001, 1.6438008E+002, 0.0000000E+000
 2.4900000E+003, 8.7052803E+001, 1.6378925E+002, 0.0000000E+000
 2.5100000E+003, 8.6792282E+001, 1.6320084E+002, 0.0000000E+000
 2.5200000E+003, 8.6662407E+001, 1.6290755E+002, 0.0000000E+000
 2.5400000E+003, 8.6403419E+001, 1.6232277E+002, 0.0000000E+000
 2.5600000E+003, 8.6145439E+001, 1.6174043E+002, 0.0000000E+000
 2.5800000E+003, 8.5888451E+001, 1.6116051E+002, 0.0000000E+000
 2.6000000E+003, 8.5632446E+001, 1.6058301E+002, 0.0000000E+000
 2.6100000E+003, 8.5504807E+001, 1.6029515E+002, 0.0000000E+000
 2.6300000E+003, 8.5250252E+001, 1.5972125E+002, 0.0000000E+000
 2.6500000E+003, 8.4996658E+001, 1.5914977E+002, 0.0000000E+000
 2.6700000E+003, 8.4744011E+001, 1.5858067E+002, 0.0000000E+000
 2.6900000E+003, 8.4492294E+001, 1.5801396E+002, 0.0000000E+000
 2.7000000E+003, 8.4366783E+001, 1.5773151E+002, 0.0000000E+000
 2.7200000E+003, 8.4116455E+001, 1.5716838E+002, 0.0000000E+000
 2.7400000E+003, 8.3867043E+001, 1.5660762E+002, 0.0000000E+000
 2.7600000E+003, 8.3618538E+001, 1.5604922E+002, 0.0000000E+000
 2.7800000E+003, 8.3370926E+001, 1.5549319E+002, 0.0000000E+000
 2.7900000E+003, 8.3247452E+001, 1.5521606E+002, 0.0000000E+000
 2.8100000E+003, 8.3001175E+001, 1.5466356E+002, 0.0000000E+000
 2.8300000E+003, 8.2755775E+001, 1.5411339E+002, 0.0000000E+000
 2.8500000E+003, 8.2511246E+001, 1.5356557E+002, 0.0000000E+000
 2.8700000E+003, 8.2267578E+001, 1.5302005E+002, 0.0000000E+000
 2.8800000E+003, 8.2146072E+001, 1.5274817E+002, 0.0000000E+000
 2.9000000E+003, 8.1903687E+001, 1.5220613E+002, 0.0000000E+000
 2.9200000E+003, 8.1662148E+001, 1.5166640E+002, 0.0000000E+000
 2.9400000E+003, 8.1421455E+001, 1.5112895E+002, 0.0000000E+000
 2.9600000E+003, 8.1181595E+001, 1.5059380E+002, 0.0000000E+000
 2.9700000E+003, 8.1061974E+001, 1.5032707E+002, 0.0000000E+000
 2.9900000E+003, 8.0823357E+001, 1.4979532E+002, 0.0000000E+000
 3.0100000E+003, 8.0585556E+001, 1.4926584E+002, 0.0000000E+000
 3.0300000E+003, 8.0348564E+001, 1.4873862E+002, 0.0000000E+000
 3.0500000E+003, 8.0112389E+001, 1.4821362E+002, 0.0000000E+000
 3.0600000E+003, 7.9994598E+001, 1.4795198E+002, 0.0000000E+000
 3.0800000E+003, 7.9759621E+001, 1.4743034E+002, 0.0000000E+000
 3.1000000E+003, 7.9525444E+001, 1.4691092E+002, 0.0000000E+000
 3.1200000E+003, 7.9292053E+001, 1.4639372E+002, 0.0000000E+000
 3.1400000E+003, 7.9059448E+001, 1.4587871E+002, 0.0000000E+000
 3.1500000E+003, 7.8943443E+001, 1.4562202E+002, 0.0000000E+000
 3.1700000E+003, 7.8712013E+001, 1.4511031E+002, 0.0000000E+000
 3.1900000E+003, 7.8481346E+001, 1.4460077E+002, 0.0000000E+000
 3.2100000E+003, 7.8251457E+001, 1.4409340E+002, 0.0000000E+000
 3.2300000E+003, 7.8022331E+001, 1.4358818E+002, 0.0000000E+000
 3.2400000E+003, 7.7908058E+001, 1.4333636E+002, 0.0000000E+000
 3.2600000E+003, 7.7680069E+001, 1.4283437E+002, 0.0000000E+000
 3.2800000E+003, 7.7452843E+001, 1.4233450E+002, 0.0000000E+000
 3.3000000E+003, 7.7226364E+001, 1.4183676E+002, 0.0000000E+000
 3.3200000E+003, 7.7000626E+001, 1.4134113E+002, 0.0000000E+000
 3.3300000E+003, 7.6888039E+001, 1.4109410E+002, 0.0000000E+000
 3.3500000E+003, 7.6663422E+001, 1.4060162E+002, 0.0000000E+000
 3.3700000E+003, 7.6439537E+001, 1.4011122E+002, 0.0000000E+000
 3.3900000E+003, 7.6216385E+001, 1.3962291E+002, 0.0000000E+000
 3.4100000E+003, 7.5993965E+001, 1.3913667E+002, 0.0000000E+000
 3.4200000E+003, 7.5883026E+001, 1.3889432E+002, 0.0000000E+000
 3.4400000E+003, 7.5661690E+001, 1.3841115E+002, 0.0000000E+000
 3.4600000E+003, 7.5441078E+001, 1.3793004E+002, 0.0000000E+000
 3.4800000E+003, 7.5221184E+001, 1.3745096E+002, 0.0000000E+000
 3.5000000E+003, 7.5001999E+001, 1.3697389E+002, 0.0000000E+000
 3.5100000E+003, 7.4892677E+001, 1.3673611E+002, 0.0000000E+000
 3.5300000E+003, 7.4674561E+001, 1.3626208E+002, 0.0000000E+000
 3.5500000E+003, 7.4457146E+001, 1.3579004E+002, 0.0000000E+000
 3.5700000E+003, 7.4240440E+001, 1.3531999E+002, 0.0000000E+000
 3.5900000E+003, 7.4024429E+001, 1.3485191E+002, 0.0000000E+000
 3.6000000E+003, 7.3916687E+001, 1.3461862E+002, 0.0000000E+000
 3.6200000E+003, 7.3701721E+001, 1.3415350E+002, 0.0000000E+000
 3.6400000E+003, 7.3487442E+001, 1.3369034E+002, 0.0000000E+000
 3.6600000E+003, 7.3273857E+001, 1.3322911E+002, 0.0000000E+000
 3.6800000E+003, 7.3060959E+001, 1.3276984E+002, 0.0000000E+000
 3.6900000E+003, 7.2954765E+001, 1.3254091E+002, 0.0000000E+000
 3.7100000E+003, 7.2742882E+001, 1.3208452E+002, 0.0000000E+000
 3.7300000E+003, 7.2531685E+001, 1.3163004E+002, 0.0000000E+000
 3.7500000E+003, 7.2321159E+001, 1.3117746E+002, 0.0000000E+000
 3.7700000E+003, 7.2111313E+001, 1.3072676E+002, 0.0000000E+000
 3.7800000E+003, 7.2006638E+001, 1.3050214E+002, 0.0000000E+000
 3.8000000E+003, 7.1797791E+001, 1.3005426E+002, 0.0000000E+000
 3.8200000E+003, 7.1589607E+001, 1.2960828E+002, 0.0000000E+000
 3.8400000E+003, 7.1382088E+001, 1.2916414E+002, 0.0000000E+000
 3.8600000E+003, 7.1175232E+001, 1.2872185E+002, 0.0000000E+000
 3.8700000E+003, 7.1072052E+001, 1.2850140E+002, 0.0000000E+000
 3.8900000E+003, 7.0866180E+001, 1.2806187E+002, 0.0000000E+000
 3.9100000E+003, 7.0660957E+001, 1.2762418E+002, 0.0000000E+000
 3.9300000E+003, 7.0456390E+001, 1.2718831E+002, 0.0000000E+000
 3.9500000E+003, 7.0252480E+001, 1.2675424E+002, 0.0000000E+000
 3.9600000E+003, 7.0150757E+001, 1.2653788E+002, 0.0000000E+000
 3.9800000E+003, 6.9947807E+001, 1.2610651E+002, 0.0000000E+000
 4.0000000E+003, 6.9745506E+001, 1.2567693E+002, 0.0000000E+000
 4.0200000E+003, 6.9543839E+001, 1.2524912E+002, 0.0000000E+000
 4.0400000E+003, 6.9342804E+001, 1.2482309E+002, 0.0000000E+000
 4.0500000E+003, 6.9242531E+001, 1.2461073E+002, 0.0000000E+000
 4.0700000E+003, 6.9042458E+001, 1.2418733E+002, 0.0000000E+000
 4.0900000E+003, 6.8843010E+001, 1.2376568E+002, 0.0000000E+000
 4.1100000E+003, 6.8644188E+001, 1.2334576E+002, 0.0000000E+000
 4.1300000E+003, 6.8445999E+001, 1.2292758E+002, 0.0000000E+000
 4.1400000E+003, 6.8347145E+001, 1.2271913E+002, 0.0000000E+000
 4.1600000E+003, 6.8149887E+001, 1.2230353E+002, 0.0000000E+000
 4.1800000E+003, 6.7953255E+001, 1.2188963E+002, 0.0000000E+000
 4.2000000E+003, 6.7757240E+001, 1.2147742E+002, 0.0000000E+000
 4.2200000E+003, 6.7561844E+001, 1.2106692E+002, 0.0000000E+000
 4.2300000E+003, 6.7464371E+001, 1.2086230E+002, 0.0000000E+000
 4.2500000E+003, 6.7269897E+001, 1.2045431E+002, 0.0000000E+000
 4.2700000E+003, 6.7076027E+001, 1.2004798E+002, 0.0000000E+000
 4.2900000E+003, 6.6882774E+001, 1.1964333E+002, 0.0000000E+000
 4.3100000E+003, 6.6690117E+001, 1.1924032E+002, 0.0000000E+000
 4.3200000E+003, 6.6594017E+001, 1.1903943E+002, 0.0000000E+000
 4.3400000E+003, 6.6402275E+001, 1.1863889E+002, 0.0000000E+000
 4.3600000E+003, 6.6211128E+001, 1.1823997E+002, 0.0000000E+000
 4.3800000E+003, 6.6020576E+001, 1.1784268E+002, 0.0000000E+000
 4.4000000E+003, 6.5830627E+001, 1.1744701E+002, 0.0000000E+000
 4.4100000E+003, 6.5735878E+001, 1.1724978E+002, 0.0000000E+000
 4.4300000E+003, 6.5546814E+001, 1.1685651E+002, 0.0000000E+000
 4.4500000E+003, 6.5358345E+001, 1.1646484E+002, 0.0000000E+000
 4.4700000E+003, 6.5170464E+001, 1.1607476E+002, 0.0000000E+000
 4.4900000E+003, 6.4983177E+001, 1.1568626E+002, 0.0000000E+000
 4.5000000E+003, 6.4889748E+001, 1.1549259E+002, 0.0000000E+000
 4.5200000E+003, 6.4703331E+001, 1.1510645E+002, 0.0000000E+000
 4.5400000E+003, 6.4517494E+001, 1.1472186E+002, 0.0000000E+000
 4.5600000E+003, 6.4332237E+001, 1.1433882E+002, 0.0000000E+000
 4.5800000E+003, 6.4147560E+001, 1.1395733E+002, 0.0000000E+000
 4.5900000E+003, 6.4055443E+001, 1.1376716E+002, 0.0000000E+000
 4.6100000E+003, 6.3871624E+001, 1.1338797E+002, 0.0000000E+000
 4.6300000E+003, 6.3688381E+001, 1.1301030E+002, 0.0000000E+000
 4.6500000E+003, 6.3505711E+001, 1.1263416E+002, 0.0000000E+000
 4.6700000E+003, 6.3323605E+001, 1.1225951E+002, 0.0000000E+000
 4.6800000E+003, 6.3232765E+001, 1.1207276E+002, 0.0000000E+000
 4.7000000E+003, 6.3051510E+001, 1.1170037E+002, 0.0000000E+000
 4.7200000E+003, 6.2870819E+001, 1.1132948E+002, 0.0000000E+000
 4.7400000E+003, 6.2690693E+001, 1.1096007E+002, 0.0000000E+000
 4.7600000E+003, 6.2511120E+001, 1.1059212E+002, 0.0000000E+000
 4.7700000E+003, 6.2421547E+001, 1.1040871E+002, 0.0000000E+000
 4.7900000E+003, 6.2242813E+001, 1.1004298E+002, 0.0000000E+000
 4.8100000E+003, 6.2064632E+001, 1.0967870E+002, 0.0000000E+000
 4.8300000E+003, 6.1887005E+001, 1.0931587E+002, 0.0000000E+000
 4.8500000E+003, 6.1709930E+001, 1.0895449E+002, 0.0000000E+000
 4.8600000E+003, 6.1621597E+001, 1.0877434E+002, 0.0000000E+000
 4.8800000E+003, 6.1445343E+001, 1.0841512E+002, 0.0000000E+000
 4.9000000E+003, 6.1269638E+001, 1.0805731E+002, 0.0000000E+000
 4.9200000E+003, 6.1094475E+001, 1.0770093E+002, 0.0000000E+000
 4.9400000E+003, 6.0919853E+001, 1.0734595E+002, 0.0000000E+000
 4.9500000E+003, 6.0832748E+001, 1.0716900E+002, 0.0000000E+000
 4.9700000E+003, 6.0658936E+001, 1.0681613E+002, 0.0000000E+000
 4.9900000E+003, 6.0485664E+001, 1.0646466E+002, 0.0000000E+000
 5.0100000E+003, 6.0312927E+001, 1.0611457E+002, 0.0000000E+000
 5.0300000E+003, 6.0140724E+001, 1.0576587E+002, 0.0000000E+000
 5.0400000E+003, 6.0054825E+001, 1.0559203E+002, 0.0000000E+000
 5.0600000E+003, 5.9883419E+001, 1.0524539E+002, 0.0000000E+000
 5.0800000E+003, 5.9712543E+001, 1.0490012E+002, 0.0000000E+000
 5.1000000E+003, 5.9542194E+001, 1.0455620E+002, 0.0000000E+000
 5.1200000E+003, 5.9372372E+001, 1.0421362E+002, 0.0000000E+000
 5.1300000E+003, 5.9287659E+001, 1.0404285E+002, 0.0000000E+000
 5.1500000E+003, 5.9118622E+001, 1.0370229E+002, 0.0000000E+000
 5.1700000E+003, 5.8950104E+001, 1.0336307E+002, 0.0000000E+000
 5.1900000E+003, 5.8782108E+001, 1.0302518E+002, 0.0000000E+000
 5.2100000E+003, 5.8614632E+001, 1.0268861E+002, 0.0000000E+000
 5.2200000E+003, 5.8531086E+001, 1.0252081E+002, 0.0000000E+000
 5.2400000E+003, 5.8364380E+001, 1.0218622E+002, 0.0000000E+000
 5.2600000E+003, 5.8198189E+001, 1.0185292E+002, 0.0000000E+000
 5.2800000E+003, 5.8032505E+001, 1.0152093E+002, 0.0000000E+000
 5.3000000E+003, 5.7867336E+001, 1.0119023E+002, 0.0000000E+000
 5.3100000E+003, 5.7784943E+001, 1.0102536E+002, 0.0000000E+000
 5.3300000E+003, 5.7620533E+001, 1.0069659E+002, 0.0000000E+000
 5.3500000E+003, 5.7456631E+001, 1.0036909E+002, 0.0000000E+000
 5.3700000E+003, 5.7293228E+001, 1.0004287E+002, 0.0000000E+000
 5.3900000E+003, 5.7130333E+001, 9.9717911E+001, 0.0000000E+000
 5.4000000E+003, 5.7049072E+001, 9.9555908E+001, 0.0000000E+000
 5.4200000E+003, 5.6886921E+001, 9.9232834E+001, 0.0000000E+000
 5.4400000E+003, 5.6725273E+001, 9.8911018E+001, 0.0000000E+000
 5.4600000E+003, 5.6564117E+001, 9.8590439E+001, 0.0000000E+000
 5.4800000E+003, 5.6403458E+001, 9.8271103E+001, 0.0000000E+000
 5.4900000E+003, 5.6323315E+001, 9.8111900E+001, 0.0000000E+000
 5.5100000E+003, 5.6163395E+001, 9.7794403E+001, 0.0000000E+000
 5.5300000E+003, 5.6003963E+001, 9.7478134E+001, 0.0000000E+000
 5.5500000E+003, 5.5845020E+001, 9.7163086E+001, 0.0000000E+000
 5.5700000E+003, 5.5686565E+001, 9.6849251E+001, 0.0000000E+000
 5.5800000E+003, 5.5607521E+001, 9.6692787E+001, 0.0000000E+000
 5.6000000E+003, 5.5449791E+001, 9.6380753E+001, 0.0000000E+000
 5.6200000E+003, 5.5292545E+001, 9.6069923E+001, 0.0000000E+000
 5.6400000E+003, 5.5135784E+001, 9.5760277E+001, 0.0000000E+000
 5.6600000E+003, 5.4979500E+001, 9.5451820E+001, 0.0000000E+000
 5.6700000E+003, 5.4901535E+001, 9.5298042E+001, 0.0000000E+000
 5.6900000E+003, 5.4745968E+001, 9.4991356E+001, 0.0000000E+000
 5.7100000E+003, 5.4590874E+001, 9.4685837E+001, 0.0000000E+000
 5.7300000E+003, 5.4436256E+001, 9.4381493E+001, 0.0000000E+000
 5.7500000E+003, 5.4282112E+001, 9.4078308E+001, 0.0000000E+000
 5.7600000E+003, 5.4205215E+001, 9.3927147E+001, 0.0000000E+000
 5.7800000E+003, 5.4051773E+001, 9.3625694E+001, 0.0000000E+000
 5.8000000E+003, 5.3898800E+001, 9.3325386E+001, 0.0000000E+000
 5.8200000E+003, 5.3746296E+001, 9.3026222E+001, 0.0000000E+000
 5.8400000E+003, 5.3594254E+001, 9.2728195E+001, 0.0000000E+000
 5.8500000E+003, 5.3518410E+001, 9.2579605E+001, 0.0000000E+000
 5.8700000E+003, 5.3367065E+001, 9.2283272E+001, 0.0000000E+000
 5.8900000E+003, 5.3216179E+001, 9.1988060E+001, 0.0000000E+000
 5.9100000E+003, 5.3065754E+001, 9.1693970E+001, 0.0000000E+000
 5.9300000E+003, 5.2915791E+001, 9.1400993E+001, 0.0000000E+000
 5.9400000E+003, 5.2840977E+001, 9.1254921E+001, 0.0000000E+000
 5.9600000E+003, 5.2691696E+001, 9.0963600E+001, 0.0000000E+000
 5.9800000E+003, 5.2542866E+001, 9.0673386E+001, 0.0000000E+000
 6.0000000E+003, 5.2394493E+001, 9.0384262E+001, 0.0000000E+000
 6.0200000E+003, 5.2246571E+001, 9.0096230E+001, 0.0000000E+000
 6.0300000E+003, 5.2172775E+001, 8.9952614E+001, 0.0000000E+000
 6.0500000E+003, 5.2025528E+001, 8.9666206E+001, 0.0000000E+000
 6.0700000E+003, 5.1878727E+001, 8.9380875E+001, 0.0000000E+000
 6.0900000E+003, 5.1732372E+001, 8.9096619E+001, 0.0000000E+000
 6.1100000E+003, 5.1586460E+001, 8.8813431E+001, 0.0000000E+000
 6.1200000E+003, 5.1513672E+001, 8.8672234E+001, 0.0000000E+000
 6.1400000E+003, 5.1368423E+001, 8.8390633E+001, 0.0000000E+000
 6.1600000E+003, 5.1223618E+001, 8.8110085E+001, 0.0000000E+000
 6.1800000E+003, 5.1079250E+001, 8.7830589E+001, 0.0000000E+000
 6.2000000E+003, 5.0935322E+001, 8.7552139E+001, 0.0000000E+000
 6.2100000E+003, 5.0863522E+001, 8.7413307E+001, 0.0000000E+000
 6.2300000E+003, 5.0720245E+001, 8.7136414E+001, 0.0000000E+000
 6.2500000E+003, 5.0577408E+001, 8.6860558E+001, 0.0000000E+000
 6.2700000E+003, 5.0434998E+001, 8.6585732E+001, 0.0000000E+000
 6.2900000E+003, 5.0293022E+001, 8.6311928E+001, 0.0000000E+000
 6.3000000E+003, 5.0222195E+001, 8.6175407E+001, 0.0000000E+000
 6.3200000E+003, 5.0080864E+001, 8.5903130E+001, 0.0000000E+000
 6.3400000E+003, 4.9939960E+001, 8.5631859E+001, 0.0000000E+000
 6.3600000E+003, 4.9799480E+001, 8.5361603E+001, 0.0000000E+000
 6.3800000E+003, 4.9659428E+001, 8.5092346E+001, 0.0000000E+000
 6.3900000E+003, 4.9589561E+001, 8.4958092E+001, 0.0000000E+000
 6.4100000E+003, 4.9450142E+001, 8.4690331E+001, 0.0000000E+000
 6.4300000E+003, 4.9311146E+001, 8.4423561E+001, 0.0000000E+000
 6.4500000E+003, 4.9172569E+001, 8.4157776E+001, 0.0000000E+000
 6.4700000E+003, 4.9034409E+001, 8.3892982E+001, 0.0000000E+000
 6.4800000E+003, 4.8965488E+001, 8.3760948E+001, 0.0000000E+000
 6.5000000E+003, 4.8827953E+001, 8.3497612E+001, 0.0000000E+000
 6.5200000E+003, 4.8690838E+001, 8.3235252E+001, 0.0000000E+000
 6.5400000E+003, 4.8554131E+001, 8.2973854E+001, 0.0000000E+000
 6.5600000E+003, 4.8417839E+001, 8.2713417E+001, 0.0000000E+000
 6.5700000E+003, 4.8349850E+001, 8.2583565E+001, 0.0000000E+000
 6.5900000E+003, 4.8214172E+001, 8.2324562E+001, 0.0000000E+000
 6.6100000E+003, 4.8078907E+001, 8.2066521E+001, 0.0000000E+000
 6.6300000E+003, 4.7944046E+001, 8.1809418E+001, 0.0000000E+000
 6.6500000E+003, 4.7809593E+001, 8.1553261E+001, 0.0000000E+000
 6.6600000E+003, 4.7742519E+001, 8.1425537E+001, 0.0000000E+000
 6.6800000E+003, 4.7608673E+001, 8.1170792E+001, 0.0000000E+000
 6.7000000E+003, 4.7475227E+001, 8.0916969E+001, 0.0000000E+000
 6.7200000E+003, 4.7342186E+001, 8.0664085E+001, 0.0000000E+000
 6.7400000E+003, 4.7209545E+001, 8.0412117E+001, 0.0000000E+000
 6.7500000E+003, 4.7143375E+001, 8.0286484E+001, 0.0000000E+000
 6.7700000E+003, 4.7011330E+001, 8.0035896E+001, 0.0000000E+000
 6.7900000E+003, 4.6879684E+001, 7.9786224E+001, 0.0000000E+000
 6.8100000E+003, 4.6748432E+001, 7.9537468E+001, 0.0000000E+000
 6.8300000E+003, 4.6617577E+001, 7.9289612E+001, 0.0000000E+000
 6.8400000E+003, 4.6552292E+001, 7.9166016E+001, 0.0000000E+000
 6.8600000E+003, 4.6422024E+001, 7.8919518E+001, 0.0000000E+000
 6.8800000E+003, 4.6292149E+001, 7.8673904E+001, 0.0000000E+000
 6.9000000E+003, 4.6162663E+001, 7.8429184E+001, 0.0000000E+000
 6.9200000E+003, 4.6033562E+001, 7.8185356E+001, 0.0000000E+000
 6.9300000E+003, 4.5969158E+001, 7.8063774E+001, 0.0000000E+000
 6.9500000E+003, 4.5840641E+001, 7.7821266E+001, 0.0000000E+000
 6.9700000E+003, 4.5712505E+001, 7.7579643E+001, 0.0000000E+000
 6.9900000E+003, 4.5584755E+001, 7.7338890E+001, 0.0000000E+000
 7.0100000E+003, 4.5457390E+001, 7.7099007E+001, 0.0000000E+000
 7.0200000E+003, 4.5393848E+001, 7.6979385E+001, 0.0000000E+000
 7.0400000E+003, 4.5267056E+001, 7.6740799E+001, 0.0000000E+000
 7.0600000E+003, 4.5140640E+001, 7.6503075E+001, 0.0000000E+000
 7.0800000E+003, 4.5014603E+001, 7.6266212E+001, 0.0000000E+000
 7.1000000E+003, 4.4888943E+001, 7.6030197E+001, 0.0000000E+000
 7.1100000E+003, 4.4826252E+001, 7.5912506E+001, 0.0000000E+000
 7.1300000E+003, 4.4701157E+001, 7.5677765E+001, 0.0000000E+000
 7.1500000E+003, 4.4576435E+001, 7.5443863E+001, 0.0000000E+000
 7.1700000E+003, 4.4452084E+001, 7.5210808E+001, 0.0000000E+000
 7.1900000E+003, 4.4328106E+001, 7.4978584E+001, 0.0000000E+000
 7.2000000E+003, 4.4266254E+001, 7.4862785E+001, 0.0000000E+000
 7.2200000E+003, 4.4142830E+001, 7.4631813E+001, 0.0000000E+000
 7.2400000E+003, 4.4019775E+001, 7.4401665E+001, 0.0000000E+000
 7.2600000E+003, 4.3897087E+001, 7.4172340E+001, 0.0000000E+000
 7.2800000E+003, 4.3774765E+001, 7.3943832E+001, 0.0000000E+000
 7.2900000E+003, 4.3713741E+001, 7.3829887E+001, 0.0000000E+000
 7.3100000E+003, 4.3591969E+001, 7.3602608E+001, 0.0000000E+000
 7.3300000E+003, 4.3470554E+001, 7.3376137E+001, 0.0000000E+000
 7.3500000E+003, 4.3349506E+001, 7.3150475E+001, 0.0000000E+000
 7.3700000E+003, 4.3228817E+001, 7.2925621E+001, 0.0000000E+000
 7.3800000E+003, 4.3168606E+001, 7.2813492E+001, 0.0000000E+000
 7.4000000E+003, 4.3048454E+001, 7.2589828E+001, 0.0000000E+000
 7.4200000E+003, 4.2928661E+001, 7.2366966E+001, 0.0000000E+000
 7.4400000E+003, 4.2809227E+001, 7.2144897E+001, 0.0000000E+000
 7.4600000E+003, 4.2690147E+001, 7.1923615E+001, 0.0000000E+000
 7.4700000E+003, 4.2630737E+001, 7.1813263E+001, 0.0000000E+000
 7.4900000E+003, 4.2512188E+001, 7.1593155E+001, 0.0000000E+000
 7.5100000E+003, 4.2393993E+001, 7.1373833E+001, 0.0000000E+000
 7.5300000E+003, 4.2276146E+001, 7.1155281E+001, 0.0000000E+000
 7.5500000E+003, 4.2158649E+001, 7.0937508E+001, 0.0000000E+000
 7.5600000E+003, 4.2100033E+001, 7.0828903E+001, 0.0000000E+000
 7.5800000E+003, 4.1983059E+001, 7.0612282E+001, 0.0000000E+000
 7.6000000E+003, 4.1866436E+001, 7.0396423E+001, 0.0000000E+000
 7.6200000E+003, 4.1750156E+001, 7.0181328E+001, 0.0000000E+000
 7.6400000E+003, 4.1634224E+001, 6.9966988E+001, 0.0000000E+000
 7.6500000E+003, 4.1576385E+001, 6.9860107E+001, 0.0000000E+000
 7.6700000E+003, 4.1460964E+001, 6.9646896E+001, 0.0000000E+000
 7.6900000E+003, 4.1345890E+001, 6.9434441E+001, 0.0000000E+000
 7.7100000E+003, 4.1231155E+001, 6.9222733E+001, 0.0000000E+000
 7.7300000E+003, 4.1116760E+001, 6.9011772E+001, 0.0000000E+000
 7.7400000E+003, 4.1059689E+001, 6.8906563E+001, 0.0000000E+000
 7.7600000E+003, 4.0945805E+001, 6.8696709E+001, 0.0000000E+000
 7.7800000E+003, 4.0832253E+001, 6.8487595E+001, 0.0000000E+000
 7.8000000E+003, 4.0719040E+001, 6.8279205E+001, 0.0000000E+000
 7.8200000E+003, 4.0606163E+001, 6.8071548E+001, 0.0000000E+000
 7.8300000E+003, 4.0549847E+001, 6.7967995E+001, 0.0000000E+000
 7.8500000E+003, 4.0437469E+001, 6.7761429E+001, 0.0000000E+000
 7.8700000E+003, 4.0325424E+001, 6.7555580E+001, 0.0000000E+000
 7.8900000E+003, 4.0213711E+001, 6.7350456E+001, 0.0000000E+000
 7.9100000E+003, 4.0102325E+001, 6.7146049E+001, 0.0000000E+000
 7.9200000E+003, 4.0046761E+001, 6.7044106E+001, 0.0000000E+000
 7.9400000E+003, 3.9935867E+001, 6.6840767E+001, 0.0000000E+000
 7.9600000E+003, 3.9825306E+001, 6.6638138E+001, 0.0000000E+000
 7.9800000E+003, 3.9715069E+001, 6.6436211E+001, 0.0000000E+000
 8.0000000E+003, 3.9605160E+001, 6.6234985E+001, 0.0000000E+000
 8.0100000E+003, 3.9550323E+001, 6.6134628E+001, 0.0000000E+000
 8.0300000E+003, 3.9440899E+001, 6.5934456E+001, 0.0000000E+000
 8.0500000E+003, 3.9331799E+001, 6.5734970E+001, 0.0000000E+000
 8.0700000E+003, 3.9223019E+001, 6.5536186E+001, 0.0000000E+000
 8.0900000E+003, 3.9114559E+001, 6.5338081E+001, 0.0000000E+000
 8.1000000E+003, 3.9060448E+001, 6.5239288E+001, 0.0000000E+000
 8.1200000E+003, 3.8952469E+001, 6.5042221E+001, 0.0000000E+000
 8.1400000E+003, 3.8844807E+001, 6.4845833E+001, 0.0000000E+000
 8.1600000E+003, 3.8737461E+001, 6.4650124E+001, 0.0000000E+000
 8.1800000E+003, 3.8630432E+001, 6.4455086E+001, 0.0000000E+000
 8.1900000E+003, 3.8577038E+001, 6.4357826E+001, 0.0000000E+000
 8.2100000E+003, 3.8470482E+001, 6.4163803E+001, 0.0000000E+000
 8.2300000E+003, 3.8364239E+001, 6.3970444E+001, 0.0000000E+000
 8.2500000E+003, 3.8258308E+001, 6.3777756E+001, 0.0000000E+000
 8.2700000E+003, 3.8152687E+001, 6.3585732E+001, 0.0000000E+000
 8.2800000E+003, 3.8099995E+001, 6.3489967E+001, 0.0000000E+000
 8.3000000E+003, 3.7994843E+001, 6.3298935E+001, 0.0000000E+000
 8.3200000E+003, 3.7889996E+001, 6.3108559E+001, 0.0000000E+000
 8.3400000E+003, 3.7785461E+001, 6.2918835E+001, 0.0000000E+000
 8.3600000E+003, 3.7681229E+001, 6.2729767E+001, 0.0000000E+000
 8.3700000E+003, 3.7629230E+001, 6.2635475E+001, 0.0000000E+000
 8.3900000E+003, 3.7525459E+001, 6.2447376E+001, 0.0000000E+000
 8.4100000E+003, 3.7421993E+001, 6.2259922E+001, 0.0000000E+000
 8.4300000E+003, 3.7318829E+001, 6.2073112E+001, 0.0000000E+000
 8.4500000E+003, 3.7215969E+001, 6.1886940E+001, 0.0000000E+000
 8.4600000E+003, 3.7164654E+001, 6.1794090E+001, 0.0000000E+000
 8.4800000E+003, 3.7062244E+001, 6.1608875E+001, 0.0000000E+000
 8.5000000E+003, 3.6960136E+001, 6.1424290E+001, 0.0000000E+000
 8.5200000E+003, 3.6858330E+001, 6.1240337E+001, 0.0000000E+000
 8.5400000E+003, 3.6756817E+001, 6.1057011E+001, 0.0000000E+000
 8.5500000E+003, 3.6706177E+001, 6.0965580E+001, 0.0000000E+000
 8.5700000E+003, 3.6605110E+001, 6.0783192E+001, 0.0000000E+000
 8.5900000E+003, 3.6504341E+001, 6.0601425E+001, 0.0000000E+000
 8.6100000E+003, 3.6403866E+001, 6.0420277E+001, 0.0000000E+000
 8.6300000E+003, 3.6303688E+001, 6.0239742E+001, 0.0000000E+000
 8.6400000E+003, 3.6253708E+001, 6.0149708E+001, 0.0000000E+000
 8.6600000E+003, 3.6153965E+001, 5.9970093E+001, 0.0000000E+000
 8.6800000E+003, 3.6054516E+001, 5.9791092E+001, 0.0000000E+000
 8.7000000E+003, 3.5955360E+001, 5.9612694E+001, 0.0000000E+000
 8.7200000E+003, 3.5856491E+001, 5.9434906E+001, 0.0000000E+000
 8.7300000E+003, 3.5807163E+001, 5.9346237E+001, 0.0000000E+000
 8.7500000E+003, 3.5708729E+001, 5.9169350E+001, 0.0000000E+000
 8.7700000E+003, 3.5610580E+001, 5.8993061E+001, 0.0000000E+000
 8.7900000E+003, 3.5512718E+001, 5.8817368E+001, 0.0000000E+000
 8.8100000E+003, 3.5415142E+001, 5.8642269E+001, 0.0000000E+000
 8.8200000E+003, 3.5366463E+001, 5.8554943E+001, 0.0000000E+000
 8.8400000E+003, 3.5269314E+001, 5.8380733E+001, 0.0000000E+000
 8.8600000E+003, 3.5172447E+001, 5.8207111E+001, 0.0000000E+000
 8.8800000E+003, 3.5075863E+001, 5.8034073E+001, 0.0000000E+000
 8.9000000E+003, 3.4979561E+001, 5.7861618E+001, 0.0000000E+000
 8.9100000E+003, 3.4931515E+001, 5.7775608E+001, 0.0000000E+000
 8.9300000E+003, 3.4835632E+001, 5.7604027E+001, 0.0000000E+000
 8.9500000E+003, 3.4740032E+001, 5.7433022E+001, 0.0000000E+000
 8.9700000E+003, 3.4644707E+001, 5.7262589E+001, 0.0000000E+000
 8.9900000E+003, 3.4549660E+001, 5.7092731E+001, 0.0000000E+000
 9.0000000E+003, 3.4502243E+001, 5.7008018E+001, 0.0000000E+000
 9.0200000E+003, 3.4407612E+001, 5.6839016E+001, 0.0000000E+000
 9.0400000E+003, 3.4313255E+001, 5.6670578E+001, 0.0000000E+000
 9.0600000E+003, 3.4219173E+001, 5.6502708E+001, 0.0000000E+000
 9.0800000E+003, 3.4125366E+001, 5.6335400E+001, 0.0000000E+000
 9.0900000E+003, 3.4078564E+001, 5.6251957E+001, 0.0000000E+000
 9.1100000E+003, 3.3985165E+001, 5.6085487E+001, 0.0000000E+000
 9.1300000E+003, 3.3892036E+001, 5.5919579E+001, 0.0000000E+000
 9.1500000E+003, 3.3799179E+001, 5.5754219E+001, 0.0000000E+000
 9.1700000E+003, 3.3706589E+001, 5.5589417E+001, 0.0000000E+000
 9.1800000E+003, 3.3660397E+001, 5.5507221E+001, 0.0000000E+000
 9.2000000E+003, 3.3568211E+001, 5.5343243E+001, 0.0000000E+000
 9.2200000E+003, 3.3476295E+001, 5.5179810E+001, 0.0000000E+000
 9.2400000E+003, 3.3384644E+001, 5.5016922E+001, 0.0000000E+000
 9.2600000E+003, 3.3293259E+001, 5.4854576E+001, 0.0000000E+000
 9.2700000E+003, 3.3247665E+001, 5.4773609E+001, 0.0000000E+000
 9.2900000E+003, 3.3156681E+001, 5.4612076E+001, 0.0000000E+000
 9.3100000E+003, 3.3065956E+001, 5.4451077E+001, 0.0000000E+000
 9.3300000E+003, 3.2975494E+001, 5.4290615E+001, 0.0000000E+000
 9.3500000E+003, 3.2885296E+001, 5.4130688E+001, 0.0000000E+000
 9.3600000E+003, 3.2840294E+001, 5.4050922E+001, 0.0000000E+000
 9.3800000E+003, 3.2750488E+001, 5.3891788E+001, 0.0000000E+000
 9.4000000E+003, 3.2660942E+001, 5.3733181E+001, 0.0000000E+000
 9.4200000E+003, 3.2571651E+001, 5.3575104E+001, 0.0000000E+000
 9.4400000E+003, 3.2482624E+001, 5.3417549E+001, 0.0000000E+000
 9.4500000E+003, 3.2438206E+001, 5.3338966E+001, 0.0000000E+000
 9.4700000E+003, 3.2349564E+001, 5.3182190E+001, 0.0000000E+000
 9.4900000E+003, 3.2261173E+001, 5.3025936E+001, 0.0000000E+000
 9.5100000E+003, 3.2173042E+001, 5.2870197E+001, 0.0000000E+000
 9.5300000E+003, 3.2085167E+001, 5.2714973E+001, 0.0000000E+000
 9.5400000E+003, 3.2041325E+001, 5.2637554E+001, 0.0000000E+000
 9.5600000E+003, 3.1953827E+001, 5.2483097E+001, 0.0000000E+000
 9.5800000E+003, 3.1866585E+001, 5.2329151E+001, 0.0000000E+000
 9.6000000E+003, 3.1779593E+001, 5.2175709E+001, 0.0000000E+000
 9.6200000E+003, 3.1692852E+001, 5.2022778E+001, 0.0000000E+000
 9.6300000E+003, 3.1649576E+001, 5.1946499E+001, 0.0000000E+000
 9.6500000E+003, 3.1563211E+001, 5.1794319E+001, 0.0000000E+000
 9.6700000E+003, 3.1477095E+001, 5.1642639E+001, 0.0000000E+000
 9.6900000E+003, 3.1391228E+001, 5.1491459E+001, 0.0000000E+000
 9.7100000E+003, 3.1305609E+001, 5.1340778E+001, 0.0000000E+000
 9.7200000E+003, 3.1262890E+001, 5.1265621E+001, 0.0000000E+000
 9.7400000E+003, 3.1177641E+001, 5.1115681E+001, 0.0000000E+000
 9.7600000E+003, 3.1092636E+001, 5.0966228E+001, 0.0000000E+000
 9.7800000E+003, 3.1007877E+001, 5.0817268E+001, 0.0000000E+000
 9.8000000E+003, 3.0923363E+001, 5.0668797E+001, 0.0000000E+000
 9.8100000E+003, 3.0881195E+001, 5.0594742E+001, 0.0000000E+000
 9.8300000E+003, 3.0797045E+001, 5.0446999E+001, 0.0000000E+000
 9.8500000E+003, 3.0713137E+001, 5.0299740E+001, 0.0000000E+000
 9.8700000E+003, 3.0629471E+001, 5.0152962E+001, 0.0000000E+000
 9.8900000E+003, 3.0546045E+001, 5.0006660E+001, 0.0000000E+000
 9.9000000E+003, 3.0504421E+001, 4.9933693E+001, 0.0000000E+000
 9.9200000E+003, 3.0421356E+001, 4.9788109E+001, 0.0000000E+000
 9.9400000E+003, 3.0338528E+001, 4.9643002E+001, 0.0000000E+000
 9.9600000E+003, 3.0255938E+001, 4.9498363E+001, 0.0000000E+000
 9.9800000E+003, 3.0173586E+001, 4.9354202E+001, 0.0000000E+000
 9.9900000E+003, 3.0132500E+001, 4.9282295E+001, 0.0000000E+000
 1.0010000E+004, 3.0050501E+001, 4.9138836E+001, 0.0000000E+000
 1.0030000E+004, 2.9968740E+001, 4.8995842E+001, 0.0000000E+000
 1.0050000E+004, 2.9887213E+001, 4.8853313E+001, 0.0000000E+000
 1.0070000E+004, 2.9805920E+001, 4.8711250E+001, 0.0000000E+000
 1.0080000E+004, 2.9765360E+001, 4.8640392E+001, 0.0000000E+000
 1.0100000E+004, 2.9684418E+001, 4.8499020E+001, 0.0000000E+000
 1.0120000E+004, 2.9603706E+001, 4.8358105E+001, 0.0000000E+000
 1.0140000E+004, 2.9523226E+001, 4.8217648E+001, 0.0000000E+000
 1.0160000E+004, 2.9442976E+001, 4.8077644E+001, 0.0000000E+000
 1.0170000E+004, 2.9402939E+001, 4.8007812E+001, 0.0000000E+000
 1.0190000E+004, 2.9323034E+001, 4.7868492E+001, 0.0000000E+000
 1.0210000E+004, 2.9243359E+001, 4.7729618E+001, 0.0000000E+000
 1.0230000E+004, 2.9163912E+001, 4.7591198E+001, 0.0000000E+000
 1.0250000E+004, 2.9084692E+001, 4.7453224E+001, 0.0000000E+000
 1.0260000E+004, 2.9045168E+001, 4.7384403E+001, 0.0000000E+000
 1.0280000E+004, 2.8966288E+001, 4.7247097E+001, 0.0000000E+000
 1.0300000E+004, 2.8887634E+001, 4.7110233E+001, 0.0000000E+000
 1.0320000E+004, 2.8809206E+001, 4.6973812E+001, 0.0000000E+000
 1.0340000E+004, 2.8731001E+001, 4.6837833E+001, 0.0000000E+000
 1.0350000E+004, 2.8691982E+001, 4.6770004E+001, 0.0000000E+000
 1.0370000E+004, 2.8614113E+001, 4.6634682E+001, 0.0000000E+000
 1.0390000E+004, 2.8536467E+001, 4.6499794E+001, 0.0000000E+000
 1.0410000E+004, 2.8459042E+001, 4.6365337E+001, 0.0000000E+000
 1.0430000E+004, 2.8381840E+001, 4.6231316E+001, 0.0000000E+000
 1.0440000E+004, 2.8343321E+001, 4.6164467E+001, 0.0000000E+000
 1.0460000E+004, 2.8266447E+001, 4.6031090E+001, 0.0000000E+000
 1.0480000E+004, 2.8189795E+001, 4.5898144E+001, 0.0000000E+000
 1.0500000E+004, 2.8113359E+001, 4.5765621E+001, 0.0000000E+000
 1.0520000E+004, 2.8037144E+001, 4.5633526E+001, 0.0000000E+000
 1.0530000E+004, 2.7999117E+001, 4.5567638E+001, 0.0000000E+000
 1.0550000E+004, 2.7923227E+001, 4.5436176E+001, 0.0000000E+000
 1.0570000E+004, 2.7847553E+001, 4.5305138E+001, 0.0000000E+000
 1.0590000E+004, 2.7772097E+001, 4.5174519E+001, 0.0000000E+000
 1.0610000E+004, 2.7696854E+001, 4.5044315E+001, 0.0000000E+000
 1.0620000E+004, 2.7659311E+001, 4.4979370E+001, 0.0000000E+000
 1.0640000E+004, 2.7584391E+001, 4.4849792E+001, 0.0000000E+000
 1.0660000E+004, 2.7509684E+001, 4.4720631E+001, 0.0000000E+000
 1.0680000E+004, 2.7435188E+001, 4.4591881E+001, 0.0000000E+000
 1.0700000E+004, 2.7360907E+001, 4.4463539E+001, 0.0000000E+000
 1.0710000E+004, 2.7323845E+001, 4.4399525E+001, 0.0000000E+000
 1.0730000E+004, 2.7249878E+001, 4.4271797E+001, 0.0000000E+000
 1.0750000E+004, 2.7176123E+001, 4.4144478E+001, 0.0000000E+000
 1.0770000E+004, 2.7102579E+001, 4.4017567E+001, 0.0000000E+000
 1.0790000E+004, 2.7029242E+001, 4.3891056E+001, 0.0000000E+000
 1.0800000E+004, 2.6992653E+001, 4.3827953E+001, 0.0000000E+000
 1.0820000E+004, 2.6919630E+001, 4.3702049E+001, 0.0000000E+000
 1.0840000E+004, 2.6846813E+001, 4.3576546E+001, 0.0000000E+000
 1.0860000E+004, 2.6774206E+001, 4.3451439E+001, 0.0000000E+000
 1.0880000E+004, 2.6701803E+001, 4.3326729E+001, 0.0000000E+000
 1.0890000E+004, 2.6665680E+001, 4.3264526E+001, 0.0000000E+000
 1.0910000E+004, 2.6593586E+001, 4.3140411E+001, 0.0000000E+000
 1.0930000E+004, 2.6521696E+001, 4.3016689E+001, 0.0000000E+000
 1.0950000E+004, 2.6450012E+001, 4.2893360E+001, 0.0000000E+000
 1.0970000E+004, 2.6378531E+001, 4.2770424E+001, 0.0000000E+000
 1.0980000E+004, 2.6342865E+001, 4.2709103E+001, 0.0000000E+000
 1.1000000E+004, 2.6271688E+001, 4.2586746E+001, 0.0000000E+000
 1.1020000E+004, 2.6200714E+001, 4.2464783E+001, 0.0000000E+000
 1.1040000E+004, 2.6129940E+001, 4.2343201E+001, 0.0000000E+000
 1.1060000E+004, 2.6059366E+001, 4.2222004E+001, 0.0000000E+000
 1.1070000E+004, 2.6024155E+001, 4.2161549E+001, 0.0000000E+000
 1.1090000E+004, 2.5953882E+001, 4.2040928E+001, 0.0000000E+000
 1.1110000E+004, 2.5883808E+001, 4.1920689E+001, 0.0000000E+000
 1.1130000E+004, 2.5813932E+001, 4.1800827E+001, 0.0000000E+000
 1.1150000E+004, 2.5744255E+001, 4.1681343E+001, 0.0000000E+000
 1.1160000E+004, 2.5709490E+001, 4.1621742E+001, 0.0000000E+000
 1.1180000E+004, 2.5640108E+001, 4.1502823E+001, 0.0000000E+000
 1.1200000E+004, 2.5570923E+001, 4.1384281E+001, 0.0000000E+000
 1.1220000E+004, 2.5501934E+001, 4.1266109E+001, 0.0000000E+000
 1.1240000E+004, 2.5433140E+001, 4.1148312E+001, 0.0000000E+000
 1.1250000E+004, 2.5398815E+001, 4.1089550E+001, 0.0000000E+000
 1.1270000E+004, 2.5330313E+001, 4.0972305E+001, 0.0000000E+000
 1.1290000E+004, 2.5262005E+001, 4.0855431E+001, 0.0000000E+000
 1.1310000E+004, 2.5193890E+001, 4.0738926E+001, 0.0000000E+000
 1.1330000E+004, 2.5125967E+001, 4.0622784E+001, 0.0000000E+000
 1.1340000E+004, 2.5092077E+001, 4.0564850E+001, 0.0000000E+000
 1.1360000E+004, 2.5024443E+001, 4.0449253E+001, 0.0000000E+000
 1.1380000E+004, 2.4956999E+001, 4.0334023E+001, 0.0000000E+000
 1.1400000E+004, 2.4889746E+001, 4.0219151E+001, 0.0000000E+000
 1.1420000E+004, 2.4822681E+001, 4.0104637E+001, 0.0000000E+000
 1.1430000E+004, 2.4789221E+001, 4.0047516E+001, 0.0000000E+000
 1.1450000E+004, 2.4722443E+001, 3.9933544E+001, 0.0000000E+000
 1.1470000E+004, 2.4655851E+001, 3.9819927E+001, 0.0000000E+000
 1.1490000E+004, 2.4589447E+001, 3.9706665E+001, 0.0000000E+000
 1.1510000E+004, 2.4523232E+001, 3.9593754E+001, 0.0000000E+000
 1.1520000E+004, 2.4490194E+001, 3.9537434E+001, 0.0000000E+000
 1.1540000E+004, 2.4424259E+001, 3.9425056E+001, 0.0000000E+000
 1.1560000E+004, 2.4358509E+001, 3.9313026E+001, 0.0000000E+000
 1.1580000E+004, 2.4292944E+001, 3.9201347E+001, 0.0000000E+000
 1.1600000E+004, 2.4227566E+001, 3.9090019E+001, 0.0000000E+000
 1.1610000E+004, 2.4194944E+001, 3.9034481E+001, 0.0000000E+000
 1.1630000E+004, 2.4129841E+001, 3.8923672E+001, 0.0000000E+000
 1.1650000E+004, 2.4064920E+001, 3.8813206E+001, 0.0000000E+000
 1.1670000E+004, 2.4000183E+001, 3.8703087E+001, 0.0000000E+000
 1.1690000E+004, 2.3935629E+001, 3.8593307E+001, 0.0000000E+000
 1.1700000E+004, 2.3903419E+001, 3.8538548E+001, 0.0000000E+000
 1.1720000E+004, 2.3839138E+001, 3.8429279E+001, 0.0000000E+000
 1.1740000E+004, 2.3775036E+001, 3.8320354E+001, 0.0000000E+000
 1.1760000E+004, 2.3711115E+001, 3.8211765E+001, 0.0000000E+000
 1.1780000E+004, 2.3647373E+001, 3.8103516E+001, 0.0000000E+000
 1.1790000E+004, 2.3615570E+001, 3.8049515E+001, 0.0000000E+000
 1.1810000E+004, 2.3552097E+001, 3.7941769E+001, 0.0000000E+000
 1.1830000E+004, 2.3488804E+001, 3.7834354E+001, 0.0000000E+000
 1.1850000E+004, 2.3425688E+001, 3.7727276E+001, 0.0000000E+000
 1.1870000E+004, 2.3362749E+001, 3.7620525E+001, 0.0000000E+000
 1.1880000E+004, 2.3331347E+001, 3.7567276E+001, 0.0000000E+000
 1.1900000E+004, 2.3268673E+001, 3.7461025E+001, 0.0000000E+000
 1.1920000E+004, 2.3206175E+001, 3.7355099E+001, 0.0000000E+000
 1.1940000E+004, 2.3143852E+001, 3.7249504E+001, 0.0000000E+000
 1.1960000E+004, 2.3081705E+001, 3.7144234E+001, 0.0000000E+000
 1.1970000E+004, 2.3050697E+001, 3.7091721E+001, 0.0000000E+000
 1.1990000E+004, 2.2988811E+001, 3.6986938E+001, 0.0000000E+000
 1.2010000E+004, 2.2927101E+001, 3.6882481E+001, 0.0000000E+000
 1.2030000E+004, 2.2865562E+001, 3.6778347E+001, 0.0000000E+000
 1.2050000E+004, 2.2804195E+001, 3.6674530E+001, 0.0000000E+000
 1.2060000E+004, 2.2773577E+001, 3.6622746E+001, 0.0000000E+000
 1.2080000E+004, 2.2712469E+001, 3.6519409E+001, 0.0000000E+000
 1.2100000E+004, 2.2651531E+001, 3.6416393E+001, 0.0000000E+000
 1.2120000E+004, 2.2590765E+001, 3.6313694E+001, 0.0000000E+000
 1.2140000E+004, 2.2530170E+001, 3.6211311E+001, 0.0000000E+000
 1.2150000E+004, 2.2499935E+001, 3.6160240E+001, 0.0000000E+000
 1.2170000E+004, 2.2439594E+001, 3.6058331E+001, 0.0000000E+000
 1.2190000E+004, 2.2379423E+001, 3.5956734E+001, 0.0000000E+000
 1.2210000E+004, 2.2319418E+001, 3.5855450E+001, 0.0000000E+000
 1.2230000E+004, 2.2259583E+001, 3.5754475E+001, 0.0000000E+000
 1.2240000E+004, 2.2229729E+001, 3.5704105E+001, 0.0000000E+000
 1.2260000E+004, 2.2170143E+001, 3.5603596E+001, 0.0000000E+000
 1.2280000E+004, 2.2110725E+001, 3.5503399E+001, 0.0000000E+000
 1.2300000E+004, 2.2051474E+001, 3.5403503E+001, 0.0000000E+000
 1.2320000E+004, 2.1992388E+001, 3.5303921E+001, 0.0000000E+000
 1.2330000E+004, 2.1962906E+001, 3.5254242E+001, 0.0000000E+000
 1.2350000E+004, 2.1904068E+001, 3.5155113E+001, 0.0000000E+000
 1.2370000E+004, 2.1845394E+001, 3.5056286E+001, 0.0000000E+000
 1.2390000E+004, 2.1786884E+001, 3.4957764E+001, 0.0000000E+000
 1.2410000E+004, 2.1728539E+001, 3.4859547E+001, 0.0000000E+000
 1.2420000E+004, 2.1699427E+001, 3.4810547E+001, 0.0000000E+000
 1.2440000E+004, 2.1641325E+001, 3.4712776E+001, 0.0000000E+000
 1.2460000E+004, 2.1583384E+001, 3.4615307E+001, 0.0000000E+000
 1.2480000E+004, 2.1525606E+001, 3.4518131E+001, 0.0000000E+000
 1.2500000E+004, 2.1467991E+001, 3.4421257E+001, 0.0000000E+000
 1.2510000E+004, 2.1439241E+001, 3.4372929E+001, 0.0000000E+000
 1.2530000E+004, 2.1381866E+001, 3.4276493E+001, 0.0000000E+000
 1.2550000E+004, 2.1324652E+001, 3.4180355E+001, 0.0000000E+000
 1.2570000E+004, 2.1267595E+001, 3.4084511E+001, 0.0000000E+000
 1.2590000E+004, 2.1210699E+001, 3.3988956E+001, 0.0000000E+000
 1.2600000E+004, 2.1182310E+001, 3.3941288E+001, 0.0000000E+000
 1.2620000E+004, 2.1125650E+001, 3.3846169E+001, 0.0000000E+000
 1.2640000E+004, 2.1069151E+001, 3.3751343E+001, 0.0000000E+000
 1.2660000E+004, 2.1012808E+001, 3.3656803E+001, 0.0000000E+000
 1.2680000E+004, 2.0956621E+001, 3.3562553E+001, 0.0000000E+000
 1.2690000E+004, 2.0928587E+001, 3.3515533E+001, 0.0000000E+000
 1.2710000E+004, 2.0872635E+001, 3.3421711E+001, 0.0000000E+000
 1.2730000E+004, 2.0816839E+001, 3.3328175E+001, 0.0000000E+000
 1.2750000E+004, 2.0761198E+001, 3.3234921E+001, 0.0000000E+000
 1.2770000E+004, 2.0705713E+001, 3.3141953E+001, 0.0000000E+000
 1.2780000E+004, 2.0678028E+001, 3.3095573E+001, 0.0000000E+000
 1.2800000E+004, 2.0622774E+001, 3.3003025E+001, 0.0000000E+000
 1.2820000E+004, 2.0567675E+001, 3.2910763E+001, 0.0000000E+000
 1.2840000E+004, 2.0512728E+001, 3.2818775E+001, 0.0000000E+000
 1.2860000E+004, 2.0457933E+001, 3.2727066E+001, 0.0000000E+000
 1.2870000E+004, 2.0430593E+001, 3.2681316E+001, 0.0000000E+000
 1.2890000E+004, 2.0376028E+001, 3.2590027E+001, 0.0000000E+000
 1.2910000E+004, 2.0321615E+001, 3.2499012E+001, 0.0000000E+000
 1.2930000E+004, 2.0267351E+001, 3.2408272E+001, 0.0000000E+000
 1.2950000E+004, 2.0213240E+001, 3.2317810E+001, 0.0000000E+000
 1.2960000E+004, 2.0186241E+001, 3.2272678E+001, 0.0000000E+000
 1.2980000E+004, 2.0132355E+001, 3.2182625E+001, 0.0000000E+000
 1.3000000E+004, 2.0078617E+001, 3.2092842E+001, 0.0000000E+000
 1.3020000E+004, 2.0025030E+001, 3.2003330E+001, 0.0000000E+000
 1.3040000E+004, 1.9971592E+001, 3.1914089E+001, 0.0000000E+000
 1.3050000E+004, 1.9944927E+001, 3.1869570E+001, 0.0000000E+000
 1.3070000E+004, 1.9891712E+001, 3.1780731E+001, 0.0000000E+000
 1.3090000E+004, 1.9838644E+001, 3.1692163E+001, 0.0000000E+000
 1.3110000E+004, 1.9785723E+001, 3.1603861E+001, 0.0000000E+000
 1.3130000E+004, 1.9732948E+001, 3.1515823E+001, 0.0000000E+000
 1.3140000E+004, 1.9706615E+001, 3.1471905E+001, 0.0000000E+000
 1.3160000E+004, 1.9654060E+001, 3.1384266E+001, 0.0000000E+000
 1.3180000E+004, 1.9601652E+001, 3.1296890E+001, 0.0000000E+000
 1.3200000E+004, 1.9549387E+001, 3.1209780E+001, 0.0000000E+000
 1.3220000E+004, 1.9497269E+001, 3.1122929E+001, 0.0000000E+000
 1.3230000E+004, 1.9471264E+001, 3.1079601E+001, 0.0000000E+000
 1.3250000E+004, 1.9419361E+001, 3.0993143E+001, 0.0000000E+000
 1.3270000E+004, 1.9367603E+001, 3.0906944E+001, 0.0000000E+000
 1.3290000E+004, 1.9315987E+001, 3.0821005E+001, 0.0000000E+000
 1.3310000E+004, 1.9264515E+001, 3.0735323E+001, 0.0000000E+000
 1.3320000E+004, 1.9238832E+001, 3.0692577E+001, 0.0000000E+000
 1.3340000E+004, 1.9187574E+001, 3.0607281E+001, 0.0000000E+000
 1.3360000E+004, 1.9136457E+001, 3.0522242E+001, 0.0000000E+000
 1.3380000E+004, 1.9085482E+001, 3.0437456E+001, 0.0000000E+000
 1.3400000E+004, 1.9034647E+001, 3.0352924E+001, 0.0000000E+000
 1.3410000E+004, 1.9009283E+001, 3.0310753E+001, 0.0000000E+000
 1.3430000E+004, 1.8958660E+001, 3.0226601E+001, 0.0000000E+000
 1.3450000E+004, 1.8908176E+001, 3.0142702E+001, 0.0000000E+000
 1.3470000E+004, 1.8857834E+001, 3.0059052E+001, 0.0000000E+000
 1.3490000E+004, 1.8807629E+001, 2.9975655E+001, 0.0000000E+000
 1.3500000E+004, 1.8782579E+001, 2.9934048E+001, 0.0000000E+000
 1.3520000E+004, 1.8732582E+001, 2.9851023E+001, 0.0000000E+000
 1.3540000E+004, 1.8682724E+001, 2.9768248E+001, 0.0000000E+000
 1.3560000E+004, 1.8633003E+001, 2.9685719E+001, 0.0000000E+000
 1.3580000E+004, 1.8583422E+001, 2.9603436E+001, 0.0000000E+000
 1.3590000E+004, 1.8558681E+001, 2.9562386E+001, 0.0000000E+000
 1.3610000E+004, 1.8509302E+001, 2.9480471E+001, 0.0000000E+000
 1.3630000E+004, 1.8460062E+001, 2.9398802E+001, 0.0000000E+000
 1.3650000E+004, 1.8410955E+001, 2.9317375E+001, 0.0000000E+000
 1.3670000E+004, 1.8361986E+001, 2.9236191E+001, 0.0000000E+000
 1.3680000E+004, 1.8337553E+001, 2.9195690E+001, 0.0000000E+000
 1.3700000E+004, 1.8288786E+001, 2.9114868E+001, 0.0000000E+000
 1.3720000E+004, 1.8240152E+001, 2.9034288E+001, 0.0000000E+000
 1.3740000E+004, 1.8191654E+001, 2.8953947E+001, 0.0000000E+000
 1.3760000E+004, 1.8143290E+001, 2.8873846E+001, 0.0000000E+000
 1.3770000E+004, 1.8119158E+001, 2.8833885E+001, 0.0000000E+000
 1.3790000E+004, 1.8070992E+001, 2.8754141E+001, 0.0000000E+000
 1.3810000E+004, 1.8022961E+001, 2.8674633E+001, 0.0000000E+000
 1.3830000E+004, 1.7975061E+001, 2.8595364E+001, 0.0000000E+000
 1.3850000E+004, 1.7927294E+001, 2.8516327E+001, 0.0000000E+000
 1.3860000E+004, 1.7903460E+001, 2.8476898E+001, 0.0000000E+000
 1.3880000E+004, 1.7855888E+001, 2.8398214E+001, 0.0000000E+000
 1.3900000E+004, 1.7808449E+001, 2.8319765E+001, 0.0000000E+000
 1.3920000E+004, 1.7761141E+001, 2.8241549E+001, 0.0000000E+000
 1.3940000E+004, 1.7713963E+001, 2.8163563E+001, 0.0000000E+000
 1.3950000E+004, 1.7690422E+001, 2.8124657E+001, 0.0000000E+000
 1.3970000E+004, 1.7643438E+001, 2.8047018E+001, 0.0000000E+000
 1.3990000E+004, 1.7596584E+001, 2.7969610E+001, 0.0000000E+000
 1.4010000E+004, 1.7549860E+001, 2.7892431E+001, 0.0000000E+000
 1.4030000E+004, 1.7503263E+001, 2.7815481E+001, 0.0000000E+000
 1.4040000E+004, 1.7480013E+001, 2.7777090E+001, 0.0000000E+000
 1.4060000E+004, 1.7433609E+001, 2.7700481E+001, 0.0000000E+000
 1.4080000E+004, 1.7387331E+001, 2.7624100E+001, 0.0000000E+000
 1.4100000E+004, 1.7341183E+001, 2.7547943E+001, 0.0000000E+000
 1.4120000E+004, 1.7295158E+001, 2.7472012E+001, 0.0000000E+000
 1.4130000E+004, 1.7272196E+001, 2.7434130E+001, 0.0000000E+000
 1.4150000E+004, 1.7226362E+001, 2.7358534E+001, 0.0000000E+000
 1.4170000E+004, 1.7180655E+001, 2.7283163E+001, 0.0000000E+000
 1.4190000E+004, 1.7135075E+001, 2.7208014E+001, 0.0000000E+000
 1.4210000E+004, 1.7089617E+001, 2.7133085E+001, 0.0000000E+000
 1.4220000E+004, 1.7066936E+001, 2.7095705E+001, 0.0000000E+000
 1.4240000E+004, 1.7021667E+001, 2.7021109E+001, 0.0000000E+000
 1.4260000E+004, 1.6976522E+001, 2.6946733E+001, 0.0000000E+000
 1.4280000E+004, 1.6931501E+001, 2.6872576E+001, 0.0000000E+000
 1.4300000E+004, 1.6886604E+001, 2.6798637E+001, 0.0000000E+000
 1.4310000E+004, 1.6864202E+001, 2.6761751E+001, 0.0000000E+000
 1.4330000E+004, 1.6819490E+001, 2.6688139E+001, 0.0000000E+000
 1.4350000E+004, 1.6774900E+001, 2.6614744E+001, 0.0000000E+000
 1.4370000E+004, 1.6730433E+001, 2.6541565E+001, 0.0000000E+000
 1.4390000E+004, 1.6686087E+001, 2.6468599E+001, 0.0000000E+000
 1.4400000E+004, 1.6663960E+001, 2.6432199E+001, 0.0000000E+000
 1.4420000E+004, 1.6619797E+001, 2.6359556E+001, 0.0000000E+000
 1.4440000E+004, 1.6575756E+001, 2.6287128E+001, 0.0000000E+000
 1.4460000E+004, 1.6531834E+001, 2.6214912E+001, 0.0000000E+000
 1.4480000E+004, 1.6488033E+001, 2.6142908E+001, 0.0000000E+000
 1.4490000E+004, 1.6466177E+001, 2.6106985E+001, 0.0000000E+000
 1.4510000E+004, 1.6422556E+001, 2.6035299E+001, 0.0000000E+000
 1.4530000E+004, 1.6379055E+001, 2.5963821E+001, 0.0000000E+000
 1.4550000E+004, 1.6335672E+001, 2.5892555E+001, 0.0000000E+000
 1.4570000E+004, 1.6292410E+001, 2.5821497E+001, 0.0000000E+000
 1.4580000E+004, 1.6270823E+001, 2.5786047E+001, 0.0000000E+000
 1.4600000E+004, 1.6227737E+001, 2.5715302E+001, 0.0000000E+000
 1.4620000E+004, 1.6184769E+001, 2.5644764E+001, 0.0000000E+000
 1.4640000E+004, 1.6141918E+001, 2.5574432E+001, 0.0000000E+000
 1.4660000E+004, 1.6099186E+001, 2.5504307E+001, 0.0000000E+000
 1.4670000E+004, 1.6077864E+001, 2.5469320E+001, 0.0000000E+000
 1.4690000E+004, 1.6035305E+001, 2.5399502E+001, 0.0000000E+000
 1.4710000E+004, 1.5992865E+001, 2.5329889E+001, 0.0000000E+000
 1.4730000E+004, 1.5950540E+001, 2.5260479E+001, 0.0000000E+000
 1.4750000E+004, 1.5908331E+001, 2.5191271E+001, 0.0000000E+000
 1.4760000E+004, 1.5887269E+001, 2.5156744E+001, 0.0000000E+000
 1.4780000E+004, 1.5845233E+001, 2.5087839E+001, 0.0000000E+000
 1.4800000E+004, 1.5803311E+001, 2.5019136E+001, 0.0000000E+000
 1.4820000E+004, 1.5761505E+001, 2.4950634E+001, 0.0000000E+000
 1.4840000E+004, 1.5719812E+001, 2.4882334E+001, 0.0000000E+000
 1.4850000E+004, 1.5699009E+001, 2.4848257E+001, 0.0000000E+000
 1.4870000E+004, 1.5657487E+001, 2.4780252E+001, 0.0000000E+000
 1.4890000E+004, 1.5616078E+001, 2.4712448E+001, 0.0000000E+000
 1.4910000E+004, 1.5574783E+001, 2.4644842E+001, 0.0000000E+000
 1.4930000E+004, 1.5533602E+001, 2.4577431E+001, 0.0000000E+000
 1.4940000E+004, 1.5513052E+001, 2.4543800E+001, 0.0000000E+000
 1.4960000E+004, 1.5472038E+001, 2.4476685E+001, 0.0000000E+000
 1.4980000E+004, 1.5431137E+001, 2.4409763E+001, 0.0000000E+000
 1.5000000E+004, 1.5390347E+001, 2.4343039E+001, 0.0000000E+000
 1.5020000E+004, 1.5349668E+001, 2.4276506E+001, 0.0000000E+000
 1.5030000E+004, 1.5329370E+001, 2.4243315E+001, 0.0000000E+000
 1.5050000E+004, 1.5288857E+001, 2.4177073E+001, 0.0000000E+000
 1.5070000E+004, 1.5248455E+001, 2.4111025E+001, 0.0000000E+000
 1.5090000E+004, 1.5208163E+001, 2.4045168E+001, 0.0000000E+000
 1.5110000E+004, 1.5167982E+001, 2.3979504E+001, 0.0000000E+000
 1.5120000E+004, 1.5147932E+001, 2.3946743E+001, 0.0000000E+000
 1.5140000E+004, 1.5107914E+001, 2.3881365E+001, 0.0000000E+000
 1.5160000E+004, 1.5068006E+001, 2.3816175E+001, 0.0000000E+000
 1.5180000E+004, 1.5028206E+001, 2.3751175E+001, 0.0000000E+000
 1.5200000E+004, 1.4988515E+001, 2.3686363E+001, 0.0000000E+000
 1.5210000E+004, 1.4968710E+001, 2.3654028E+001, 0.0000000E+000
 1.5230000E+004, 1.4929181E+001, 2.3589499E+001, 0.0000000E+000
 1.5250000E+004, 1.4889759E+001, 2.3525158E+001, 0.0000000E+000
 1.5270000E+004, 1.4850445E+001, 2.3461002E+001, 0.0000000E+000
 1.5290000E+004, 1.4811238E+001, 2.3397032E+001, 0.0000000E+000
 1.5300000E+004, 1.4791675E+001, 2.3365116E+001, 0.0000000E+000
 1.5320000E+004, 1.4752627E+001, 2.3301424E+001, 0.0000000E+000
 1.5340000E+004, 1.4713687E+001, 2.3237917E+001, 0.0000000E+000
 1.5360000E+004, 1.4674852E+001, 2.3174593E+001, 0.0000000E+000
 1.5380000E+004, 1.4636124E+001, 2.3111452E+001, 0.0000000E+000
 1.5390000E+004, 1.4616798E+001, 2.3079950E+001, 0.0000000E+000
 1.5410000E+004, 1.4578227E+001, 2.3017084E+001, 0.0000000E+000
 1.5430000E+004, 1.4539762E+001, 2.2954399E+001, 0.0000000E+000
 1.5450000E+004, 1.4501400E+001, 2.2891895E+001, 0.0000000E+000
 1.5470000E+004, 1.4463142E+001, 2.2829573E+001, 0.0000000E+000
 1.5480000E+004, 1.4444053E+001, 2.2798479E+001, 0.0000000E+000
 1.5500000E+004, 1.4405951E+001, 2.2736425E+001, 0.0000000E+000
 1.5520000E+004, 1.4367954E+001, 2.2674551E+001, 0.0000000E+000
 1.5540000E+004, 1.4330060E+001, 2.2612856E+001, 0.0000000E+000
 1.5560000E+004, 1.4292269E+001, 2.2551338E+001, 0.0000000E+000
 1.5570000E+004, 1.4273412E+001, 2.2520647E+001, 0.0000000E+000
 1.5590000E+004, 1.4235774E+001, 2.2459396E+001, 0.0000000E+000
 1.5610000E+004, 1.4198239E+001, 2.2398321E+001, 0.0000000E+000
 1.5630000E+004, 1.4160806E+001, 2.2337421E+001, 0.0000000E+000
 1.5650000E+004, 1.4123474E+001, 2.2276699E+001, 0.0000000E+000
 1.5660000E+004, 1.4104847E+001, 2.2246403E+001, 0.0000000E+000
 1.5680000E+004, 1.4067667E+001, 2.2185942E+001, 0.0000000E+000
 1.5700000E+004, 1.4030589E+001, 2.2125656E+001, 0.0000000E+000
 1.5720000E+004, 1.3993610E+001, 2.2065542E+001, 0.0000000E+000
 1.5740000E+004, 1.3956734E+001, 2.2005602E+001, 0.0000000E+000
 1.5750000E+004, 1.3938332E+001, 2.1975697E+001, 0.0000000E+000
 1.5770000E+004, 1.3901605E+001, 2.1916016E+001, 0.0000000E+000
 1.5790000E+004, 1.3864977E+001, 2.1856504E+001, 0.0000000E+000
 1.5810000E+004, 1.3828448E+001, 2.1797167E+001, 0.0000000E+000
 1.5830000E+004, 1.3792019E+001, 2.1737997E+001, 0.0000000E+000
 1.5840000E+004, 1.3773841E+001, 2.1708477E+001, 0.0000000E+000
 1.5860000E+004, 1.3737559E+001, 2.1649563E+001, 0.0000000E+000
 1.5880000E+004, 1.3701377E+001, 2.1590818E+001, 0.0000000E+000
 1.5900000E+004, 1.3665292E+001, 2.1532244E+001, 0.0000000E+000
 1.5920000E+004, 1.3629305E+001, 2.1473835E+001, 0.0000000E+000
 1.5930000E+004, 1.3611348E+001, 2.1444695E+001, 0.0000000E+000
 1.5950000E+004, 1.3575507E+001, 2.1386538E+001, 0.0000000E+000
 1.5970000E+004, 1.3539763E+001, 2.1328548E+001, 0.0000000E+000
 1.5990000E+004, 1.3504117E+001, 2.1270725E+001, 0.0000000E+000
 1.6010000E+004, 1.3468566E+001, 2.1213068E+001, 0.0000000E+000
 1.6020000E+004, 1.3450828E+001, 2.1184301E+001, 0.0000000E+000
 1.6040000E+004, 1.3415421E+001, 2.1126890E+001, 0.0000000E+000
 1.6060000E+004, 1.3380112E+001, 2.1069645E+001, 0.0000000E+000
 1.6080000E+004, 1.3344897E+001, 2.1012564E+001, 0.0000000E+000
 1.6100000E+004, 1.3309778E+001, 2.0955647E+001, 0.0000000E+000
 1.6110000E+004, 1.3292253E+001, 2.0927248E+001, 0.0000000E+000
 1.6130000E+004, 1.3257277E+001, 2.0870573E+001, 0.0000000E+000
 1.6150000E+004, 1.3222395E+001, 2.0814062E+001, 0.0000000E+000
 1.6170000E+004, 1.3187608E+001, 2.0757711E+001, 0.0000000E+000
 1.6190000E+004, 1.3152914E+001, 2.0701523E+001, 0.0000000E+000
 1.6200000E+004, 1.3135603E+001, 2.0673489E+001, 0.0000000E+000
 1.6220000E+004, 1.3101050E+001, 2.0617540E+001, 0.0000000E+000
 1.6240000E+004, 1.3066590E+001, 2.0561752E+001, 0.0000000E+000
 1.6260000E+004, 1.3032225E+001, 2.0506123E+001, 0.0000000E+000
 1.6280000E+004, 1.2997952E+001, 2.0450653E+001, 0.0000000E+000
 1.6290000E+004, 1.2980849E+001, 2.0422976E+001, 0.0000000E+000
 1.6310000E+004, 1.2946715E+001, 2.0367743E+001, 0.0000000E+000
 1.6330000E+004, 1.2912673E+001, 2.0312668E+001, 0.0000000E+000
 1.6350000E+004, 1.2878723E+001, 2.0257750E+001, 0.0000000E+000
 1.6370000E+004, 1.2844865E+001, 2.0202988E+001, 0.0000000E+000
 1.6380000E+004, 1.2827970E+001, 2.0175667E+001, 0.0000000E+000
 1.6400000E+004, 1.2794249E+001, 2.0121138E+001, 0.0000000E+000
 1.6420000E+004, 1.2760618E+001, 2.0066767E+001, 0.0000000E+000
 1.6440000E+004, 1.2727079E+001, 2.0012548E+001, 0.0000000E+000
 1.6460000E+004, 1.2693630E+001, 1.9958487E+001, 0.0000000E+000
 1.6470000E+004, 1.2676940E+001, 1.9931513E+001, 0.0000000E+000
 1.6490000E+004, 1.2643627E+001, 1.9877680E+001, 0.0000000E+000
 1.6510000E+004, 1.2610403E+001, 1.9824001E+001, 0.0000000E+000
 1.6530000E+004, 1.2577270E+001, 1.9770475E+001, 0.0000000E+000
 1.6550000E+004, 1.2544226E+001, 1.9717102E+001, 0.0000000E+000
 1.6560000E+004, 1.2527737E+001, 1.9690472E+001, 0.0000000E+000
 1.6580000E+004, 1.2494826E+001, 1.9637325E+001, 0.0000000E+000
 1.6600000E+004, 1.2462005E+001, 1.9584330E+001, 0.0000000E+000
 1.6620000E+004, 1.2429272E+001, 1.9531487E+001, 0.0000000E+000
 1.6640000E+004, 1.2396626E+001, 1.9478792E+001, 0.0000000E+000
 1.6650000E+004, 1.2380337E+001, 1.9452499E+001, 0.0000000E+000
 1.6670000E+004, 1.2347824E+001, 1.9400030E+001, 0.0000000E+000
 1.6690000E+004, 1.2315398E+001, 1.9347710E+001, 0.0000000E+000
 1.6710000E+004, 1.2283061E+001, 1.9295536E+001, 0.0000000E+000
 1.6730000E+004, 1.2250810E+001, 1.9243511E+001, 0.0000000E+000
 1.6740000E+004, 1.2234717E+001, 1.9217556E+001, 0.0000000E+000
 1.6760000E+004, 1.2202597E+001, 1.9165752E+001, 0.0000000E+000
 1.6780000E+004, 1.2170563E+001, 1.9114096E+001, 0.0000000E+000
 1.6800000E+004, 1.2138616E+001, 1.9062586E+001, 0.0000000E+000
 1.6820000E+004, 1.2106754E+001, 1.9011223E+001, 0.0000000E+000
 1.6830000E+004, 1.2090856E+001, 1.8985594E+001, 0.0000000E+000
 1.6850000E+004, 1.2059123E+001, 1.8934448E+001, 0.0000000E+000
 1.6870000E+004, 1.2027475E+001, 1.8883448E+001, 0.0000000E+000
 1.6890000E+004, 1.1995914E+001, 1.8832592E+001, 0.0000000E+000
 1.6910000E+004, 1.1964436E+001, 1.8781879E+001, 0.0000000E+000
 1.6920000E+004, 1.1948730E+001, 1.8756577E+001, 0.0000000E+000
 1.6940000E+004, 1.1917379E+001, 1.8706079E+001, 0.0000000E+000
 1.6960000E+004, 1.1886113E+001, 1.8655725E+001, 0.0000000E+000
 1.6980000E+004, 1.1854932E+001, 1.8605515E+001, 0.0000000E+000
 1.7000000E+004, 1.1823834E+001, 1.8555445E+001, 0.0000000E+000
 1.7010000E+004, 1.1808316E+001, 1.8530462E+001, 0.0000000E+000
 1.7030000E+004, 1.1777345E+001, 1.8480604E+001, 0.0000000E+000
 1.7050000E+004, 1.1746455E+001, 1.8430887E+001, 0.0000000E+000
 1.7070000E+004, 1.1715650E+001, 1.8381311E+001, 0.0000000E+000
 1.7090000E+004, 1.1684927E+001, 1.8331875E+001, 0.0000000E+000
 1.7100000E+004, 1.1669597E+001, 1.8307209E+001, 0.0000000E+000
 1.7120000E+004, 1.1638997E+001, 1.8257982E+001, 0.0000000E+000
 1.7140000E+004, 1.1608480E+001, 1.8208895E+001, 0.0000000E+000
 1.7160000E+004, 1.1578046E+001, 1.8159945E+001, 0.0000000E+000
 1.7180000E+004, 1.1547692E+001, 1.8111134E+001, 0.0000000E+000
 1.7190000E+004, 1.1532546E+001, 1.8086781E+001, 0.0000000E+000
 1.7210000E+004, 1.1502316E+001, 1.8038176E+001, 0.0000000E+000
 1.7230000E+004, 1.1472166E+001, 1.7989706E+001, 0.0000000E+000
 1.7250000E+004, 1.1442098E+001, 1.7941376E+001, 0.0000000E+000
 1.7270000E+004, 1.1412110E+001, 1.7893181E+001, 0.0000000E+000
 1.7280000E+004, 1.1397146E+001, 1.7869133E+001, 0.0000000E+000
 1.7300000E+004, 1.1367279E+001, 1.7821142E+001, 0.0000000E+000
 1.7320000E+004, 1.1337493E+001, 1.7773287E+001, 0.0000000E+000
 1.7340000E+004, 1.1307786E+001, 1.7725565E+001, 0.0000000E+000
 1.7360000E+004, 1.1278159E+001, 1.7677977E+001, 0.0000000E+000
 1.7370000E+004, 1.1263375E+001, 1.7654234E+001, 0.0000000E+000
 1.7390000E+004, 1.1233868E+001, 1.7606848E+001, 0.0000000E+000
 1.7410000E+004, 1.1204439E+001, 1.7559593E+001, 0.0000000E+000
 1.7430000E+004, 1.1175089E+001, 1.7512474E+001, 0.0000000E+000
 1.7450000E+004, 1.1145819E+001, 1.7465487E+001, 0.0000000E+000
 1.7460000E+004, 1.1131212E+001, 1.7442041E+001, 0.0000000E+000
 1.7480000E+004, 1.1102059E+001, 1.7395252E+001, 0.0000000E+000
 1.7500000E+004, 1.1072985E+001, 1.7348593E+001, 0.0000000E+000
 1.7520000E+004, 1.1043987E+001, 1.7302067E+001, 0.0000000E+000
 1.7540000E+004, 1.1015068E+001, 1.7255671E+001, 0.0000000E+000
 1.7550000E+004, 1.1000638E+001, 1.7232521E+001, 0.0000000E+000
 1.7570000E+004, 1.0971835E+001, 1.7186319E+001, 0.0000000E+000
 1.7590000E+004, 1.0943110E+001, 1.7140247E+001, 0.0000000E+000
 1.7610000E+004, 1.0914461E+001, 1.7094307E+001, 0.0000000E+000
 1.7630000E+004, 1.0885889E+001, 1.7048492E+001, 0.0000000E+000
 1.7640000E+004, 1.0871632E+001, 1.7025635E+001, 0.0000000E+000
 1.7660000E+004, 1.0843175E+001, 1.6980015E+001, 0.0000000E+000
 1.7680000E+004, 1.0814794E+001, 1.6934521E+001, 0.0000000E+000
 1.7700000E+004, 1.0786489E+001, 1.6889156E+001, 0.0000000E+000
 1.7720000E+004, 1.0758261E+001, 1.6843918E+001, 0.0000000E+000
 1.7730000E+004, 1.0744174E+001, 1.6821346E+001, 0.0000000E+000
 1.7750000E+004, 1.0716059E+001, 1.6776299E+001, 0.0000000E+000
 1.7770000E+004, 1.0688019E+001, 1.6731377E+001, 0.0000000E+000
 1.7790000E+004, 1.0660053E+001, 1.6686581E+001, 0.0000000E+000
 1.7810000E+004, 1.0632163E+001, 1.6641911E+001, 0.0000000E+000
 1.7820000E+004, 1.0618246E+001, 1.6619623E+001, 0.0000000E+000
 1.7840000E+004, 1.0590467E+001, 1.6575140E+001, 0.0000000E+000
 1.7860000E+004, 1.0562764E+001, 1.6530781E+001, 0.0000000E+000
 1.7880000E+004, 1.0535134E+001, 1.6486547E+001, 0.0000000E+000
 1.7900000E+004, 1.0507578E+001, 1.6442436E+001, 0.0000000E+000
 1.7910000E+004, 1.0493828E+001, 1.6420427E+001, 0.0000000E+000
 1.7930000E+004, 1.0466383E+001, 1.6376501E+001, 0.0000000E+000
 1.7950000E+004, 1.0439011E+001, 1.6332699E+001, 0.0000000E+000
 1.7970000E+004, 1.0411712E+001, 1.6289019E+001, 0.0000000E+000
 1.7990000E+004, 1.0384486E+001, 1.6245459E+001, 0.0000000E+000
 1.8000000E+004, 1.0370901E+001, 1.6223726E+001, 0.0000000E+000
